old_name,preferred_name,ra,dec,Simbad,TMASS,GaiaDR2,NameFHK
GDR1 2067069937403328128,FHK 548,312.13694,44.1999,2MASS J20483286+4411596,2MASS J20483286+4411596,Gaia DR2 2067069941690420992,FHK 548
GDR1 2067026815919131392,FHK 547,312.14774,43.88704,2MASS J20483546+4353133,2MASS J20483546+4353133,Gaia DR2 2067026820218564736,FHK 547
GDR2 2067027228235955584,FHK 546,312.21539,43.85038,2MASS J20485169+4351014,2MASS J20485169+4351014,Gaia DR2 2067027228235955584,FHK 546
GDR1 2067026953358039552,FHK 545,312.2408,43.83197,2MASS J20485779+4349550,2MASS J20485779+4349550,Gaia DR2 2067026957657468800,FHK 545
GDR1 2067067807089176192,FHK 2,312.29906,44.209140000000005,2MASS J20491176+4412329,2MASS J20491176+4412329,Gaia DR2 2067067811386540928,FHK 2
GDR1 2067074301079809408,FHK 6,312.38411,44.28419,2MASS J20493219+4417031,2MASS J20493219+4417031,Gaia DR2 2067074305377614720,FHK 6
FHK 8,FHK 8,312.52521,44.29694,2MASS J20500604+4417489,2MASS J20500604+4417489,Gaia DR2 2067063447700277504,FHK 8
GDR1 2067061691055800448,FHK 9,312.5413,44.2559,2MASS J20500991+4415212,2MASS J20500991+4415212,Gaia DR2 2067061691055800448,FHK 9
GDR1 2163140968460295680,FHK 11,312.61548999999997,44.39139,2MASS J20502771+4423290,2MASS J20502771+4423290,Gaia DR2 2163140972760521472,FHK 11
GDR1 2163141208978477312,FHK 12,312.63467,44.438179999999996,2MASS J20503232+4426174,2MASS J20503232+4426174,Gaia DR2 2163141213278695552,FHK 12
GDR1 2067062618768745728,LkHA  136,312.63779,44.26075,EM* LkHA  136,2MASS J20503307+4415387,Gaia DR2 2067062623066543232,FHK 13
FHK 15,LkHA  138,312.65413,44.34717,EM* LkHA  138,2MASS J20503699+4420498,Gaia DR2 2163139941968363136,FHK 15
GDR1 2067062824937136000,LkHA  137,312.65435,44.30684,EM* LkHA  137A,2MASS J20503703+4418247,Gaia DR2 2067062829225120384,FHK 16
GDR1 2163139937669407872,FHK 526,312.65575,44.34806,2MASS J20503738+4420531,2MASS J20503738+4420531,Gaia DR2 2163139941968363520,FHK 526
GDR1 2163155055959979392,LkHA  139,312.66785,44.51359,EM* LkHA  139,2MASS J20504029+4430490,Gaia DR2 2163155060253217024,FHK 19
GDR1 2163139873247408384,FHK 20,312.66853,44.33934,2MASS J20504045+4420217,2MASS J20504045+4420217,Gaia DR2 2163139873248885632,FHK 20
FHK 21,FHK 21,312.66882999999996,44.347390000000004,2MASS J20504053+4420506,2MASS J20504053+4420506,Gaia DR2 2163139907608625536,FHK 21
FHK 22,FHK 22,312.67838,44.36531,Gaia DR2 2163140010687843712,2MASS J20504280+4421554,Gaia DR2 2163140010687843712,FHK 22
GDR1 2067059732550905600,FHK 23,312.68136,44.264359999999996,2MASS J20504353+4415518,2MASS J20504353+4415518,Gaia DR2 2067059736848665472,FHK 23
FHK 26,FHK 26,312.692,44.31944,2MASS J20504608+4419100,2MASS J20504608+4419100,Gaia DR2 2163139594070911360,FHK 26
FHK 28,FHK 28,312.69588,44.291470000000004,Gaia DR2 2067059839927881856,2MASS J20504697+4417292,Gaia DR2 2067059839927881856,FHK 28
GDR1 2163155227752761088,FHK 29,312.70038999999997,44.560159999999996,2MASS J20504810+4433367,2MASS J20504810+4433367,Gaia DR2 2163155232051910144,FHK 29
GDR1 2163139804527939968,FHK 30,312.70243,44.35125,2MASS J20504858+4421045,2MASS J20504858+4421045,Gaia DR2 2163139804527939968,FHK 30
FHK 524,FHK 524,312.7025,44.28433,Gaia DR2 2067059771205113600,2MASS J20504858+4417033,Gaia DR2 2067059771205113600,FHK 524
GDR2 2163139804529410944,FHK 31,312.70288999999997,44.34812,2MASS J20504870+4420532,2MASS J20504870+4420532,Gaia DR2 2163139804529410944,FHK 31
FHK 32,FHK 32,312.70329,44.323170000000005,2MASS J20504880+4419233,2MASS J20504880+4419233,Gaia DR2 2163139632730716160,FHK 32
2MASS J20505039+4450115,FHK 33,312.70997,44.83654,ATO J312.7099+44.8365,2MASS J20505039+4450115,Gaia DR2 2163167051801848192,FHK 33
GDR1 2163136364255498624,LkHA  141,312.71903,44.278890000000004,EM* LkHA  141,2MASS J20505257+4416441,Gaia DR2 2163136368555566848,FHK 34
FHK 35,FHK 35,312.72154,44.39822,2MASS J20505317+4423535,2MASS J20505317+4423535,Gaia DR2 2163140457362989952,FHK 35
FHK 36,V1490 Cyg,312.72325,44.35025,V* V1490 Cyg,2MASS J20505357+4421008,Gaia DR2 2163139770169674112,FHK 36
2MASS J20505363+4424305,FHK 37,312.72346,44.40845,2MASS J20505363+4424305,2MASS J20505363+4424305,Gaia DR2 2163140560443665152,FHK 37
GDR1 2163156052385630336,FHK 39,312.7258,44.63561,2MASS J20505418+4438083,2MASS J20505418+4438083,Gaia DR2 2163156056685634944,FHK 39
FHK 40,FHK 40,312.72625,44.297940000000004,2MASS J20505429+4417526,2MASS J20505429+4417526,Gaia DR2 2163136609073737728,FHK 40
GDR1 2066855807501721472,FHK 544,312.72695,43.773270000000004,2MASS J20505446+4346238,2MASS J20505446+4346238,Gaia DR2 2066855811800892544,FHK 544
GDR1 2163140246906862080,FHK 41,312.72872,44.38284,2MASS J20505489+4422583,2MASS J20505489+4422583,Gaia DR2 2163140251206016640,FHK 41
2MASS J20505543+4417461,FHK 539,312.731,44.29609,2MASS J20505543+4417461,2MASS J20505543+4417461,Gaia DR2 2163136609073737600,FHK 539
FHK 43,LkHA  144,312.73171,44.297309999999996,EM* LkHA  144B,2MASS J20505563+4417502,Gaia DR2 2163136609072254848,FHK 43
FHK 44,FHK 44,312.73946,44.41272,Gaia DR2 2163140560442210688,2MASS J20505747+4424456,Gaia DR2 2163140560442210688,FHK 44
FHK 46,FHK 46,312.74313,44.242329999999995,2MASS J20505834+4414323,2MASS J20505834+4414323,Gaia DR2 2067058740416252416,FHK 46
FHK 48,LkHA  145,312.74458,44.29189,EM* LkHA  145,2MASS J20505870+4417308,Gaia DR2 2163136402915307136,FHK 48
GDR1 2163140281266601728,FHK 49,312.7448,44.38816,2MASS J20505875+4423174,2MASS J20505875+4423174,Gaia DR2 2163140281266601728,FHK 49
GDR1 2163136742213531520,FHK 50,312.74588,44.33174,2MASS J20505901+4419542,2MASS J20505901+4419542,Gaia DR2 2163136746512695424,FHK 50
GDR1 2163136746511218176,FHK 52,312.74784,44.3275,2MASS J20505948+4419390,2MASS J20505948+4419390,Gaia DR2 2163136746511218176,FHK 52
2MASS J20510029+4424364,FHK 54,312.75124,44.410090000000004,2MASS J20510029+4424364,2MASS J20510029+4424364,Gaia DR2 2163140384345825024,FHK 54
GDR1 2163143717240796032,V1701 Cyg,312.75372999999996,44.53047,V* V1701 Cyg,2MASS J20510089+4431497,Gaia DR2 2163143717240796032,FHK 55
GDR1 2163135573981345280,FHK 57,312.75611000000004,44.25956,2MASS J20510146+4415344,2MASS J20510146+4415344,Gaia DR2 2163135573981345280,FHK 57
GDR1 2163135573981345152,FHK 58,312.75654,44.26166,EM* LkHA  146,2MASS J20510157+4415420,Gaia DR2 2163135578281583744,FHK 58
GDR2 2163137120170654720,FHK 59,312.75896,44.33585,2MASS J20510217+4420091,2MASS J20510217+4420091,Gaia DR2 2163137120170654720,FHK 59
GDR1 2163140315626344064,FHK 61,312.76288999999997,44.40076,2MASS J20510310+4424028,2MASS J20510310+4424028,Gaia DR2 2163140315626344064,FHK 61
FHK 62,FHK 62,312.76358,44.15361,ATO J312.7635+44.1535,2MASS J20510325+4409129,Gaia DR2 2066870552128893696,FHK 62
GDR1 2163140315626346880,FHK 63,312.76389,44.40429,EM* LkHA  148,2MASS J20510333+4424155,Gaia DR2 2163140319925497088,FHK 63
GDR1 2163140315626343168,LkHA  149,312.76936,44.397240000000004,EM* LkHA  149,2MASS J20510465+4423501,Gaia DR2 2163140319925496192,FHK 65
FHK 500,FHK 500,312.77271,44.23314,2MASS J20510545+4413593,2MASS J20510545+4413593,Gaia DR2 2163135269043937280,FHK 500
GDR1 2163135677060562176,V1492 Cyg,312.77375,44.27562,V* V1492 Cyg,2MASS J20510570+4416322,Gaia DR2 2163135681360800384,FHK 66
GDR1 2163137360688842752,FHK 564,312.77463,44.39642,2MASS J20510591+4423472,2MASS J20510591+4423472,Gaia DR2 2163137360688842752,FHK 564
2MASS J20510895+4416420,FHK 69,312.7873,44.27831,2MASS J20510895+4416420,2MASS J20510895+4416420,Gaia DR2 2163135647001062528,FHK 69
GDR1 2163136123738466688,FHK 72,312.80037999999996,44.31324,2MASS J20511209+4418477,2MASS J20511209+4418477,Gaia DR2 2163136123738466688,FHK 72
2MASS J20511252+4418093,FHK 73,312.8022,44.30256,2MASS J20511252+4418093,2MASS J20511252+4418093,Gaia DR2 2163136093677664000,FHK 73
2MASS J20511262+4418454,FHK 558,312.80258,44.31261,UCAC4 672-086850,2MASS J20511262+4418454,Gaia DR2 2163136128037403264,FHK 558
FHK 75,FHK 75,312.80692,44.539609999999996,2MASS J20511367+4432225,2MASS J20511367+4432225,Gaia DR2 2163143618460327680,FHK 75
2MASS J20511455+4413379,FHK 77,312.81065,44.22718,2MASS J20511455+4413379,2MASS J20511455+4413379,Gaia DR2 2162947660570153088,FHK 77
GDR2 2163136059317926016,LkHA  150,312.81307000000004,44.30488,EM* LkHA  150,2MASS J20511513+4418176,Gaia DR2 2163136059317926016,FHK 78
FHK 79,LkHA  151,312.81517,44.24861,EM* LkHA  151,2MASS J20511562+4414552,Gaia DR2 2163135367832269824,FHK 79
GDR1 2163135367823138944,FHK 80,312.81694,44.25,2MASS J20511606+4415000,2MASS J20511606+4415000,Gaia DR2 2163135372123153408,FHK 80
GDR1 2163138601937119360,LkHA  152,312.81883999999997,44.38277,EM* LkHA  152,2MASS J20511652+4422580,Gaia DR2 2163138601938577024,FHK 81
FHK 82,FHK 82,312.82383,44.30831,2MASS J20511771+4418298,2MASS J20511771+4418298,Gaia DR2 2163136162397141504,FHK 82
GDR1 2162947591850664960,FHK 83,312.82599,44.21893,2MASS J20511824+4413082,2MASS J20511824+4413082,Gaia DR2 2162947596149035648,FHK 83
GDR1 2163136192456870016,FHK 84,312.83106000000004,44.32515,2MASS J20511945+4419306,2MASS J20511945+4419306,Gaia DR2 2163136192456870016,FHK 84
GDR1 2163138597639123456,FHK 85,312.83268,44.38512,2MASS J20511985+4423065,2MASS J20511985+4423065,Gaia DR2 2163138601938577664,FHK 85
2MASS J20512059+4420322,FHK 557,312.83581000000004,44.342290000000006,2MASS J20512059+4420322,2MASS J20512059+4420322,Gaia DR2 2163137742945112960,FHK 557
FHK 86,LkHA  153,312.83742,44.43878,EM* LkHA  153,2MASS J20512099+4426196,Gaia DR2 2163139323493015936,FHK 86
GDR1 2163137738645105280,LkHA  154,312.84446,44.3521,EM* LkHA  154,2MASS J20512267+4421077,Gaia DR2 2163137742945115136,FHK 89
GDR1 2163148768121199360,FHK 90,312.84503,44.56183,2MASS J20512281+4433426,2MASS J20512281+4433426,Gaia DR2 2163148772421081728,FHK 90
GDR1 2162948107246789120,FHK 91,312.84837000000005,44.26181,2MASS J20512360+4415425,2MASS J20512360+4415425,Gaia DR2 2162948107246789120,FHK 91
GDR1 2163149661474923520,FHK 93,312.84866,44.58958,2MASS J20512369+4435226,2MASS J20512369+4435226,Gaia DR2 2163149665774282368,FHK 93
GDR1 2162947420052773760,FHK 96,312.85172,44.21784,2MASS J20512441+4413043,2MASS J20512441+4413043,Gaia DR2 2162947424350344448,FHK 96
FHK 98,FHK 98,312.853,44.305170000000004,Gaia DR2 2163135990598449920,2MASS J20512470+4418187,Gaia DR2 2163135990598449920,FHK 98
FHK 101,FHK 101,312.86057999999997,44.608000000000004,2MASS J20512654+4436287,2MASS J20512654+4436287,Gaia DR2 2163150043731405824,FHK 101
GDR1 2162947798009095808,LkHA  156,312.86245,44.22094,EM* LkHA  156,2MASS J20512698+4413154,Gaia DR2 2162947798009095808,FHK 103
GDR1 2163139151692568576,FHK 104,312.86852000000005,44.43362,2MASS J20512845+4426011,2MASS J20512845+4426011,Gaia DR2 2163139151692568576,FHK 104
GDR1 2162948141606527616,FHK 105,312.86908999999997,44.26254,2MASS J20512855+4415454,2MASS J20512855+4415454,Gaia DR2 2162948141606527616,FHK 105
GDR1 2163148596322501760,FHK 107,312.87368,44.538790000000006,2MASS J20512969+4432197,2MASS J20512969+4432197,Gaia DR2 2163148600622382592,FHK 107
GDR1 2162946080022052992,FHK 109,312.87875,44.11651,2MASS J20513089+4406594,2MASS J20513089+4406594,Gaia DR2 2162946084320007552,FHK 109
GDR1 2162947729289614848,FHK 110,312.88187999999997,44.217,2MASS J20513164+4413013,2MASS J20513164+4413013,Gaia DR2 2162947729289614848,FHK 110
GDR1 2163138288400926464,LkHA  157,312.8866,44.39665,EM* LkHA  157,2MASS J20513278+4423480,Gaia DR2 2163138292700849920,FHK 113
GDR1 2163149317877028224,FHK 114,312.888,44.61655,2MASS J20513312+4436596,2MASS J20513312+4436596,Gaia DR2 2163149322176897792,FHK 114
FHK 115,LkHA  158,312.88908,44.44358,EM* LkHA  158,2MASS J20513338+4426370,Gaia DR2 2163139186054055680,FHK 115
GDR1 2163149214797802752,FHK 116,312.88917000000004,44.58175,2MASS J20513340+4434543,2MASS J20513340+4434543,Gaia DR2 2163149219097677568,FHK 116
GDR1 2162946526698717056,FHK 117,312.89043,44.17069,2MASS J20513370+4410145,2MASS J20513370+4410145,Gaia DR2 2162946526698717056,FHK 117
FHK 123,FHK 123,312.91107999999997,44.06139,2MASS J20513865+4403409,2MASS J20513865+4403409,Gaia DR2 2066866051003142528,FHK 123
GDR1 2163138361418522624,FHK 124,312.91355,44.407790000000006,2MASS J20513925+4424281,2MASS J20513925+4424281,Gaia DR2 2163138361420323840,FHK 124
GDR1 2163145984982389632,LkHA  159,312.91651,44.55395,EM* LkHA  159,2MASS J20513996+4433143,Gaia DR2 2163145989282263936,FHK 125
GDR1 2162949378557095680,LkHA  160,312.92257,44.25196,EM* LkHA  160,2MASS J20514141+4415071,Gaia DR2 2162949382855434496,FHK 128
GDR1 2162949378557115136,LkHA  161,312.92464,44.26893,EM* LkHA  161,2MASS J20514191+4416082,Gaia DR2 2162949382855436928,FHK 129
FHK 130,LkHA  162,312.92542000000003,44.64908,EM* LkHA  162,2MASS J20514210+4438567,Gaia DR2 2163150937084600320,FHK 130
FHK 134,FHK 134,312.93817,43.81731,2MASS J20514515+4349024,2MASS J20514515+4349024,Gaia DR2 2066849730127126784,FHK 134
GDR1 2163144473153865856,FHK 135,312.94165,44.476459999999996,2MASS J20514599+4428353,2MASS J20514599+4428353,Gaia DR2 2163144477453762176,FHK 135
FHK 137,FHK 137,312.94396,44.37258,ATO J312.9439+44.3725,2MASS J20514654+4422212,Gaia DR2 2162950413647417728,FHK 137
FHK 138,FHK 138,312.94757999999996,44.53561,2MASS J20514742+4432082,2MASS J20514742+4432082,Gaia DR2 2163145744464215168,FHK 138
FHK 543,FHK 543,312.94912,43.71083,ATO J312.9491+43.7108,2MASS J20514778+4342390,Gaia DR2 2066845881836379776,FHK 543
GDR1 2162942918926094208,FHK 139,312.95231,44.08878,2MASS J20514855+4405196,2MASS J20514855+4405196,Gaia DR2 2162942923224076288,FHK 139
GDR1 2163138116611233408,FHK 140,312.95319,44.3947,2MASS J20514876+4423410,2MASS J20514876+4423410,Gaia DR2 2163138120902147584,FHK 140
GDR1 2162946767216898432,FHK 141,312.95358999999996,44.18408,2MASS J20514886+4411027,2MASS J20514886+4411027,Gaia DR2 2162946771515314048,FHK 141
2MASS J20515226+4418213,FHK 144,312.96775,44.30592,2MASS J20515226+4418213,2MASS J20515226+4418213,Gaia DR2 2162949928312976512,FHK 144
GDR1 2162948691363126144,FHK 145,312.97042000000005,44.26595,2MASS J20515289+4415574,2MASS J20515289+4415574,Gaia DR2 2162948695660669824,FHK 145
FHK 146,FHK 146,312.98208,44.564640000000004,2MASS J20515568+4433526,2MASS J20515568+4433526,Gaia DR2 2163145881903176320,FHK 146
GDR1 2162941716335179008,FHK 147,312.98843,44.03779,2MASS J20515722+4402161,2MASS J20515722+4402161,Gaia DR2 2162941716335179008,FHK 147
GDR2 2162948455142499968,LkHA  163,312.99437,44.24909,EM* LkHA  163,2MASS J20515864+4414568,Gaia DR2 2162948455142499968,FHK 151
GDR1 2163144851111005056,FHK 152,312.99458,44.50758,2MASS J20515869+4430273,2MASS J20515869+4430273,Gaia DR2 2163144855410880640,FHK 152
FHK 153,LkHA  164,312.99662,44.42881,EM* LkHA  164,2MASS J20515921+4425439,Gaia DR2 2162956460961372928,FHK 153
FHK 155,FHK 155,312.99754,44.272859999999994,2MASS J20515942+4416221,2MASS J20515942+4416221,Gaia DR2 2162948897520781824,FHK 155
GDR1 2162949309837722880,FHK 156,313.00072,44.33305,2MASS J20520017+4419590,2MASS J20520017+4419590,Gaia DR2 2162949314135760640,FHK 156
GDR1 2163144644952565120,LkHA  165,313.00412,44.47817,EM* LkHA  165,2MASS J20520099+4428413,Gaia DR2 2163144644952565120,FHK 157
GDR1 2163144541882323584,FHK 160,313.01114,44.458,2MASS J20520267+4427287,2MASS J20520267+4427287,Gaia DR2 2163144546173223040,FHK 160
GDR1 2163144576233088640,FHK 162,313.0153,44.47723,2MASS J20520366+4428379,2MASS J20520366+4428379,Gaia DR2 2163144576233088640,FHK 162
FHK 163,FHK 163,313.01932999999997,44.62511,EM* LkHA  167,2MASS J20520462+4437304,Gaia DR2 2163147741628918144,FHK 163
FHK 165,LkHA  168,313.02521,44.28778,EM* LkHA  168,2MASS J20520604+4417160,Gaia DR2 2162948867459145856,FHK 165
GDR1 2162956903341232128,FHK 166,313.028,44.46539,2MASS J20520672+4427553,2MASS J20520672+4427553,Gaia DR2 2162956907637974528,FHK 166
GDR1 2162955185352996096,FHK 175,313.0539,44.34817,2MASS J20521294+4420534,2MASS J20521294+4420534,Gaia DR2 2162955189651014656,FHK 175
GDR1 2066844954118735744,FHK 177,313.05654,43.67747,2MASS J20521358+4340389,2MASS J20521358+4340389,Gaia DR2 2066844954123398912,FHK 177
GDR1 2066790146043148928,FHK 180,313.06309,43.50207,2MASS J20521514+4330074,2MASS J20521514+4330074,Gaia DR2 2066790150340632960,FHK 180
FHK 179,FHK 179,313.06312,44.28908,2MASS J20521513+4417204,2MASS J20521513+4417204,Gaia DR2 2162946049957787392,FHK 179
FHK 181,LkHA  171,313.06437999999997,44.46972,EM* LkHA  171,2MASS J20521545+4428107,Gaia DR2 2162956972059522944,FHK 181
GDR1 2162955803828359040,FHK 184,313.07662999999997,44.41725,2MASS J20521839+4425020,2MASS J20521839+4425020,Gaia DR2 2162955803828359040,FHK 184
GDR1 2162945976943020416,FHK 185,313.07674,44.27513,2MASS J20521841+4416305,2MASS J20521841+4416305,Gaia DR2 2162945976943020416,FHK 185
GDR1 2162930652500328832,FHK 186,313.07691,44.087509999999995,2MASS J20521845+4405151,2MASS J20521845+4405151,Gaia DR2 2162930656797988224,FHK 186
GDR1 2162944911791083136,FHK 190,313.09386,44.23338,2MASS J20522252+4414002,2MASS J20522252+4414002,Gaia DR2 2162944916089431168,FHK 190
FHK 192,FHK 192,313.097,43.082359999999994,2MASS J20522327+4304564,2MASS J20522327+4304564,Gaia DR2 2066743146218335232,FHK 192
GDR2 2162951684957670144,LkHA  172,313.11152000000004,44.285140000000006,EM* LkHA  172,2MASS J20522676+4417066,Gaia DR2 2162951684957670144,FHK 202
FHK 203,FHK 203,313.11329,44.077529999999996,2MASS J20522717+4404391,2MASS J20522717+4404391,Gaia DR2 2162931859388891648,FHK 203
GDR1 2162931786370808448,FHK 204,313.1168,44.058609999999994,ATO J313.1168+44.0586,2MASS J20522802+4403311,Gaia DR2 2162931790669348608,FHK 204
GDR1 2162952470933669632,FHK 205,313.11801,44.35405,2MASS J20522831+4421145,2MASS J20522831+4421145,Gaia DR2 2162952475231874688,FHK 205
2MASS J20522880+4418297,FHK 206,313.12002,44.30823,2MASS J20522880+4418297,2MASS J20522880+4418297,Gaia DR2 2162951783738847104,FHK 206
FHK 210,LkHA  174,313.12871,44.33656,EM* LkHA  174,2MASS J20523089+4420115,Gaia DR2 2162952406512185856,FHK 210
FHK 213,FHK 213,313.14092,44.40719,2MASS J20523381+4424263,2MASS J20523381+4424263,Gaia DR2 2162955601967870080,FHK 213
GDR1 2162951749379088640,LkHA  175,313.14322000000004,44.2945,EM* LkHA  175,2MASS J20523437+4417402,Gaia DR2 2162951753677142784,FHK 214
FHK 216,FHK 216,313.14529,44.233470000000004,ATO J313.1452+44.2334,2MASS J20523486+4414006,Gaia DR2 2162950546789495552,FHK 216
FHK 217,FHK 217,313.14712000000003,44.55539,2MASS J20523531+4433193,2MASS J20523531+4433193,Gaia DR2 2162959141020961664,FHK 217
GDR1 2162932851524210816,FHK 220,313.15196000000003,44.19621,2MASS J20523647+4411463,2MASS J20523647+4411463,Gaia DR2 2162932855821315328,FHK 220
GDR2 2162926254452857472,FHK 221,313.16463,43.9984,2MASS J20523950+4359542,2MASS J20523950+4359542,Gaia DR2 2162926254452857472,FHK 221
GDR1 2162931580213813632,FHK 222,313.16609,44.09672,2MASS J20523985+4405481,2MASS J20523985+4405481,Gaia DR2 2162931580213813632,FHK 222
GDR1 2162951027824541312,FHK 230,313.19785,44.26164,2MASS J20524748+4415420,2MASS J20524748+4415420,Gaia DR2 2162951027824541312,FHK 230
GDR1 2162951474504020224,FHK 233,313.20762,44.31727,2MASS J20524982+4419022,2MASS J20524982+4419022,Gaia DR2 2162951478799226112,FHK 233
GDR1 2162939208074518912,FHK 236,313.21873,44.240320000000004,2MASS J20525249+4414252,2MASS J20525249+4414252,Gaia DR2 2162939208074518912,FHK 236
GDR1 2162939208074527616,FHK 238,313.22393999999997,44.249179999999996,2MASS J20525373+4414571,2MASS J20525373+4414571,Gaia DR2 2162939208074527616,FHK 238
GDR1 2162924673904534272,FHK 239,313.22628,43.87124,2MASS J20525430+4352165,2MASS J20525430+4352165,Gaia DR2 2162924673904534272,FHK 239
GDR1 2162952711451794176,FHK 247,313.2575,44.31827,2MASS J20530179+4419058,2MASS J20530179+4419058,Gaia DR2 2162952715749792896,FHK 247
GDR1 2162984631649047936,FHK 249,313.26374,44.66357,2MASS J20530329+4439488,2MASS J20530329+4439488,Gaia DR2 2162984635946831360,FHK 249
FHK 251,LkHA  177,313.27396,44.71031,EM* LkHA  177,2MASS J20530574+4442368,Gaia DR2 2162984975246467328,FHK 251
GDR1 2162939173714801152,FHK 252,313.27477000000005,44.26075,2MASS J20530594+4415388,2MASS J20530594+4415388,Gaia DR2 2162939173714801152,FHK 252
FHK 255,FHK 255,313.28417,44.087309999999995,2MASS J20530817+4405143,2MASS J20530817+4405143,Gaia DR2 2162934260272009856,FHK 255
GDR1 2162978172018122240,FHK 256,313.28772999999995,44.502959999999995,2MASS J20530906+4430106,2MASS J20530906+4430106,Gaia DR2 2162978176315967360,FHK 256
GDR1 2162938074203123712,FHK 263,313.30835,44.21605,2MASS J20531400+4412577,2MASS J20531400+4412577,Gaia DR2 2162938074203123712,FHK 263
GDR1 2162872928138757248,FHK 267,313.31515,43.739670000000004,2MASS J20531564+4344227,2MASS J20531564+4344227,Gaia DR2 2162872932436979200,FHK 267
FHK 272,FHK 272,313.32108,44.64283,2MASS J20531707+4438343,2MASS J20531707+4438343,Gaia DR2 2162983570794918912,FHK 272
FHK 490,FHK 490,313.32282999999995,44.467220000000005,2MASS J20531747+4428021,2MASS J20531747+4428021,Gaia DR2 2162977347391360256,FHK 490
GDR1 2162939792190072448,FHK 275,313.32883,44.24402,2MASS J20531892+4414384,2MASS J20531892+4414384,Gaia DR2 2162939792190072448,FHK 275
FHK 577,FHK 577,313.34925,45.113279999999996,2MASS J20532381+4506477,2MASS J20532381+4506477,Gaia DR2 2163186808651891968,FHK 577
FHK 278,LkHA  178,313.34975,43.905,EM* LkHA  178,2MASS J20532393+4354180,Gaia DR2 2162879559568081280,FHK 278
FHK 285,FHK 285,313.36546,44.17631,2MASS J20532772+4410345,2MASS J20532772+4410345,Gaia DR2 2162936253136938752,FHK 285
GDR1 2162965287117378944,FHK 290,313.37694,44.4454,2MASS J20533044+4426435,2MASS J20533044+4426435,Gaia DR2 2162965287117378944,FHK 290
GDR1 2162936665453858432,FHK 294,313.38076,44.22623,2MASS J20533137+4413345,2MASS J20533137+4413345,Gaia DR2 2162936669752224128,FHK 294
FHK 300,FHK 300,313.39488,44.48825,2MASS J20533478+4429179,2MASS J20533478+4429179,Gaia DR2 2162977557840647552,FHK 300
GDR1 2162940067068027392,FHK 301,313.39679,44.281290000000006,2MASS J20533522+4416527,2MASS J20533522+4416527,Gaia DR2 2162940071366020224,FHK 301
GDR1 2162965699433784192,FHK 302,313.39769,44.463390000000004,2MASS J20533544+4427481,2MASS J20533544+4427481,Gaia DR2 2162965699433784192,FHK 302
GDR1 2162940067068027264,FHK 305,313.40123,44.273959999999995,2MASS J20533630+4416263,2MASS J20533630+4416263,Gaia DR2 2162940067068027264,FHK 305
GDR1 2162965012238950656,FHK 492,313.40772000000004,44.40578,2MASS J20533783+4424205,2MASS J20533783+4424205,Gaia DR2 2162965012238950656,FHK 492
FHK 517,FHK 517,313.41700000000003,44.43058,2XMM J205340.1+442550,2MASS J20534007+4425501,Gaia DR2 2162965394493239936,FHK 517
GDR1 2162935565942174208,FHK 313,313.4173,44.17929,2MASS J20534014+4410455,2MASS J20534014+4410455,Gaia DR2 2162935565942174208,FHK 313
GDR1 2162886568955114112,LkHA  180,313.42792000000003,44.063520000000004,EM* LkHA  180,2MASS J20534270+4403486,Gaia DR2 2162886573253316224,FHK 316
GDR1 2162960820350057856,FHK 325,313.47816,44.328340000000004,2MASS J20535475+4419420,2MASS J20535475+4419420,Gaia DR2 2162960820350057856,FHK 325
FHK 327,FHK 327,313.48712,44.85883,2MASS J20535690+4451319,2MASS J20535690+4451319,Gaia DR2 2162992637468186240,FHK 327
GDR1 2162961267026674432,FHK 328,313.48966,44.34238,2MASS J20535751+4420325,2MASS J20535751+4420325,Gaia DR2 2162961271324584832,FHK 328
GDR1 2162966146109606528,FHK 332,313.49394,44.42661,2MASS J20535854+4425358,2MASS J20535854+4425358,Gaia DR2 2162966150407460480,FHK 332
GDR1 2162886775113495552,FHK 335,313.5161,44.02994,2MASS J20540385+4401478,2MASS J20540385+4401478,Gaia DR2 2162886779411722368,FHK 335
GDR1 2162966798944719488,FHK 339,313.53655,44.50318,2MASS J20540877+4430115,2MASS J20540877+4430115,Gaia DR2 2162966803242501376,FHK 339
FHK 344,FHK 344,313.55721,44.408970000000004,2MASS J20541372+4424322,2MASS J20541372+4424322,Gaia DR2 2162962985013655168,FHK 344
GDR1 2162962985013647616,FHK 345,313.56699,44.40292,ATO J313.5670+44.4029,2MASS J20541607+4424105,Gaia DR2 2162962989311499520,FHK 345
GDR1 2162989201494332800,FHK 346,313.57383,44.81113,2MASS J20541771+4448401,2MASS J20541771+4448401,Gaia DR2 2162989205791995776,FHK 346
GDR1 2162989510731974016,FHK 353,313.60174,44.80488,2MASS J20542441+4448176,2MASS J20542441+4448176,Gaia DR2 2162989515029633280,FHK 353
GDR1 2162988754817727232,FHK 354,313.61217,44.79806,2MASS J20542691+4447531,2MASS J20542691+4447531,Gaia DR2 2162988759115384960,FHK 354
GDR1 2162988101982678912,LkHA  181,313.62314,44.7575,EM* LkHA  181,2MASS J20542955+4445270,Gaia DR2 2162988106280343424,FHK 356
GDR1 2162969788241971712,FHK 359,313.69006,44.52698,2MASS J20544561+4431372,2MASS J20544561+4431372,Gaia DR2 2162969792539700480,FHK 359
GDR1 2162976419671618816,FHK 360,313.69026,44.72828,2MASS J20544566+4443418,2MASS J20544566+4443418,Gaia DR2 2162976423969272576,FHK 360
FHK 362,FHK 362,313.71312,44.19303,2MASS J20545116+4411349,2MASS J20545116+4411349,Gaia DR2 2162908662267042176,FHK 362
GDR1 2162975698125115392,FHK 364,313.72643,44.7286,2MASS J20545433+4443430,2MASS J20545433+4443430,Gaia DR2 2162975702414757376,FHK 364
GDR1 2162909830498130048,FHK 367,313.7626,44.18112,2MASS J20550302+4410521,2MASS J20550302+4410521,Gaia DR2 2162909834796150272,FHK 367
GDR1 2163069500202546688,FHK 368,313.76662000000005,44.7407,2MASS J20550398+4444265,2MASS J20550398+4444265,Gaia DR2 2163069500202546688,FHK 368
GDR1 2162903680105026176,FHK 377,313.92714,44.23688,2MASS J20554250+4414126,2MASS J20554250+4414126,Gaia DR2 2162903680105026176,FHK 377
GDR1 2162904161141389696,FHK 378,313.98793,44.25995,2MASS J20555710+4415358,2MASS J20555710+4415358,Gaia DR2 2162904165439288320,FHK 378
GDR1 2163017101601143040,FHK 382,314.0202,44.58231,2MASS J20560484+4434562,2MASS J20560484+4434562,Gaia DR2 2163017105914194176,FHK 382
GDR1 2162902683672550912,FHK 385,314.0488,44.18196,2MASS J20561170+4410550,2MASS J20561170+4410550,Gaia DR2 2162902687970509056,FHK 385
GDR1 2162091003573281920,FHK 399,314.15075,43.35907,2MASS J20563617+4321325,2MASS J20563617+4321325,Gaia DR2 2162091003573281920,FHK 399
GDR1 2162134880959435904,FHK 404,314.19452,43.76724,2MASS J20564668+4346020,2MASS J20564668+4346020,Gaia DR2 2162134885258964992,FHK 404
FHK 405,FHK 405,314.19487999999996,43.76917,2MASS J20564675+4346089,2MASS J20564675+4346089,Gaia DR2 2162134885258965504,FHK 405
GDR1 2162091278451209472,FHK 407,314.21488,43.38047,2MASS J20565157+4322497,2MASS J20565157+4322497,Gaia DR2 2162091278451209472,FHK 407
FHK 409,FHK 409,314.21746,44.09767,2MASS J20565218+4405516,2MASS J20565218+4405516,Gaia DR2 2162149041471231104,FHK 409
GDR1 2162135327636039936,FHK 410,314.24725,43.79804,2MASS J20565934+4347530,2MASS J20565934+4347530,Gaia DR2 2162135331935563008,FHK 410
2MASS J20570162+4341387,FHK 411,314.25678999999997,43.694109999999995,2MASS J20570162+4341387,2MASS J20570162+4341387,Gaia DR2 2162122687552115968,FHK 411
GDR1 2162121961697794304,FHK 414,314.26396,43.69569,2MASS J20570334+4341444,2MASS J20570334+4341444,Gaia DR2 2162121965997332736,FHK 414
GDR1 2163020881172468608,FHK 415,314.26698,44.630759999999995,2MASS J20570407+4437507,2MASS J20570407+4437507,Gaia DR2 2163020885485568000,FHK 415
GDR1 2162122339654917120,FHK 417,314.28155,43.699909999999996,2MASS J20570757+4341597,2MASS J20570757+4341597,Gaia DR2 2162122343954454144,FHK 417
FHK 418,FHK 418,314.28275,43.69872,2MASS J20570786+4341554,2MASS J20570786+4341554,Gaia DR2 2162122343954454016,FHK 418
GDR1 2162122064777006080,FHK 419,314.30208999999996,43.682320000000004,2MASS J20571249+4340564,2MASS J20571249+4340564,Gaia DR2 2162122064777006080,FHK 419
GDR1 2162117563651224960,FHK 423,314.36123,43.59153,2MASS J20572670+4335294,2MASS J20572670+4335294,Gaia DR2 2162117567950813056,FHK 423
GDR1 2162239506362783488,FHK 425,314.40542999999997,44.1122,2MASS J20573729+4406439,2MASS J20573729+4406439,Gaia DR2 2162239506362783488,FHK 425
FHK 434,LkHA  185,314.4995,43.89056,EM* LkHA  185,2MASS J20575986+4353260,Gaia DR2 2162130899525324416,FHK 434
GDR1 2162126187945624704,FHK 435,314.50575,43.755590000000005,2MASS J20580138+4345201,2MASS J20580138+4345201,Gaia DR2 2162126192245146624,FHK 435
GDR1 2162127562335172992,FHK 436,314.52522999999997,43.825790000000005,2MASS J20580604+4349328,2MASS J20580604+4349328,Gaia DR2 2162127566634682496,FHK 436
GDR1 2162127974652045056,V1716 Cyg,314.52547999999996,43.88363,V* V1716 Cyg,2MASS J20580611+4353011,Gaia DR2 2162127978951544576,FHK 437
FHK 438,HBC 721,314.53188,43.88133,HBC 721,2MASS J20580764+4352528,Gaia DR2 2162127978951544192,FHK 438
GDR1 2162126325384584576,FHK 440,314.53692,43.78327,2MASS J20580885+4346598,2MASS J20580885+4346598,Gaia DR2 2162126329684099968,FHK 440
GDR1 2162240708953684992,FHK 441,314.5397,44.184090000000005,2MASS J20580952+4411027,2MASS J20580952+4411027,Gaia DR2 2162240713264484992,FHK 441
FHK 442,FHK 442,314.54175,43.76,2MASS J20580999+4345361,2MASS J20580999+4345361,Gaia DR2 2162126260964620672,FHK 442
GDR1 2162128009011784832,FHK 443,314.5451,43.88561,ATO J314.5451+43.8856,2MASS J20581082+4353082,Gaia DR2 2162128013311282304,FHK 443
FHK 444,FHK 444,314.54775,43.882529999999996,2MASS J20581145+4352571,2MASS J20581145+4352571,Gaia DR2 2162127940292305920,FHK 444
GDR1 2162251394832460672,FHK 446,314.55138,44.34949,2MASS J20581233+4420581,2MASS J20581233+4420581,Gaia DR2 2162251394832460672,FHK 446
GDR1 2162221776736976896,FHK 450,314.57095,43.89536,V* V2493 Cyg,2MASS J20581702+4353433,Gaia DR2 2162221781048591360,FHK 450
FHK 451,FHK 451,314.57467,43.895579999999995,2MASS J20581790+4353441,2MASS J20581790+4353441,Gaia DR2 2162221815408328960,FHK 451
FHK 506,FHK 506,314.58137,43.89575,2MASS J20581951+4353449,2MASS J20581951+4353449,Gaia DR2 2162221609241464960,FHK 506
GDR1 2162221811096717952,LkHA  186,314.58173,43.89846,EM* LkHA  186,2MASS J20581961+4353545,Gaia DR2 2162221815408328320,FHK 454
FHK 455,LkHA  187,314.58975,43.89581,EM* LkHA  187,2MASS J20582154+4353449,Gaia DR2 2162221609249896576,FHK 455
FHK 456,FHK 456,314.59708,43.88303,2MASS J20582329+4352588,2MASS J20582329+4352588,Gaia DR2 2162221540530414336,FHK 456
2MASS J20582381+4353114,LkHA  188,314.59921,43.88648,EM* LkHA  188,2MASS J20582381+4353114,Gaia DR2 2162221540530536448,FHK 458
FHK 459,LkHA  189,314.60004,43.8985,EM* LkHA  189,2MASS J20582400+4353546,Gaia DR2 2162221712329109504,FHK 459
FHK 460,FHK 460,314.60646,43.89128,2MASS J20582555+4353287,2MASS J20582555+4353287,Gaia DR2 2162221639298018176,FHK 460
GDR1 2162221639298015872,FHK 462,314.6126,43.8889,2MASS J20582702+4353201,2MASS J20582702+4353201,Gaia DR2 2162221639298015872,FHK 462
GDR1 2162221673657763584,FHK 466,314.62674,43.89976,2MASS J20583041+4353592,2MASS J20583041+4353592,Gaia DR2 2162221677969365120,FHK 466
GDR1 2162221673657766272,FHK 467,314.627,43.90262,2MASS J20583048+4354095,2MASS J20583048+4354095,Gaia DR2 2162221673657766272,FHK 467
GDR1 2162227205576431488,V752 Cyg,314.63997,44.05985,V* V752 Cyg,2MASS J20583359+4403354,Gaia DR2 2162227209887272576,FHK 469
FHK 473,FHK 473,314.66562000000005,44.02578,2MASS J20583974+4401328,2MASS J20583974+4401328,Gaia DR2 2162224186230287360,FHK 473
GDR1 2162224147560188672,FHK 476,314.69751,44.02632,2MASS J20584739+4401347,2MASS J20584739+4401347,Gaia DR2 2162224147560188672,FHK 476
GDR1 2162223086709799296,FHK 477,314.72174,43.9758,2MASS J20585321+4358329,2MASS J20585321+4358329,Gaia DR2 2162223086718636160,FHK 477
FHK 479,LkHA  191,314.77429,43.95086,EM* LkHA  191,2MASS J20590581+4357030,Gaia DR2 2162176215724606208,FHK 479
GDR1 2162235795513138560,FHK 481,314.81188,44.20792,2MASS J20591484+4412286,2MASS J20591484+4412286,Gaia DR2 2162235799821980544,FHK 481
