ID,Slope,R^2,r std,r nu,g std,g nu
2MASS_J20505039+4450115,3.399466277032697,0.28546362265850905,0.5557127634141913,0.09050679476113903,0.7765355163206834,0.08370510911379066
GDR1_2162967795377160064,0.8682432557097249,0.6395932382393889,0.027976566151090725,0.005460592177604928,0.058290952195837825,0.008194201752501074
2MASS_J20532233+4438526,0.9114739769481619,0.5741035775584366,0.03543443848922991,0.007940530189702194,0.0580736691108193,0.011917112257779434
GDR1_2163140315626344064,1.7558896893736347,0.4747792117011438,0.16104690677288833,0.04446510086150962,0.2455754114380021,0.04136536445597585
2MASS_J20503796+4425123,0.8171845075360656,0.8697037397093509,0.07295699957446754,0.010023970108369131,0.1967382221984518,0.00928934243468471
PSO_J205601.466+433543.777,0.9688950608173438,0.9108911038805055,0.03187198976382634,0.004138638737807661,0.1290903414832774,0.019592653508429682
GDR1_2162909830498130048,1.3983865073366402,0.483458450818434,0.088875409815331,0.02379146399367431,0.13986536486284218,0.01931066066182792
GDR1_2162931786370808448,3.5147532226485474,0.625186682370885,0.26121665374561887,0.05649355850786398,0.3418378301933796,0.059881441771670686
GDR1_2162962985013647616,0.7801039675770887,0.3420426835391866,0.06173575057583358,0.01646966785342749,0.11999937601388658,0.019456527924666272
GDR1_2162967864096636288,0.7746585134215352,0.5835923979026094,0.02330434555713944,0.0037578515643847898,0.05056394375736808,0.008085547147116222
GDR1_2163140246906862080,0.6965518236297766,0.08604289817462443,0.4223082618757783,0.08331558643993545,0.5046745929464527,0.05412822121813174
GDR1_2162961541904548992,0.5680723581020114,0.4909545619044467,0.035566479808556886,0.007052102629372582,0.05668847905530282,0.009570385204956842
GDR1_2163069500202546688,1.2140976862609205,0.3964227902576078,0.1346312636923192,0.024400710146047864,0.22062891228852632,0.02829949765882156
2MASS_J20500617+4425050,0.874009651976886,0.7158506205541135,0.04697772364417249,0.007274582316733961,0.11933117572456667,0.01257122252602925
GDR1_2163136192456870016,0.5785712871632471,0.10273288808172032,0.37261254811353633,0.06969119087839948,0.5194077819392481,0.08502104499247541
GDR1_2162134880959435904,0.7847492751345216,0.3351218616772762,0.06796191089215856,0.008242055742809793,0.10199300709597413,0.01415634353572658
2MASS_J20531994+4428438,0.8168519455116604,0.5472435184920511,0.03217586011763486,0.005658456666663432,0.06569645402221991,0.0101936919252795
GDR1_2162128009011784832,2.4098709187551783,0.6048219786898523,0.1455081570088361,0.04877981902930458,0.2016145673104785,0.04310627699856122
GDR1_2162952745812291712,1.029574118845512,0.5824109043458664,0.1257910277691221,0.023815984258098437,0.26075424366548167,0.027164561564868094
GDR1_2066790146043148928,2.0435344309614334,0.5530878785651555,0.20243815465936604,0.030626959854600403,0.24143602808002623,0.03060800651708527
GDR1_2163139937669407872,0.8934640518724272,0.3698470290271741,0.04963037548192554,0.009869623213356424,0.08493792092476853,0.011823274828004675
GDR1_2163145984982389632,3.32867519568578,0.6326929851504611,0.3132003053422731,0.05485782057927776,0.5279153117445197,0.062187162556850056
GDR1_2162886568955114112,1.7216087340706616,0.4321451549268976,0.19680421869707102,0.03248622385723313,0.252478929917979,0.04048184160349745
GDR1_2162988754817727232,3.507211087645796,0.5653613036508018,0.4267170585594065,0.07607049930281572,0.5513787928711509,0.07805913469036542
2MASS_J20533662+4439529,1.0140162576128224,0.6119287389303635,0.0567169393178276,0.009986539680120613,0.11240547536951055,0.015067040673527267
GDR1_2163141208978477312,0.918037547116633,0.859843499566798,0.048345100432243784,0.00828061090753547,0.1811748429622515,0.020406084966928372
2MASS_J20505575+4418286,0.897068484430976,0.8060055490777077,0.0548025462825997,0.019371870991887138,0.1332801752481272,0.022867087674601442
GDR1_2163162065339769856,0.794506067938532,0.6321714892427552,0.03781133511535959,0.006220784719346263,0.07989923277362962,0.013021252359217434
GDR1_2162240708953684992,1.08041760370109,0.21549371762873146,0.28422633594859514,0.04761370701444119,0.37231102711365954,0.04402304265816896
GDR1_2067120514926515200,1.0126682384542744,0.5358268462959628,0.04789398930366338,0.007621703637019609,0.09782176426320792,0.011339370980921977
GDR1_2162961267026674432,1.2010284444691648,0.5211342504954319,0.0719674064858079,0.01638354439016844,0.15315591938250236,0.030652443693734318
GDR1_2162989201494332800,0.561297198242764,0.3558625401207194,0.03231544546326962,0.006825653485706034,0.05074801541727584,0.008136529050540017
GDR2_2162948455142499968,1.377974129915478,0.6768018976157519,0.09343363592071587,0.015989122248035566,0.17843825159915627,0.02541061273245523
GDR1_2162091278451209472,0.8293961207952522,0.8001334718246862,0.04875743238953215,0.009570021663144416,0.08829647552913204,0.012954635559873615
GDR1_2067062824937136000,2.0232499351513153,0.6027815593563579,0.12146008481387022,0.020867891687633998,0.19399677733733134,0.026285877918194624
2MASS_J20510895+4416420,0.7581541439050509,0.4842132333490962,0.10556945933451331,0.029881058601732007,0.2097749861889153,0.0353577882375104
GDR1_2162952711451794176,1.0143125020871815,0.6877420626931066,0.06450414058325296,0.012929941803805751,0.14174765188705674,0.014881966441037077
2MASS_J20505363+4424305,1.3695932494243024,0.42066777648915926,0.15970523963852362,0.03741625591630497,0.21961497142837283,0.04021815113904765
2MASS_J20512059+4420322,0.8014741689601407,0.5995274559297525,0.040328057097096255,0.008774921681749573,0.08619650723088196,0.011877664174656752
2MASS_J20510029+4424364,1.0162171888408469,0.51842975520493,0.13591962381374184,0.028978190847447002,0.24309855638876848,0.03402772029462137
GDR1_2162978172018122240,1.4762854175134879,0.7148803875365511,0.1253422234662246,0.027399708258917833,0.28827600829576694,0.03397338520116728
GDR1_2067067807089176192,0.9441977778016573,0.5089308564268602,0.11154148099566122,0.018057075158867023,0.1661876810640739,0.0160014461721438
GDR1_2163140968460295680,0.6693679121038854,0.29432665221408566,0.04211649906197965,0.007140615666578914,0.05932627863787799,0.007337720906017062
GDR1_2162984631649047936,0.8421608370341882,0.7174089643253844,0.0585066216501216,0.011065340339522405,0.14274815199607252,0.031160596615465417
GDR1_2163143717240796032,2.9415211334766256,0.32849511845074414,0.45645456187167704,0.08399306344592267,0.6288098959415009,0.08918842741994946
GDR1_2162221811096717952,1.600046507385091,0.7154270641065158,0.09000750621700472,0.0154713853902834,0.15420404437764848,0.023684133142469317
GDR1_2067128658184872064,1.0962081125152756,0.45781450759945513,0.11173985306791041,0.016389966417710202,0.19573622153987202,0.02295952315964242
GDR1_2162951474504020224,1.5641778593102622,0.30933663462079647,0.1595984959271856,0.04175583210223082,0.2617479668178736,0.0492365926122441
GDR1_2162947591850664960,1.4448766792973349,0.5327814039657394,0.12961858692961953,0.0319738436469388,0.20045342438930364,0.05399036429664175
GDR1_2162935565942174208,1.483232956815538,0.4478999351018616,0.2044157580407032,0.054795899070603615,0.31885369785468975,0.06261668768740428
GDR1_2162988101982678912,2.25664305298078,0.7995300564335424,0.21043593892882426,0.037867307250550986,0.42473432364479763,0.05517037485695428
GDR1_2163137738645105280,0.568499639555278,0.12082825044265065,0.19376325558250224,0.022876324472436798,0.1940756789539653,0.02789993823095602
GDR1_2162965287117378944,1.3638196723379072,0.42310645778018124,0.2672862487976617,0.040849957202646996,0.34840367155146984,0.03636846432275304
2MASS_J20511455+4413379,1.1074678561872526,0.6865669509678551,0.05693781609169905,0.007355554428609012,0.1160895263119016,0.014853874465559235
GDR1_2162949378557115136,1.2045281177621139,0.5307655547553018,0.0631409758366698,0.013437439017815196,0.12432360258075142,0.019579336617352786
GDR1_2163139873247408384,0.7701391794621347,0.4658023293510783,0.10886697060063076,0.016376464628193043,0.19680099949499721,0.03201473779053615
GDR1_2162969788241973632,0.5491914396524977,0.4346691801549525,0.028122338365405855,0.005417930351224566,0.04448877410974088,0.007462852748716743
2MASS_J20513761+4420045,0.9202038252156858,0.7568268984602243,0.043560797247771996,0.007493521181467467,0.12972541374592006,0.014754836335027473
GDR1_2162942918926094208,1.029548598803717,0.7483088680906994,0.0479876409976519,0.009148294735043468,0.10358475349679726,0.013379075646679166
2MASS_J20512464+4417549,0.8652164063454563,0.7502415185881044,0.04780261308525628,0.008972512047486237,0.12232137998466136,0.021767226901028558
GDR1_2162955185352996096,1.0203214089004788,0.16073000860058048,0.9868451603789882,0.09519995661723782,0.7979146037084325,0.08400951686326014
2MASS_J20511374+4422252,0.8673128109509938,0.7605763892685011,0.06565841469426244,0.014162795655091745,0.1761705800689519,0.016440701235519505
PSO_J205746.108+435819.388,0.667363681794791,0.6639977606063182,0.023886192349766418,0.005172423508601762,0.029329000158949108,0.006249425632713832
GDR1_2162944911791083136,0.8172444144539527,0.2521589143144629,0.06611530436543994,0.019880710716410253,0.08418619808374014,0.01565864550390756
GDR1_2162117563651224960,0.9370295289387514,0.8921712322999865,0.08925263525025179,0.013367785305583434,0.25354165994105277,0.07010789464407606
GDR1_2163138361418522624,2.227495277250297,0.5967052172627206,0.23028706193211948,0.045359977738224,0.2972371633833794,0.05630447647607984
GDR1_2162902683672550912,1.9088426698047687,0.2828798669048345,0.2225632476063845,0.05413815421872015,0.3631920613777267,0.05896789421388695
GDR1_2163135573981345152,0.7243163637719899,0.12570592950409704,0.07392318636929177,0.013636759563168947,0.10728876591834921,0.01646238697339978
GDR1_2162144295529814400,0.6879551785691482,0.7043207977510567,0.025234054778665155,0.005180341537254467,0.0331872376923631,0.006722265829129031
GDR1_2162221673657766272,0.8907484718170394,0.4876818643969604,0.0633172928299812,0.011196857012161218,0.09438559024607647,0.012915926345269302
2MASS_J20505703+4416432,0.8440153879835318,0.7843118262770505,0.038816354816042384,0.006914027171525643,0.12663238635642385,0.02437789368204971
GDR1_2162945976943020416,1.401872750098397,0.35600353664134127,0.2707216027843997,0.06336303332039663,0.4002641734102539,0.060775833945734103
GDR1_2162965012238950656,1.026178469994576,0.6079250925067416,0.11593041854546944,0.014426305448245264,0.18765357159531398,0.023829338592217537
2MASS_J20511244+4419430,0.9607407691526022,0.9019840373707001,0.06191786886512544,0.008475586086688617,0.21177896906793103,0.026956702630195856
GDR1_2163136123738466688,0.740418988693287,0.6516581952670971,0.09540071435260904,0.016778855443188686,0.16994209844033203,0.0257583675669463
2MASS_J20523553+4419105,0.7520890832940853,0.5453141503971324,0.031139718813861877,0.0051831454585840936,0.06706028023951036,0.009179979181038161
GDR1_2163135677060562176,2.3671359796079314,0.5648333432490519,0.2304406279368517,0.0548681633610284,0.40302259317677835,0.059364724435332895
GDR1_2162949309837722880,0.9555061955140757,0.668781907192459,0.06864895172406309,0.01446895026766111,0.15213666980235524,0.025633144618854464
GDR1_2163155055959979392,1.993651877562883,0.44790450911588436,0.14548730022179412,0.043599515592425184,0.21391562865811178,0.04929583419031597
GDR1_2066844954118735744,1.4654495778391934,0.7106102036355967,0.11775858309936264,0.018626387881599104,0.18053422886097156,0.030749255680497536
GDR1_2162969788241971712,0.9050716169198847,0.6876602679389869,0.047177718758632595,0.00785715047147015,0.10748658567695404,0.012401936957479076
GDR1_2163155227752761088,0.8289176845073623,0.701707787684268,0.16075621811831844,0.023819177892881176,0.23376385127894392,0.03976359023338888
DPP2017_409,0.5415909436378947,0.4295899165744219,0.07451447698233223,0.008342859224634883,0.1254079511528243,0.01988594822930577
GDR1_2162966798944719488,0.7330436771604758,0.6733030199604334,0.04592736394790213,0.008005167595850458,0.08423215514970794,0.010716699267548927
GDR1_2162976488391103104,0.6634417765051703,0.4881824548656338,0.023901322838194815,0.004559760354471534,0.042366019714111504,0.006609875247214219
GDR1_2162941716335179008,1.1538327036580573,0.3170508455687042,0.2580654883619085,0.03729115350516745,0.3026329685636994,0.043224125082088956
GDR1_2066773619008833664,0.775444079276566,0.7238170077200833,0.022501199423581187,0.0037179123507570934,0.034797873678990426,0.005476793950656939
GDR1_2163215391652091520,0.9936399681062342,0.7044466474582317,0.05825145927998252,0.011242188877546935,0.16028819028390334,0.028404210552606966
GDR1_2065995748890512768,0.9432772398733454,0.38856321591074033,0.040981056491138826,0.005434939529058421,0.055729960878884606,0.007916400699101909
GDR1_2163140315626343168,3.0005116536157783,0.6169944532869023,0.1598139892787575,0.03345568444559877,0.2745732611122743,0.03963300041117395
GDR1_2162168862740158592,0.7639977631628992,0.7487589739629074,0.0204083290349429,0.002978591298112513,0.03201389111839034,0.005665125779807808
GDR1_2162936665453858432,1.2301378949117003,0.7214831542656132,0.07827600657002864,0.015298498001634605,0.18366584610023645,0.042981348413914364
GDR1_2162126325384584576,0.9849430613548085,0.3072141374937154,0.13224181921731482,0.022982457695169097,0.1858023769219706,0.028091432582047965
GDR1_2162221536218867072,0.8927423090522808,0.2425832087582817,0.13518236872094777,0.016416274933881467,0.16610690646076798,0.027282947891294703
GDR1_2162946526698717056,1.318840277484416,0.4921795623811375,0.15990987204508986,0.023602933296916897,0.2184097846761726,0.02482445355418695
GDR1_2163136742213531520,0.9277208996062604,0.6312231756648017,0.08155725152818263,0.009516250445833542,0.12481984610885423,0.016642247362901458
GDR1_2163136364255498624,0.2993810191763182,0.062089388701050886,0.07304627186190657,0.026927313950047355,0.06933036164563387,0.014163900265507156
2MASS_J20510663+4421407,0.48998784684451363,0.1590342272082721,0.047871746846986016,0.008795557534264413,0.06653848877951091,0.009118100262362686
GDR1_2163017101601143040,1.155598522567525,0.6111664426674126,0.07164311128657022,0.013840268140554897,0.14089922787789558,0.016301298515667775
GDR2_2162951684957670144,0.7534263399175825,0.381492123836613,0.03401959362131036,0.007480761343510138,0.05968755439169127,0.010378729139840484
GDR1_2163138601937119360,0.4803203471567406,0.19308423444078476,0.046690344023463955,0.009987324260824267,0.0756086023655466,0.011281515309854126
GDR1_2162078393549548288,0.6142066906237947,0.4878343936268937,0.02431307457660407,0.004838394895746313,0.030050383337360886,0.005487924326162298
GDR1_2162174910053832448,0.6452372388798958,0.6435007889125377,0.017548442933237592,0.002784007990728929,0.024855575094032738,0.005712558817437846
GDR1_2162948141606527616,1.3550530984198654,0.8088552202674261,0.14393967332515337,0.021771901645913125,0.3085325615776771,0.032706259106108804
2MASS_J20523169+4429592,0.9950370264400058,0.8854600048132876,0.062451113184177634,0.008612109047233057,0.24382900612357547,0.030775506063299207
GDR1_2163138116611233408,1.504231850916057,0.7929111257274943,0.16531145414119802,0.030811348117489232,0.35199453945038783,0.06216814212526961
GDR1_2162938074203123712,1.0496121855475684,0.5611195650629961,0.19569810120845293,0.030403489556585037,0.30917672319252926,0.054200877865321975
GDR1_2162127974652045056,1.3113428066422956,0.5623930848195676,0.097106955925449,0.022422427960994647,0.15784692052439278,0.034355546981172616
GDR1_2162239678161489664,0.7396455604757296,0.46631470560248256,0.033712588971937255,0.007343339587574467,0.0635698224761187,0.011210828385185407
2MASS_J20511262+4418454,0.05825186166809389,0.0018204935166953645,0.05919433936072309,0.026079365003994714,0.09273474886648375,0.02199297875130993
GDR1_2163144541882323584,0.9782011910285389,0.5760545748284557,0.14275283038942635,0.02904071236448027,0.21836595315118687,0.03852264899388677
GDR1_2162947798009095808,0.9297530465065974,0.6454663406572066,0.04503416170097177,0.008154833457436252,0.09447324569251214,0.013405168918363292
GDR1_2162949378557095680,2.3858329961657665,0.7415991177256788,0.4589362599170122,0.07272753749600354,0.6408774786234921,0.0881156518713505
GDR1_2162940067068027392,0.8933146452312172,0.6775996167695203,0.08051388971287514,0.016488350988018662,0.14003709828113237,0.015674656610348284
GDR1_2163135573981345280,0.7514982558133783,0.3296274968147949,0.06182064610957385,0.009445448018105198,0.0803031454442445,0.009882599710826234
GDR1_2067069937403328128,1.2241810233096837,0.6315977791529208,0.15542922828391284,0.019205440144054203,0.2057498895471038,0.02752455088702653
2MASS_J20505543+4417461,0.7711266883022174,0.4236726525941901,0.09319776651529767,0.024143234921534074,0.1596387808234201,0.024789867330909123
GDR2_2067027228235955584,0.8631925558409674,0.5468567151815065,0.10054646796636643,0.01604118944354724,0.16726560498313098,0.02090437556961519
GDR1_2162989510731974016,2.2408303862779237,0.4309491072408486,0.4587615034475142,0.05929634196938749,0.47220726514914557,0.06032176151595512
GDR1_2162968791809534848,0.5796957665761401,0.6734850991370838,0.017526496628100935,0.003884488428509412,0.025553902190720918,0.004519626224539159
GDR1_2163020881172468608,1.0705923992742592,0.40108205948134223,0.037979827150787,0.006063347100793046,0.062083512860190926,0.009379159161043166
GDR1_2162951474501233536,1.034759336731444,0.845728794786573,0.04468016603488842,0.007320568515642777,0.13577106160083938,0.01588951778552682
GDR1_2162939208074518912,1.3226198549772092,0.2369971875871326,0.4002651899448051,0.06677362059807584,0.47132857910163517,0.052675849908749905
GDR1_2163148596322501760,0.48524110140985144,0.36757531955610195,0.021754505005326823,0.004682471257453586,0.031275405880183856,0.004036887533746297
2MASS_J20582381+4353114,3.0300428336574345,0.900477430930328,0.2094414700160099,0.06251540934200787,0.2635694575903898,0.053249003407410414
GDR1_2163144473153865856,0.6633211122780092,0.24110282888686604,0.16966143666641917,0.026345048672150633,0.22261988388091888,0.02500759224419438
GDR1_2162251394832460672,0.983880346796655,0.6354061481684702,0.09266445758678288,0.009211608226079304,0.1400239899547722,0.017774923240229647
GDR1_2162975217080719104,0.8997417917020599,0.7695912731881416,0.0339470877035549,0.005256545590882231,0.1102578286308053,0.013315093200804533
GDR2_2163139804529410944,0.99674326142732,0.4115213034973159,0.07091258465163094,0.012404196123103317,0.10525373502248958,0.01676749293892686
GDR1_2162886775113495552,2.332210891592905,0.6637569157659147,0.3467705585457542,0.05683782520810742,0.4734861834699127,0.06480372714417905
GDR1_2067059732550905600,0.8578235968422117,0.42185246847687985,0.06338954772903323,0.017686956799996503,0.12107115058051462,0.02589719035624124
GDR1_2163149317877028224,0.8177823623453803,0.39680354139016555,0.7160867624129394,0.05601547115764354,0.29250159661954656,0.049934901137039966
GDR2_2162926254452857472,1.0098097147571568,0.5093130277767669,0.1348061898669978,0.018742773562005443,0.2127477700257994,0.02936858465675234
2MASS_J20512139+4424054,0.28841730018208706,0.09062823475604838,0.030740527237337435,0.007809850596611503,0.0379782737549903,0.006178513854189925
GDR1_2162922337443238528,0.46710914027094874,0.4485779237756435,0.017467245693765725,0.003293146943753842,0.022400977571152524,0.003636487782469993
GDR1_2067074301079809408,1.8225254152657304,0.4513379194039608,0.5502466445327671,0.08062809479696299,0.6783312413612533,0.09927670619352467
GDR1_2162965699433784192,1.438905206090504,0.30491258423174633,0.19382446956989682,0.03340281098060583,0.3052542510296918,0.038533403192726
GDR1_2163156052385630336,1.230274405638439,0.3166107951196891,0.17498949603734026,0.02211203943253873,0.18960975450446757,0.021770110818424466
PSO_J205647.351+434127.587,0.5446598101883972,0.426981079921716,0.030994989994633047,0.009078521917227049,0.027325848958850624,0.004870939035524253
GDR1_2162924673904534272,1.9236478471240719,0.5430126907410446,0.32975538057187576,0.04641087378908596,0.4305261368567411,0.05814996015880727
GDR1_2162946767216898432,0.9769448294515826,0.6570745351047986,0.07841376441323841,0.012541115820390593,0.11082282134258965,0.01656543324932014
GDR1_2162122339654917120,0.9877355199097543,0.3027522752962748,0.10925480405161264,0.017603371156525924,0.12655642319473112,0.015478673958611163
GDR1_2163144644952565120,1.3647869471037237,0.6438717767251381,0.06906589644460495,0.01213703133803201,0.15933681130043428,0.017581895868988052
GDR1_2163135367823138944,1.053463645644842,0.20926057482362684,0.2569265633480443,0.053339150867050926,0.298998365223272,0.04018483227009411
GDR1_2162932851524210816,1.2423528666339987,0.25807920302308945,0.17280694146515357,0.030589131317290665,0.24350016191956106,0.03545723978806051
GDR1_2162976419671618816,0.7915185499413876,0.2395094173038683,0.21650240760226025,0.04293746385041995,0.2901452503764824,0.04238855431839689
GDR1_2163066029870618624,0.8449510966777326,0.869224926595175,0.07116953749929011,0.012424991418207982,0.1804216478362777,0.01657625433038798
GDR1_2162221639298015872,1.0790316072203747,0.5105540834352669,0.17383241195599242,0.030700833836568703,0.28957191474389476,0.0393821334979679
GDR1_2162951749379088640,1.5831040143397466,0.6324186963978463,0.17324044059259971,0.027255939281704493,0.27140765111375403,0.03970413483386165
GDR1_2162904161141389696,1.8667304092339978,0.5256954697344136,0.2371951484351381,0.04323311004504961,0.2867097854369443,0.042322523996263225
GDR1_2162956903341232128,1.5056521758707508,0.3872825185449926,0.23353901446571504,0.04301792038439208,0.33680226821468773,0.04616818789911016
GDR1_2163136746511218176,0.90617049150342,0.25195514672493535,0.16115293029308927,0.055324825667621334,0.26380909653957635,0.04938384319774617
GDR1_2163149661474923520,0.9529062535255306,0.22188807148531178,0.5725900735700155,0.06596244390142313,0.5937856658282477,0.07181407714041138
GDR1_2162948107246789120,1.2061592008421347,0.7011268071788778,0.16757852059969247,0.024316978278191684,0.2731384465334958,0.033586736545336025
2MASS_J20475581+4329019,2.3602063750836333,0.6352270063713102,0.438175440486177,0.07228772449697304,0.6280677135448408,0.0864900171551215
GDR1_2067062618768745728,0.907106023486914,0.5495879813198422,0.0997413079239565,0.01696604713558671,0.15024656374910372,0.01997034512263641
2MASS_J20522880+4418297,0.6304866519011316,0.17468421542438206,0.2286593895197714,0.03985872424917355,0.308698553134203,0.03567036280862983
GDR2_2163136059317926016,1.7288073932124302,0.5777015889924582,0.10665430386499287,0.019692126742014003,0.18212616881077004,0.02458741690561912
GDR1_2067026815919131392,2.227490130971851,0.890598388405539,0.19511193664914842,0.03343625504512906,0.3482810656044517,0.05400051913297087
GDR1_2162126187945624704,1.533509620005254,0.4087871480667494,0.20820951890116762,0.037702268370301946,0.291520791496207,0.04124576792479261
GDR1_2162933882314931968,0.9739168476903893,0.6416958275164515,0.04239612359435715,0.011899824213201165,0.0818192672946541,0.015586923001732731
GDR1_2162121961697794304,1.9794576778531547,0.4773226581601444,0.3906971217789187,0.05840474040798612,0.5131188595723073,0.07163883704950574
GDR1_2163138288400926464,1.3540370987635184,0.7014408736812048,0.17222326625301457,0.030735301676401133,0.2791152067064179,0.041971430985945836
GDR1_2162952470933669632,1.7769325058228984,0.5990687467995837,0.1661320947245451,0.03688894015599619,0.26948266795936954,0.03688397602541483
GDR1_2163139731509868160,0.8905881239405837,0.8122697987690488,0.051677156453919265,0.006967289488667686,0.13658759077922705,0.024565031831532726
GDR1_2162951027824541312,0.8578083625322841,0.7025418418837102,0.14511600184572274,0.026067744582665916,0.23001899304312273,0.02899662432987157
GDR1_2162091003573281920,1.142754910345573,0.605548347866327,0.14192026503843827,0.019995399426258963,0.24257426467628038,0.031900865278829724
GDR1_2066794818967689472,0.9730716747675241,0.5996226033143235,0.047032667678772344,0.006718290864440992,0.07539614145872986,0.010000297853551414
GDR1_2162975698125115392,1.284861535016931,0.6862786463629353,0.12714826906519608,0.02146196710833085,0.23101412846612737,0.02776606136181764
GDR1_2162947420052773760,1.7496937486637416,0.14315889974866475,1.2376298193734712,0.11473782890793889,0.8887450875529653,0.09046001157868677
GDR1_2067026953358039552,0.8388256646337026,0.33516200860573325,0.2535352782807847,0.04110907224398723,0.349355429792718,0.039646741377709446
GDR1_2163148768121199360,0.9960936329614576,0.49680814680209245,0.0483235457674462,0.007541721904246733,0.09085119789479452,0.011513725747672031
2MASS_J20505669+4417055,0.8532973006193397,0.8122051646252272,0.04683596538468482,0.007273928370018248,0.15162630054325213,0.0179815911349346
GDR1_2162977523478063872,0.9588124010523441,0.8552343232446701,0.07934638756377947,0.011664684024289525,0.21635900668084462,0.016193597338589872
GDR1_2161843098061857280,0.0052905676983126875,7.202787421184223e-06,0.443845455093601,0.0653437726173468,0.44788185557913235,0.054748735622470505
GDR1_2067034546860024960,1.1163430055884285,0.5638445442406836,0.06983445690880159,0.00906850188492195,0.07948799711202661,0.012275222000877984
GDR1_2067061691055800448,1.260031566712309,0.4689447086280336,0.180677085801005,0.03188948087247704,0.25824231588043556,0.029529427217481547
GDR1_2162127562335172992,0.6895487047589391,0.12812163812201985,0.09502648774477218,0.013547909267061621,0.11272523934270216,0.013796847155042959
GDR1_2162965390195367296,0.7550579695446367,0.39871019812247815,0.9552978545373939,0.06721355295272531,0.29311576281385,0.040113997775684494
GDR1_2162903680105026176,0.5077473706867587,0.13119399632928425,0.26462455312748323,0.040100718608224305,0.3048930133310488,0.04533396566102541
2MASS_J20511252+4418093,0.9043245825003587,0.48501030309258114,0.06201882079698244,0.009976779712767635,0.12078629959104824,0.015058972182574291
GDR1_2163149214797802752,1.9278746367814072,0.25630493385012815,0.18760133490425965,0.032814332124454455,0.2564071833451767,0.032387586909491964
GDR1_2163140315626346880,1.768975523910784,0.762906939326268,0.14717494605366843,0.02939881678071367,0.28455394296928554,0.035776647037817695
GDR1_2067034237622346240,1.6429780632026116,0.2794790968796938,0.7359108963768429,0.10922955454795046,0.7870476633827928,0.11026284195148375
GDR1_2162220917743579520,0.5456475168096788,0.3832697806646698,0.300304943939061,0.045618675508455865,0.2480442972010298,0.020827160338550376
2MASS_J20515226+4418213,1.0221724150398452,0.6082056535488123,0.16460450230654824,0.03781624123354659,0.2842848966209663,0.03637629380144305
2MASS_J20505966+4430153,0.75181845191409,0.6581275598482933,0.12677262679153775,0.014129217048110551,0.2567436881655429,0.024685039738707896
GDR1_2162223086709799296,0.8332231002844149,0.3922572081740253,0.17953502978306182,0.02344341002465951,0.2573307959640265,0.028946450914128573
GDR1_2162946080022052992,1.4354220017711663,0.29401933282951126,0.3424312001218192,0.03460779096155887,0.17386661616788673,0.031187884644224045
GDR1_2162872928138757248,2.592679849563844,0.797364692948183,0.6996704688591125,0.08041453696251742,0.8245296424550022,0.11894320507446463
GDR1_2162960820350057856,0.6368257175738646,0.1886466109820922,0.24103426420628554,0.04099642245590467,0.33692051351543256,0.041923093715620904
GDR1_2162965772447499648,0.6063862414584005,0.3820534604812633,0.02210713742581865,0.004014260759004171,0.03582297265046424,0.004120444851054647
GDR1_2162952470933666688,1.0024597050334825,0.5834195269497339,0.1691253489714763,0.028738911244548478,0.3067820809622615,0.03261292721476393
2MASS_J20534506+4425179,1.0738001957431953,0.9418302324177026,0.06664290969521368,0.008634210650724445,0.31798483014889056,0.030096494004560107
GDR1_2066855807501721472,1.0946544949658925,0.572218886443945,0.06631472904795938,0.009622465576257946,0.10576163501517896,0.014290832622177651
GDR1_2162940445026460544,0.5784702226692087,0.38697860454860383,0.24719046292298805,0.04617724640083445,0.26495355226023387,0.03251994981625145
GDR1_2162942128652084096,0.9843321346744094,0.6984038444872215,0.11357420621635717,0.01624713501539503,0.24062861072615713,0.02928718619142577
GDR1_2162939792190072448,1.0384761219099392,0.6236015371053625,0.14540870511827844,0.026862645832524002,0.2491515840463695,0.029068747761728738
GDR1_2162940067068027264,0.2522020080219686,0.04580334866775482,0.4934774731193906,0.07142300148598389,0.45854918936516215,0.04964170598674993
GDR1_2162227205576431488,1.9685790323779415,0.7200877151402034,0.3867203654255701,0.0824209150927302,0.6389853086066941,0.09946521317315725
2MASS_J20533901+4403328,0.7990028716068507,0.6858159984073109,0.1321216502889462,0.018633356597328392,0.24826794611156797,0.030787455684748024
GDR1_2162224147560188672,0.8477959261011561,0.6380299513294484,0.1388621061686158,0.03126503206289802,0.2585417885471006,0.05740294758778748
GDR1_2163148390164061056,0.8967624916716983,0.8032641962294381,0.07606995634035287,0.025006075214332592,0.19163851577028765,0.01300211142998544
2MASS_J20470481+4349114,1.1623324959841301,0.5192601928845457,0.23634756997747805,0.03180899729498902,0.3857879082220771,0.03805776043750756
GDR1_2163144576233088640,0.9422738044847971,0.6130473312901201,0.08700554607256292,0.018753929503992815,0.17648307323353896,0.02073793361895179
GDR1_2162939173714801152,1.0632909322567559,0.4472112576219786,0.4542709243789189,0.07034633583136578,0.4857452267787433,0.0546642214485286
GDR1_2162967692305623296,0.9759566824837849,0.5443659241100378,0.20050471415530816,0.03535566900236587,0.4391305577971826,0.04524798559727018
GDR1_2162964187605719552,1.03578174069684,0.42482684818434613,0.31054637052682643,0.03276840973262444,0.32241716044551905,0.03037941704077095
GDR1_2162958415178355072,0.7541764012882964,0.5186880862974694,0.18967395144524593,0.02549952827082622,0.2719113804250058,0.027414564808919958
GDR1_2163142828184692096,0.9491233414917606,0.8443480137476304,0.07536694750353826,0.012141888154428045,0.2797916777581466,0.02764311900694402
PSO_J205641.026+434300.610,0.7164201588575657,0.7132735398121349,0.03228305169910637,0.006287988633967856,0.04842117536310885,0.009568768249996664
2MASS_J20521101+4408102,0.9710779745359716,0.5150354022788305,0.1791510283518512,0.028910129143306366,0.28499216051925735,0.04267554361821286
GDR1_2162955803828352896,1.2030313226175093,0.7264313759627192,0.17833227394413562,0.028443953594080047,0.34742375145019994,0.031090523492168627
GDR1_2162955803828359040,0.9924003803623616,0.4847895456476422,0.17892098245886545,0.03386376910562055,0.22804595200654826,0.03551764316558147
GDR1_2067032760152922112,1.4498536240059436,0.8064434855187076,0.17881631570294745,0.03402648611355388,0.3570117804505123,0.047254404927927006
GDR1_2162935737741690752,0.7716045628346048,0.8738655557364028,0.07846745148385335,0.014864202323408312,0.35173871254916633,0.030431499861505413
GDR1_2067045679428023680,1.0721514413451088,0.7966568076490507,0.11906048318200707,0.02682642971810255,0.2934767414077214,0.02831545616809542
GDR1_2162928934512434432,1.0350953287673776,0.9507826598324017,0.06510749291811609,0.013076206919172958,0.205233821586548,0.027428491198133974
GDR1_2162974186289213312,0.8112273492038719,0.6802525821507396,0.10105230767384088,0.017417474363992082,0.23235402845148398,0.015124843303993706
GDR1_2162931580213813632,0.8833600933281375,0.9005273144070955,0.06166599754537613,0.011389664203918121,0.17903723311476247,0.02358804384755631
GDR1_2162947729290416128,0.7985392764883683,0.7049254980615405,0.12096812811650083,0.01761196771995996,0.27787647068806054,0.030495682112073375
GDR1_2162969929975644032,0.12225475634693513,0.010708392655648642,0.5126125811194119,0.05372780476447138,0.3646863914085436,0.03530286941994706
GDR1_2162947729289614848,0.8795814723059622,0.48931038180555925,0.17297897589431233,0.03606514796318621,0.2631042503498089,0.0399177146199589
GDR1_2162932993257907584,0.28396770496631096,0.2523329552324491,0.043157807317332965,0.009648034240360651,0.029273431797859177,0.005504393876100278
2MASS_J20511748+4419138,0.9553149084045381,0.8729985435655389,0.06479493458687353,0.012245590111480633,0.21647064038856798,0.024026665917040793
GDR1_2162136598952029568,1.0367231380797726,0.5413994776793869,0.2127111730055608,0.03276619065850642,0.38990430183109437,0.04392060582961967
GDR1_2162886156638197760,0.7097469703995171,0.6430976499028067,0.11875678352602488,0.023611031958194074,0.22439000061523065,0.018450225257339904
GDR1_2162939276794011904,0.8422295371008038,0.7569025474543292,0.09826418671845517,0.020514922663917592,0.22471660929707082,0.032721736682766046
2MASS_J20464241+4345102,0.9131161452664037,0.6184252819533819,0.1163055431819599,0.01425682091732667,0.23751956615538547,0.03316713066187158
GDR2_2162943193804036864,0.2737906951133549,0.021150373489083038,0.39432836818887085,0.06177992121383408,0.5222887355768462,0.05148786385428602
GDR1_2162122064777006080,1.3835065448981767,0.44727864588977945,0.3539246152499995,0.05769296625436498,0.4966764039524032,0.06901451697049804
GDR1_2162597397400140160,0.8603399725325636,0.8772518690594251,0.041863069794821295,0.006658298125329861,0.12200368771558835,0.011978603859693534
GDR1_2067068425564498688,0.9178343214688308,0.9409963526530015,0.11993903811403599,0.01998902692457557,0.2881497480265601,0.0210098800234793
GDR1_2162955705044326016,0.9841532999342639,0.8448558068350758,0.0792815399915346,0.013757429257983136,0.26152603313071854,0.03083846507170358
GDR1_2162938864478448896,0.8652574884570616,0.7206650531823601,0.1560854386843381,0.035670165409301,0.2709814955581395,0.018224542904865453
2MASS_J20523022+4424108,0.8419336406339152,0.8134965057222858,0.12111417290528426,0.018327912301934503,0.2509134573781715,0.013704928946549563
2MASS_J20483292+4351190,-0.1737902529456859,0.007986067806578248,0.5451245214070676,0.06848117602246345,0.5729448024532007,0.06356747850880227
GDR1_2067034306341810304,0.41778305692129497,0.08208791704961815,0.45726967331409296,0.059672942928534395,0.4382926577430984,0.05408391363076978
2MASS_J20534496+4404139,0.5342076168685275,0.5266156268103093,0.23513204950729566,0.04418181367232567,0.2833322290094949,0.028064386157474364
GDR1_2162221776736976896,1.6389084571149037,0.4081500556410874,0.09480500661678426,0.017747860389940542,0.11701718593678549,0.017919376034983683
GDR1_2067030011373814272,2.581938293896214,0.5605879522216236,0.4461413761608509,0.056326186728450696,0.5165881675714944,0.06432766602779985
2MASS_J20475256+4345137,0.8964397446562001,0.8205417982806866,0.07713690034588117,0.010728529078072776,0.1893773604676706,0.01711832926357763
2MASS_J20475256+4345137,0.8964397446562001,0.8205417982806866,0.07713690034588117,0.010728529078072776,0.1893773604676706,0.01711832926357763
GDR2_2067128864343322496,0.9285114460674908,0.9099378470102575,0.043767604943977495,0.007325032871925389,0.18016427615048544,0.018368891040333287
GDR1_2067128795623856256,0.8626417965134126,0.6890560363226291,0.07222264563784986,0.014338077569760535,0.1687878182247462,0.01721187170068437
GDR1_2067063722575028480,0.6775987121038091,0.5621402151090137,0.11913619509603121,0.01692539532259026,0.23320132206393673,0.009989932998792717
GDR1_2163153578484316160,0.7792648950938812,0.13480089771847198,0.3361517842627184,0.06544170437268354,0.5619427713998183,0.06593028579008936
GDR1_2163169761929937280,0.8919794347625795,0.27938050334697045,0.25047609206027355,0.04685687365265433,0.36048830843025287,0.035852906014214446
GDR1_2163139804527939968,1.2897859506784428,0.46207501772399734,0.22865469177270403,0.042841457811409904,0.3787521147541993,0.05339682723292542
GDR1_2163140453064444544,0.871663735030043,0.27643667823867196,0.2107007849272594,0.04971731428861088,0.2872377262162562,0.027476476219138964
GDR1_2163168524970607616,1.0307425683715252,0.8584663181213386,0.07670367061324945,0.012270441667286532,0.24301494217025593,0.01945893955892558
GDR2_2163140143827638272,0.7892506015284616,0.7339373502047187,0.09783737981286258,0.012021669503601421,0.22644738231356085,0.02128170955833859
GDR1_2163136810933010048,1.166398246273345,0.6361294505902272,0.20631909206079885,0.024139971815501184,0.368301166330717,0.04035216832900864
2MASS_J20505568+4421442,0.8841249007459067,0.8770715595631385,0.09452100061180442,0.016523079707400322,0.2439187033200581,0.02787751067839629
GDR1_2163136712151471360,0.4373537701748639,0.2404497162747502,0.319221154522958,0.038803239007746286,0.36260694357451484,0.03224486793223965
2MASS_J20505838+4414444,0.47926733225192697,0.2383859987720977,0.04612901960012273,0.008710201613969506,0.053813589602632064,0.007753742587791826
GDR1_2163140281266601728,1.0366527607671725,0.6986111042514276,0.21987517467086284,0.020954777772782877,0.2551400431983722,0.029775052468567664
GDR2_2163137120170654720,1.5683214528346217,0.6200518812981713,0.3016709993939121,0.05510884826069425,0.49677645454057967,0.07331871040869112
GDR1_2163135470902128000,0.8867660110650847,0.7355059007703183,0.13030663674326665,0.013083720722635606,0.24560700932149052,0.015907896814306925
GDR1_2163137360688842752,1.2152583161376345,0.7346688134533126,0.08553067526589134,0.012746827211753901,0.21017334240341481,0.017238715727496405
GDR1_2163143481019730688,0.8845401510204808,0.21574228298146267,0.1477620124026543,0.03208685816080267,0.20478390561054266,0.02398780384860832
GDR1_2163141793095097344,0.8305032816336604,0.8067730098066389,0.1025513463770384,0.01614297238572213,0.26601079506552666,0.03020723089220563
GDR1_2163141930532987008,0.8824393766590403,0.8276035254898421,0.0808262798151442,0.009166892796697187,0.18589932605605505,0.01588836082218983
GDR1_2163138597639123456,1.668892132481884,0.27718784551264053,0.35533566117476845,0.06633998587340578,0.4779360781446565,0.051531441718125306
GDR1_2163139151692568576,0.902656636902872,0.09105529686909927,0.5174473893014385,0.07054657496559298,0.6753026472903711,0.06866015993932222
GDR1_2162948691363126144,1.4087967918762678,0.3671415108504097,0.6015307795317939,0.08630880670844501,0.4781571065881178,0.055766876398759026
GDR1_2163144851111005056,0.9582407162803299,0.31755848171046397,0.2517279473940217,0.0474686594081897,0.3485048081706911,0.04070626429907995
GDR1_2163146569098464384,0.5072994641679881,0.21270027900536892,0.3333449654544579,0.0633032902681322,0.46449783567542496,0.04398800947839901
GDR1_2162957040779711616,1.0520065360080861,0.41204789435292466,0.23175288948890463,0.035229135479493724,0.3794622420684122,0.03332889331635029
GDR1_2162930652500328832,1.0635916527805864,0.7953538318477926,0.10575142352112316,0.016855193002394936,0.24968055230229944,0.03246976267958106
GDR1_2162958488183262208,-0.027469135087853046,0.0005893741278220079,0.6033683425072662,0.0845000834439895,0.3066531008021396,0.01806013358973649
GDR1_2162944946150831232,0.6930320410534302,0.4166937542307168,0.2590422948303829,0.031246916372519577,0.32915028572512794,0.031238258505974087
2MASS_J20522940+4438404,0.9591618418670359,0.9014404042752385,0.06254224850615477,0.008590937757233923,0.30396312955706184,0.03517147938291996
2MASS_J20523394+4429168,0.9462613900604404,0.6263418947340392,0.0598484959017314,0.008445860053700188,0.11935615671860351,0.013493841168506063
2MASS_J20523441+4438246,0.9988383299849461,0.7220426031859698,0.09919820027394256,0.01559981435198408,0.2578206865552123,0.025561459023874307
2MASS_J20524172+4434072,0.9020938394219207,0.8950785213261511,0.059703389817580575,0.007607832217319945,0.2581801849770446,0.032731392352109326
GDR1_2162939208074527616,1.4797716523195588,0.2536951883876253,0.5279767267040216,0.08977530728793146,0.6806777402361832,0.10018417499575481
GDR1_2163173197895753856,0.582600053120851,0.24992102223799376,0.2690320465461855,0.04647361633050817,0.2694816939683215,0.01679297304622277
GDR1_2162984562930222208,0.7594436408319932,0.4972190814204241,0.20960958928838808,0.03002598006180363,0.37567654154516394,0.029137736417977705
GDR1_2162983772656231424,0.8871017495451358,0.7673331663651162,0.10637846030025876,0.026781668135761112,0.28917338128100734,0.03247335403585556
GDR1_2162936596735173888,0.8684653407768199,0.9677944641889249,0.10252127182651503,0.017869548014227965,0.3883793127567075,0.03485136148374377
GDR1_2162936184418271104,0.985314519519487,0.9228289491878086,0.06423158344721523,0.008809993087224573,0.24353083840748999,0.029300817427675627
GDR1_2162884782249510656,0.6744448604969281,0.8005982336990911,0.13530873847405037,0.018364583690521036,0.23038300750000593,0.009343000091576155
GDR1_2162960751631826560,,0.0,0.08066306426058129,0.005450488037509928,0.3177954561910987,0.029133979901855157
GDR1_2162963912729356032,0.6924043797208529,0.17916810942031927,0.3582589409608934,0.05369500422360097,0.45226304731133293,0.043577394510794495
GDR1_2162966146109606528,0.9486111026963588,0.8358631189142905,0.2878278743156496,0.05603334283501737,0.7343858030477494,0.08183437373994538
GDR1_2162966798944728320,0.8177916325727009,0.6185980247903272,0.09819973846803089,0.0172888758244696,0.25939243942459034,0.036366134126510276
2MASS_J20542793+4425037,0.7375781617163936,0.22216303855880631,0.23357958344387483,0.03055750975483174,0.32523957899631395,0.023733622785483122
2MASS_J20561812+4348116,1.0208645637726752,0.9571825659763804,0.043986084869629044,0.004948503354422607,0.18813322697691814,0.02343892761109217
2MASS_J20561960+4345387,1.0395106302971813,0.9434377973379081,0.0751473903686087,0.009515507279171305,0.2429605989738018,0.01418733819071165
2MASS_J20562950+4314535,0.9159298386183001,0.6835905422746931,0.15302096862018094,0.022656041612943385,0.2642890328116953,0.021935810050809353
GDR1_2162139210286483840,0.9862390070724395,0.9342135281247592,0.058289885183907514,0.006685086205907789,0.22269072551439714,0.025764754683506485
2MASS_J20564400+4346000,0.860180014031646,0.5602384995422881,0.08483436834953013,0.01851979056002984,0.2640681691852175,0.10153551776850207
GDR1_2162135327636039936,2.0506914862892485,0.8372019952648392,0.2959288215257768,0.04850564967641633,0.49067046953735144,0.07530460389155264
2MASS_J20570162+4341387,0.8489900475317798,0.7521771939115429,0.08335663600315724,0.011315739744882956,0.1719140739196695,0.021984504493453478
PSO_J205702.685+434143.663,0.6903739277534859,0.5241626887289715,0.13012472924765647,0.018028755360939317,0.24308863959244076,0.025616664347092366
GDR1_2162123198648385024,0.9115493017034023,0.8935814986084849,0.06724688874513016,0.011531284492928779,0.14900953394052982,0.016046120542156223
GDR1_2162239506362783488,1.1258614907711406,0.6131890666674101,0.15870744172017837,0.02277659010841634,0.2574359430449151,0.030607842530581488
2MASS_J20581428+4353046,0.9184793764964223,0.8770465037082092,0.09456010730255703,0.016359361713527608,0.21789443547295498,0.011529461912289566
PSO_J205818.503+435346.014,1.138678940415409,0.5232611402458102,0.26746284706763146,0.0413606616594539,0.34208751198928755,0.0332347512365808
GDR1_2162221673657763584,0.8857089035898386,0.23094145034213287,0.33504125000233587,0.048418488805646864,0.42031603887179986,0.04499010814444786
2MASS_J20584906+4353167,0.9447755000233283,0.8961892005667991,0.051958645440170356,0.007758355922937746,0.17187149028697746,0.01989148618144194
GDR1_2162235726791704960,0.4617022520756681,0.06130763794274109,0.6031118073656583,0.08361257749100615,0.4439865351264352,0.04641962327394598
GDR1_2162235795513138560,1.1299027192167064,0.5927479183901322,0.15479672631122443,0.024746607800245932,0.2640229245077524,0.032854619346341575
GDR1_2162232531340072832,1.1911592311187797,0.7444037790794117,0.18184571241343717,0.0591668951818531,0.3050206885774779,0.024691253283287574
GDR1_2162231676644797824,0.8533752053179753,0.8940189989544112,0.06639903724527177,0.0136264360826395,0.17457030256626407,0.01986252532593095
FHK_1,1.0759479830111147,0.632056195879354,0.1662182463108254,0.017695025536976154,0.2627902644710341,0.026826736064091337
FHK_7,0.7850338231787611,0.7474014940249176,0.04140108941719084,0.007083408962128899,0.09322574393045067,0.013589231991426736
FHK_8,0.7548985410688004,0.62063213973115,0.1331064811735332,0.03502208780958336,0.17050556717807464,0.024380941928129216
FHK_14,0.45491019036664815,0.053353667859039895,0.3711597309159226,0.06063609980158261,0.42300778625659075,0.04183579358418588
FHK_15,1.51219031017295,0.30456444036673114,0.19221884325059066,0.023448444978006824,0.18206205848218637,0.025207291347672852
FHK_17,0.9315903246376022,0.8745076963825863,0.04273095378719232,0.006817943225598649,0.14839500567839492,0.02632236800824229
FHK_21,0.9582848772392105,0.7121014859703402,0.04978006598081361,0.009097294209946169,0.14536663361935923,0.01905698839189329
FHK_22,0.8433751123741008,0.7386588798781253,0.0749045797244825,0.010856269975505657,0.23261611820522798,0.051658178205285094
FHK_24,0.3972056390055157,0.2378935129178421,0.09873434983541773,0.02637037001028194,0.10294046526636745,0.02509524893402215
FHK_25,0.8500784631829028,0.8078473407370009,0.03078907619451811,0.006790825656505787,0.08384146800661622,0.01744577935522657
FHK_26,0.7827773746345388,0.1523618903926001,0.15071314537220146,0.028136081706705895,0.13177206481724485,0.024281576769252737
FHK_28,0.6182746781518063,0.3622124754004967,0.07001955560096669,0.01550870024238965,0.08466181914103953,0.01258909560268544
FHK_32,1.672775666493507,0.8484025245644814,0.1296636756122461,0.022280570590935907,0.263970602891066,0.043207591730132014
FHK_35,0.6992673575557695,0.28601606886648334,0.10534024738663389,0.04258983788309821,0.18851694802928332,0.04510144191088192
FHK_36,3.6537403570135534,0.4660430287754917,0.5037626755806593,0.057117785850019205,0.46261893380584274,0.05775852460867634
FHK_40,1.199998701066497,0.5377294955559446,0.134962868058335,0.017880272058495017,0.19495354818832608,0.030509703396564163
FHK_42,0.24151667510745992,0.015318970688392256,0.3647032862430568,0.055030200046189436,0.464560669314788,0.04589219317814964
FHK_43,0.14809388841157117,0.012942774208279226,0.11292475735852762,0.01734375031588612,0.1187514350948694,0.018980331672514283
FHK_44,1.0329192833299663,0.6028420017145678,0.09976906660095668,0.020109216166139244,0.20826681172211994,0.03275665241744345
FHK_45,0.7158271934673772,0.4808648987581015,0.03677211580108667,0.0074353493951184214,0.07436792846714194,0.01220215410537911
FHK_46,0.9055959693197626,0.3347890150095402,0.03877517501233113,0.007412663656775924,0.05664237556618963,0.007269155788491276
FHK_47,0.47926733225192697,0.2383859987720977,0.04612901960012273,0.008710201613969506,0.053813589602632064,0.007753742587791826
FHK_48,0.9793579309864845,0.3299605417708432,0.07221747728001857,0.013271449133807298,0.12143481072007338,0.0186421228436011
FHK_51,0.5756293489758092,0.4320079202443731,0.029674210732616113,0.006086850367816282,0.052601794742424796,0.007131283157699649
FHK_56,1.120599396548707,0.5504966135646303,0.07973041280350565,0.02258649784972844,0.18307981244756963,0.032088199125816765
FHK_62,1.1429715395232585,0.4081557389015382,0.061236146216258475,0.00960212170175407,0.08506175407466246,0.011082375925104342
FHK_67,0.8845401510204808,0.21574228298146267,0.1477620124026543,0.03208685816080267,0.20478390561054266,0.02398780384860832
FHK_68,0.6115349797423008,0.4365209133576834,0.15551429483249116,0.02202132625710277,0.23576451346462582,0.022990085349410536
FHK_70,0.8868085792173833,0.6947520619538087,0.03875766962285001,0.006253823318707799,0.09473436347509899,0.01068867666944028
FHK_71,0.957045543161067,0.9223259690966662,0.05023568108241962,0.007298654256146263,0.1888764185296973,0.027200143494219422
FHK_75,0.9844397586658475,0.6135706973563861,0.041816327709458874,0.007888862965230541,0.09721058035048248,0.01107699430827248
FHK_79,0.6335517333902607,0.1610481538430394,0.08662798552867426,0.01590864650050392,0.10974346882423064,0.019522457870742114
FHK_82,1.6719161063184527,0.28247518465410537,0.3768168886943985,0.06099242254357929,0.5406593907398448,0.06261534116696965
FHK_86,1.2645279977331507,0.3271546305680242,0.13216489029901957,0.02114195229573363,0.17396316466233558,0.02339766732482083
FHK_87,0.6766467192704575,0.597153000311332,0.278627844212442,0.036931234626190086,0.3231622170459184,0.02254445329200843
FHK_88,0.5573388296033621,0.20651206923779944,0.5549617333612243,0.062395841132888936,0.43147324734768394,0.035107986562293886
FHK_92,1.0181669118113625,0.6514746139942912,0.1480923907877481,0.027746434517233323,0.29726670962866303,0.025140533765536512
FHK_94,0.7838398203138882,0.6136554019457646,0.13425562335613947,0.017144881120569756,0.2461558580293161,0.025760980853929534
FHK_98,0.4420473502617069,0.1337284307990057,0.20097593360454383,0.04868286918704281,0.30927504360261704,0.04222929363019361
FHK_101,-0.2015930672994588,0.005545626539970623,0.4346980338865441,0.06436373179424978,0.5175229529959503,0.05562730938191659
FHK_115,0.8638934984673257,0.2781029058828622,0.06303630764970343,0.016713647715646058,0.10464370726232788,0.016001357810747248
FHK_118,0.8625673707534187,0.5574321666682766,0.09990078169055852,0.010309777492830473,0.1760936002929526,0.030478445506967104
FHK_121,0.6042863152029193,0.27326941987959746,0.059649637050962705,0.006321108039202802,0.09642541586095456,0.010275776331326128
FHK_123,1.4412656262183936,0.60603399502281,0.13773646038122558,0.03189954309780708,0.2882175381575902,0.03973922535331642
FHK_127,0.8364581586622364,0.4319795088056301,0.07552847401749847,0.010031587374708053,0.10798510719605228,0.015449119627587014
FHK_130,0.6344867283743284,0.36606260854975664,0.03466004069371552,0.007059820645184194,0.052260041205963344,0.005826088406673917
FHK_132,0.9790616496311592,0.8995039897233739,0.06454060453080486,0.010551100208660494,0.20971139630804556,0.025919155412692917
FHK_133,0.7222196240445838,0.25090101231164375,0.07311463333215301,0.01042418861751048,0.10221913619183991,0.0106314060778828
FHK_134,0.9528026031571364,0.588571844409432,0.13925866085845467,0.019525717280170614,0.2477377541888029,0.029338203831679
FHK_137,0.7325738269007139,0.3321401951022904,0.07532260086651553,0.01454548372835691,0.12699357427935104,0.01492786978124574
FHK_138,0.6548152630746845,0.21224599029981553,0.21729766366700964,0.026638907331919457,0.27011334997535635,0.031388812624355014
FHK_142,0.6340273632855231,0.49723849659867664,0.021270893849018088,0.004195797221486923,0.03935882513555405,0.0049615853696319675
FHK_146,0.9894643312006974,0.272709507413505,0.10311716234237144,0.028593522995579244,0.17491017301536943,0.028236031946458042
FHK_148,0.9312678447324162,0.8424810555917798,0.04155077652519578,0.005166471847317061,0.15217459580288697,0.01878560443786817
FHK_150,0.7212887694004603,0.4170464471321218,0.12807418501264836,0.012319890577406631,0.16927167265497872,0.019909414356977243
FHK_153,0.41458072179846517,0.17210358448507898,0.05581814586336984,0.01174498550506008,0.06523016946556413,0.008143055453044633
FHK_154,0.7987093813064677,0.5749889277060183,0.03230123522821201,0.004736668676957434,0.05079571330497632,0.009360940341889815
FHK_155,0.5156742468551234,0.3502789763204386,0.048498089912452864,0.008349459737889734,0.05835091583101621,0.008959548843814297
FHK_158,0.3826671541720978,0.23718767562962867,0.03389133209374184,0.008629582979238815,0.047506455449350386,0.006656992224119168
FHK_159,0.8741530600539241,0.7437611898162731,0.03664743248788253,0.005784957559623509,0.09698206405705187,0.013363902773433026
FHK_161,1.0294576201557173,0.8841959160652918,0.08079585099221179,0.011439256443257826,0.28140563412388186,0.03517684562286227
FHK_163,2.099316019160189,0.5446316394342176,0.13226197927243918,0.03457089996391265,0.23820095726123203,0.03629150343407618
FHK_164,0.8793576024348261,0.29172803785881674,0.186178715306588,0.024667486342665322,0.20943573666647042,0.03551152034338803
FHK_165,0.32879606374642506,0.23442285481051256,0.02898106075118458,0.012707894761895084,0.0315681092555634,0.005860989204979006
FHK_170,0.7214273724557164,0.4402525899881737,0.23332080958232884,0.03737649884953683,0.38378935612388987,0.036132602127696575
FHK_172,0.7544293387916304,0.21012535437721735,0.08902423401008769,0.01491205002565858,0.11859243237580128,0.013737427241156642
FHK_173,1.1858660825714222,0.9523811469914433,0.08139766043785855,0.012057960465564998,0.21170334324586268,0.010877564679066044
FHK_176,0.9117415738642531,0.6359531082252737,0.03835380410430587,0.00597472965672149,0.0777774621011849,0.021920316848824447
FHK_179,1.1642202100719155,0.6715517750068772,0.20071483711801383,0.027291767902641744,0.32726996305778944,0.03598928068970876
FHK_181,1.3216684586134875,0.4884138612117014,0.11015350261464307,0.017645343133428564,0.18893173670825295,0.02953300724381928
FHK_182,0.8584810521443974,0.5265604569454321,0.0644814209078286,0.00946347762006914,0.11194916082455816,0.013873241755823816
FHK_183,0.7507708161117362,0.43631753071594087,0.06346469004655476,0.008406019426933255,0.09436665613089049,0.014570394249374032
FHK_192,1.0636534600675773,0.4913512977625394,0.08236720905903004,0.011789972235006111,0.14098152765135413,0.022666500483634215
FHK_194,0.6591336185238842,0.5406066683378977,0.018206222262224497,0.0032240162276511025,0.03221623914996359,0.005560530190782058
FHK_195,1.256737403432489,0.7335266991981558,0.21352168504036362,0.0310518210936606,0.41082609008116616,0.03363410527091835
FHK_196,0.7134658195246831,0.31864185653041444,0.2753044663590734,0.02603418580123038,0.3083301242201993,0.02961519733087569
FHK_200,0.7716739450944531,0.45576951161067064,0.03646208578931367,0.006607205105449761,0.07491986664912252,0.011680574184305959
FHK_201,0.9603962699473846,0.7508816831482896,0.19442297782103124,0.05768063810286724,0.2672953037661834,0.044409857854091565
FHK_203,1.0564386197774722,0.6783801795088905,0.10115916766637721,0.017298234494587093,0.22357584014416051,0.027508890212961466
FHK_210,0.7046406330007424,0.09444162100576467,0.314480874143524,0.05753143701481838,0.44013595644932996,0.056567346668791096
FHK_213,1.0845601872518842,0.7000470585687469,0.11798784549301419,0.021148864569988563,0.3047822279106624,0.03277460239047812
FHK_216,1.6235257116896915,0.41148428960394995,0.08118407240442764,0.010985937098055138,0.11279199668755041,0.013443992278349942
FHK_217,0.9597704371556922,0.7278604580920766,0.07025938086272965,0.013459291589996902,0.1735564787854252,0.02065858595171952
FHK_226,0.8461819693530565,0.24924480984289119,0.14578835722580694,0.016457854859248836,0.18082709556636023,0.021319638482013684
FHK_227,0.8261716887806057,0.5481020192239487,0.12078001685602736,0.017017293761967586,0.2776279621736312,0.027005430622052334
FHK_234,0.7821440878140403,0.44929495237737505,0.17233354341027204,0.022702439768465702,0.2339767226392784,0.02714054861356306
FHK_240,0.9874950790096007,0.905081846515846,0.069537599639742,0.011277575022505178,0.213424597702947,0.01983453960515708
FHK_244,0.9575559761991724,0.7196049695697018,0.05184939602351135,0.006442133612525225,0.12674388669087297,0.018856053189302148
FHK_251,1.01443872645294,0.568257497025513,0.061855402873750645,0.009779090133424977,0.09225710878076904,0.011833738701193669
FHK_253,0.42553251593153757,0.27474122205191476,0.024926017961582624,0.005897247388577525,0.03374516830463987,0.005116744077990875
FHK_255,0.9115453180067425,0.3825491756680694,0.2053395993525272,0.03450048844497463,0.2942860672781624,0.03718569974385445
FHK_261,0.8805203710883771,0.2959469609581918,0.19548226358723916,0.03554202010313708,0.3214032611630906,0.04131309713519166
FHK_272,1.0222367712291027,0.7873275564811953,0.07947689859841182,0.013723789001988344,0.19958722146251792,0.03550024871357514
FHK_273,0.9187261720368393,0.9077833959622873,0.07587706747593212,0.012506233123314144,0.1971105524496729,0.015203810707955057
FHK_278,0.7556345536876675,0.19770625777031367,0.05478785806862731,0.008667220706669275,0.06005588023959363,0.007675464436921753
FHK_281,0.7194005941782988,0.2752667215126588,0.09902503168262376,0.011762676881111604,0.11712064628893713,0.011734534000764558
FHK_282,0.874035221181998,0.4648243601195839,0.060621115417407084,0.007955785134643139,0.08648857451471524,0.010027232808354625
FHK_284,0.9783323660104842,0.8223600570715499,0.09251698383452271,0.010606811354517767,0.24296343652985514,0.02303648960638029
FHK_285,1.421276824864217,0.368419089979604,0.2670649973271434,0.038873442053637894,0.3419165548005007,0.04287826251472927
FHK_286,0.9802876297762527,0.7739571494669217,0.08692658619640294,0.01014696783176117,0.19262327130351178,0.021012646937366413
FHK_289,1.025187584628853,0.7016938953269262,0.0857923724957677,0.013920594266989685,0.2414193627348305,0.023364822488160804
FHK_300,0.9453106356336243,0.6378478043702681,0.10354128683349983,0.015091629881079007,0.21814043048509546,0.023923769029389957
FHK_317,0.49642934386446985,0.08372611028366428,0.13572716229295578,0.012508787292216052,0.3426784518539176,0.03478801403160953
FHK_323,0.916804522716807,0.5889076134568464,0.0716651353985509,0.009550766643966056,0.1391454697180272,0.028173586668637333
FHK_324,0.9866255481416516,0.9508852801510751,0.037779379358047004,0.0029010618362782987,0.13834876816111988,0.02060048879844176
FHK_327,1.326600301921565,0.6196543040661744,0.4873463834417954,0.03659970074350935,0.4215737087976496,0.04579252371959674
FHK_344,1.2533729202386414,0.3874979314787764,0.3647625312750417,0.05280399821862653,0.4017617083174259,0.05295462110070847
FHK_348,0.6932290352484953,0.6544751925498751,0.03306259949859838,0.008071305796370004,0.06667736239528119,0.011074590322334881
FHK_352,0.8108889945974136,0.7215370466150101,0.03208953400028072,0.0058475892769396035,0.07926349827042238,0.010984095091387869
FHK_361,0.8225196054502149,0.42519256194795907,0.34362514949873657,0.03679838625867679,0.24016399092350385,0.029845862303216127
FHK_362,1.12565911913372,0.6185044403548466,0.1354625814238026,0.031168906942771173,0.2434575908621516,0.03462347902073221
FHK_370,0.8552947797055024,0.7496570438524839,0.028180977700821272,0.005707421659654333,0.07041527569927766,0.01045157812439693
FHK_371,0.7925989124828033,0.38672281262345387,0.05175506344559427,0.007687565654047395,0.08349898691765255,0.00998624065981174
FHK_372,0.7124443561776713,0.23670345881335095,0.0864238220757968,0.012597151342868637,0.12920270620498692,0.01818526213736171
FHK_373,0.8745540417017347,0.860074312877627,0.02332109296661112,0.0032166105081087807,0.06350827824615093,0.012170450862686878
FHK_375,0.9828116858089095,0.9010732119601275,0.05265785841663635,0.006665946089032915,0.13544484569751958,0.010540802937024038
FHK_380,0.9244935795542207,0.6737332997724861,0.09656111866661067,0.011843748315325767,0.1965659555488748,0.020988239497007503
FHK_384,0.42296447720934205,0.432956825301786,0.016354281941652567,0.005046248448559493,0.019400386394122632,0.004170739696603164
FHK_386,1.0343932952097803,0.9340134921528422,0.04332795367674506,0.004990861247195046,0.1845553332746776,0.01723651797927538
FHK_387,0.9196373824315289,0.8706070980120773,0.04216064266412304,0.006352271813303306,0.12939039349188475,0.017693210059966366
FHK_388,0.8177837360353925,0.5096498272838038,0.036836349448192335,0.0062065713064455895,0.06848549726922205,0.009298216449720611
FHK_390,0.8013368429189549,0.7416400639580335,0.0652365808312945,0.011276940782656751,0.14723602922606732,0.015421619815672189
FHK_392,0.8859578631572566,0.8345183290673077,0.03906701284807643,0.005793324578563379,0.09635533569495418,0.013611869651292043
FHK_398,0.8877091177321454,0.8267502352162013,0.041535255610121224,0.0061849633744164275,0.08231937913260629,0.007727361261382369
FHK_400,0.9129907616094206,0.8844086487937028,0.0432628823000671,0.009335620921084404,0.11284010167239096,0.012557059580197663
FHK_402,0.7911235953825341,0.8232587957339941,0.043493918450959485,0.00923116472486685,0.08408404949745164,0.01386846303903783
FHK_405,1.5921034375856835,0.43846424612195817,0.18954927194273216,0.039987591513725974,0.23857179440104237,0.02716552965813647
FHK_408,0.9333976553487897,0.195163414876422,0.06746552750458862,0.013661644701283664,0.07873362467552815,0.010797263329374732
FHK_409,0.011355666231594685,2.7405710877533924e-05,0.48519095091718023,0.05534107750636372,0.4123127954654875,0.03829768975106232
FHK_413,0.916655479106118,0.9060199020241217,0.07720872012164055,0.014645377124576945,0.20073113322174102,0.02397439574477835
FHK_418,0.7142109905627672,0.15766222618254858,0.09320069929716665,0.01416031388656333,0.10922903726438152,0.014450844231383233
FHK_424,0.8961007932053304,0.8577283948732335,0.04875196274017174,0.012257960877224843,0.1342574440708614,0.0230838494844409
FHK_426,0.9773977870434326,0.3289043761846295,0.32231179981984076,0.045142955972611545,0.47450010763655676,0.055065865735930475
FHK_427,1.0893931643496855,0.7833407090398422,0.0978367611268577,0.020225712604028414,0.2834249875899956,0.034178702364869265
FHK_429,0.9373485597062089,0.8730359799743099,0.10177842609063802,0.020809477467238918,0.23214982909333168,0.02306807746798797
FHK_430,0.7943789281389223,0.30028493769833076,0.09586238585882627,0.01323979618334685,0.12011960840282436,0.01938235353264207
FHK_431,0.36940564378841373,0.22618227399363952,0.08938989169651106,0.057854170154304295,0.11754108494936709,0.06397665588686834
FHK_433,0.951754082866418,0.6028263537448245,0.11649538947174885,0.022593387834388412,0.25805456395114024,0.03333466515347823
FHK_434,1.3712127091233968,0.5410437342888009,0.09068097742549876,0.02541219681368802,0.13122973008929276,0.029900108880674542
FHK_438,0.9970316011267715,0.7093796999219012,0.11226215069555341,0.0149783566479694,0.21995554342835213,0.02273176825199012
FHK_442,1.7412931954261863,0.7339445606341013,0.23707514601830432,0.031144866293975632,0.4372410908478036,0.04951948431703505
FHK_444,-0.22804958044127346,0.009356656365175754,0.5327982532893294,0.053686861747422425,0.4502681908003715,0.037993694455838674
FHK_445,0.8944399057809805,0.8022444285456583,0.03919479880120742,0.0043237418644207866,0.09644345379955625,0.012538078502794673
FHK_447,0.9007464509422518,0.8543535545597809,0.09588693287271798,0.01783482100229582,0.2313809011250662,0.04784814099815941
FHK_449,0.9314018320269711,0.9253670086781564,0.06532675136813411,0.01856032062592973,0.15399450463568218,0.02089676160700592
FHK_451,0.9061435547300571,0.19731855747561314,0.21631436231118664,0.033038052018615774,0.27922708532635904,0.03458144013818845
FHK_452,0.6751335725955937,0.6918562986206911,0.023431720789285203,0.003553438155423695,0.032168210928943154,0.005415355850252618
FHK_455,1.133315282652066,0.5184916205728192,0.054454575270805786,0.009483008438708139,0.09266754795286539,0.012543487795968861
FHK_456,0.8964157732431353,0.5421413252822302,0.10480178073899715,0.018173617624003425,0.15301885194340328,0.034139729139054505
FHK_459,1.321209924583969,0.5445792857578805,0.07087597165121134,0.01181797488923675,0.1057159384255821,0.014123217275853129
FHK_460,0.44601764402020827,0.13649358569769876,0.2823706771066892,0.051459795951983425,0.2923677434094104,0.03728341752485785
FHK_461,0.578012287460805,0.37469187408416443,0.2570773657534076,0.032139063657480184,0.34687150572517456,0.03385889010151322
FHK_464,0.9164195845599564,0.8713821005136004,0.08365916518933704,0.018789901627975777,0.1767759622847153,0.019933588567327964
FHK_468,0.9172202162301714,0.9014289831673442,0.07358397576231722,0.011810867356419782,0.19649015000373687,0.02708753636487117
FHK_471,1.0746191229558024,0.7982457594792458,0.10203046443054223,0.016950986597288612,0.24744474841451658,0.020530461810889866
FHK_473,-0.9784157250479942,0.10593866806573578,0.5180919300261153,0.10279728713546094,0.5409199062112607,0.07935437099004738
FHK_479,0.1309042490231969,0.04322637273233536,0.04673570390237361,0.011991278726583406,0.027652895382783718,0.005272647080630179
FHK_485,0.8533752053179753,0.8940189989544112,0.06639903724527177,0.0136264360826395,0.17457030256626407,0.01986252532593095
FHK_486,0.8512943561710464,0.8995196855857467,0.0724588516099211,0.013183922742659285,0.27474875753556205,0.03632077770439313
FHK_489,0.7537922549705967,0.43283981980320724,0.05283050299868057,0.007930182231186566,0.0670819057483448,0.009968625522270506
FHK_490,0.945686386907468,0.6056346066439053,0.07984133388485648,0.012324063036473331,0.1638335331094621,0.01581393053203732
FHK_493,0.46050514302734,0.24308686855176836,0.050284539513307275,0.00724043975434133,0.06326412029197856,0.010217196896571818
FHK_495,0.5620085591541897,0.5777015794859198,0.02227829110996953,0.004998686905003218,0.02792278396930335,0.00604527385425451
FHK_496,0.36124669084474503,0.14912737677665855,0.1218801380145209,0.021603863310885898,0.14769085432387405,0.015379934913439577
FHK_500,0.9761883989810963,0.46190857254925505,0.1410749772207679,0.044859671164769785,0.23619137317205235,0.05154163675036077
FHK_506,0.7875477399457664,0.2826951322253837,0.13817709874611958,0.019330206477859664,0.19333813967143845,0.019776929049454835
FHK_508,0.9003050096440233,0.8028995833628357,0.03937366144540084,0.013384006011430515,0.1096884665554789,0.018585552449914347
FHK_509,0.8524453348722321,0.7626286436157641,0.10303496020483924,0.01798242327381831,0.25995361378608045,0.025131874204640824
FHK_510,0.7594073309648008,0.6119902682291627,0.10504361772587567,0.015303026358398576,0.21329242222708827,0.02572468910088938
FHK_511,1.0059469699690864,0.7994181772780009,0.07156830618666682,0.011901923998025008,0.19200049527366972,0.03196191056111685
FHK_514,0.9201135415010224,0.7423571624511015,0.0737679332591241,0.009258549213917947,0.19427630350386474,0.02716732871783152
FHK_515,0.937510851210183,0.8593270499812241,0.08103632645999115,0.010850358561077933,0.24923299539511046,0.017269845071003893
FHK_516,0.7879138251988731,0.7468155991909371,0.08950718299074781,0.013102017299116553,0.22742997071292564,0.02088788637916691
FHK_517,0.8266120968909668,0.4572515421168045,0.045623200216981345,0.006769940707104609,0.06941647692610639,0.00859058539135773
FHK_518,1.0550633529731548,0.8360141275776819,0.06741989891737618,0.010494745116787954,0.22359696882137992,0.022259484479893715
FHK_519,0.8601341571458739,0.8971139151882086,0.042817141398683825,0.006512376632946442,0.14248690856497126,0.019608773309839095
FHK_521,0.9242154242881385,0.8862123120633045,0.08653070177683847,0.013303783459132542,0.2244755009571785,0.026649905771277422
FHK_522,0.8708272138334154,0.7947181942416008,0.0911269045201571,0.014137421797661759,0.24283201906182908,0.017709122182908175
FHK_523,0.8547456824446432,0.7068113327573438,0.1496091196347525,0.03499228054934474,0.29216127882368864,0.03472740060581361
FHK_524,0.7978272051599805,0.2668451652374277,0.3293780741504008,0.059170376611176245,0.3780734790180842,0.059027813237793436
FHK_529,0.8604391073535124,0.556975390798867,0.2199992719716992,0.0332919426177941,0.33429764848667604,0.03717278307737956
FHK_530,0.8796916470756807,0.43233133907997734,0.07970964466510055,0.013053122762407497,0.12018378180374915,0.01602057881393549
FHK_531,0.9059197024010299,0.6087439590803257,0.07594662484973949,0.009864553924105604,0.12609295117402142,0.01634327652213272
FHK_532,0.9549307391578885,0.6499137100667776,0.07150754115120586,0.01216715188584925,0.17125027308923157,0.022907810168321857
FHK_535,0.9375289748135972,0.9383516982740373,0.047816747365535206,0.008191372391420686,0.2142689263094088,0.019514259282960755
FHK_536,0.9592028426052921,0.9025836866715168,0.10211002437986635,0.021130984955621344,0.3393169399287945,0.032997150219888256
FHK_537,0.9592998494029417,0.8971017108471508,0.04781378963675529,0.006865324431505221,0.23197925129306532,0.020359659661156528
FHK_538,0.9812773945904101,0.9415078614114404,0.0519354402090574,0.006936523850609831,0.2584692873907245,0.0262424340406716
FHK_541,0.9852347636511193,0.7483503276951161,0.07446109475902372,0.014938867664207387,0.2061093135735517,0.020785975971472442
FHK_543,1.0019572956756637,0.45860756005909487,0.04964126936411959,0.006349911887517989,0.07054924495904386,0.009321854699634716
FHK_551,0.9059246815956795,0.3996813541480588,0.18959062699622573,0.029718620355310223,0.31147965541920414,0.03846095470551594
FHK_555,0.2729945250071892,0.031796209592637126,0.8204203330343983,0.06713716565619118,0.4285751466643401,0.0646512674459204
FHK_560,0.9609393853974035,0.8826376235946662,0.046549988927067125,0.006211747895062946,0.20970301636920305,0.024584750146275824
FHK_561,0.8857995553125103,0.7941014894642925,0.06155427299147916,0.011845906882234645,0.19606519550023696,0.019232982227726764
FHK_562,0.6604315069726786,0.5818723208125847,0.01844317077511445,0.003955084056787633,0.031302643299636626,0.005642392143435479
FHK_566,0.9415979697846902,0.5927592620347285,0.06077831686511909,0.010635847621775045,0.13339219045608613,0.0200480797043227
FHK_567,0.5896496479146588,0.18919498649855096,0.11485204923635234,0.02288862429815594,0.14227039753750534,0.01491638546938728
FHK_569,0.8964185185442992,0.6808383937918251,0.06269764533131247,0.009602335949550038,0.12641051791186578,0.053004695405391274
FHK_571,0.9667426099192497,0.654598227447834,0.08417104716062943,0.011817917425777445,0.18070419672884938,0.023683211697132445
FHK_573,0.848942791391035,0.6198432853648448,0.03439447472068691,0.005866069633563114,0.0777947489449209,0.010467162087748559
FHK_574,0.9721689306300513,0.902160701301404,0.0686198682106264,0.013504003501902995,0.2938829319428698,0.021647661353382214
FHK_575,0.9834479712021571,0.785427862062624,0.06098672596525911,0.009749480128287141,0.17609483871776438,0.02362436219954787
FHK_576,0.9500484754949403,0.6796981604840526,0.08583934070137852,0.015270442141935913,0.20411834506072143,0.028976675083439565
FHK_577,0.662268648658605,0.07322160146665106,0.5465092855434946,0.08929239175593601,0.5858065036385022,0.06372580619946419
FHK_578,1.0771672710362659,0.843428005811853,0.09920527637007143,0.017915562149304242,0.2446673458848599,0.026372589881238036
FHK_579,0.38145057368292196,0.06904657581941251,0.046556423339741505,0.011514960663076002,0.05782137441260662,0.012697645239346298
FHK_580,0.765700513171729,0.5984215370960926,0.09121316086123846,0.014334377347096684,0.17244547259495566,0.018069309377226415
