ID,rPOW1,rPER1,rPOW2,rPER2,rPOW3,rPER3,rPOW4,rPER4,rQ,rM,rNu,rMean,r90%_FAP,r95%_FAP,r99%_FAP,flag,gPOW1,gPER1,gPOW2,gPER2,gPOW3,gPER3,gPOW4,gPER4,gQ,g90%_FAP,g95%_FAP,g99%_FAP,flag
2MASS_J20505039+4450115,312.7099655363757,44.836540725881186,0.6255309920501693,0.9954917105753208,0.5927910385264339,1.0016318099431678,0.5234780286014231,222.58683877368023,0.429696300596656,0.992813851025569,0.38526504103528764,0.9976934550497514,0.3403674681719276,0.30191147579045136,0.09050679476113911,16.876935947682117,0.06489175676415157,0.06961783874121924,0.08017585300420789,True,0.6255309920501693,0.9954917105753208,0.5927910385264339,1.0016318099431678,0.5234780286014231,222.58683877368023,0.429696300596656,0.992813851025569,0.38526504103528764,0.9976934550497514,0.3403674681719276,0.06489175676415157,0.06961783874121924,0.08017585300420789
GDR1_2162967795377160064,313.49350340688306,44.54305795713624,0.10016629785623225,4.937556459556464,0.09758205930835209,1.0008910017405337,0.09595167041633783,0.5002136239889606,0.09244902246085519,1.2498627757699885,0.08244291774810983,0.8313853133555525,0.8776672010646388,-0.1689898917920712,0.005460592177604986,15.391868904113924,0.06247422315786453,0.06699931602806386,0.07711273133126323,True,0.10016629785623225,4.937556459556464,0.09758205930835209,1.0008910017405337,0.09595167041633783,0.5002136239889606,0.09244902246085519,1.2498627757699885,0.08244291774810983,0.8313853133555525,0.8776672010646388,0.06247422315786453,0.06699931602806386,0.07711273133126323
2MASS_J20532233+4438526,313.3430529515253,44.647931427049905,0.2689345496401239,2.430701548636463,0.26234192366539244,0.7071388663071233,0.26215694539796636,1.6985133399246948,0.20756160621827696,2.4162351486210425,0.20322089980731092,0.9981840548662192,0.6584172151890357,-0.12859208066967562,0.007150874930612856,15.530116970476191,0.06264999561259736,0.06718879548358153,0.0773325583250071,True,0.2689345496401239,2.430701548636463,0.26234192366539244,0.7071388663071233,0.26215694539796636,1.6985133399246948,0.20756160621827696,2.4162351486210425,0.20322089980731092,0.9981840548662192,0.6584172151890357,0.06264999561259736,0.06718879548358153,0.0773325583250071
GDR1_2163140315626344064,312.76289490947937,44.40076132666685,0.2573028179605879,8.38397993244961,0.23999475966380523,0.8912492102860242,0.2044198011245587,1.131748696370097,0.17676856923792153,1.1352297931923374,0.16173223867282602,0.530891385851312,0.6945428704815894,0.20596613055839472,0.02879272366732178,16.862320221725238,0.06295805435555696,0.06752491384034429,0.07773072442328395,True,0.2573028179605879,8.38397993244961,0.23999475966380523,0.8912492102860242,0.2044198011245587,1.131748696370097,0.17676856923792153,1.1352297931923374,0.16173223867282602,0.530891385851312,0.6945428704815894,0.06295805435555696,0.06752491384034429,0.07773072442328395
GDR1_2162909830498130048,313.76259600948583,44.18112215981157,0.17004976946146183,138.8486620682776,0.14473487822898032,0.5010779517850066,0.13027566060065693,1.0070980940198602,0.12026549260681388,0.9901503596392691,0.10548722136144244,1.0043575143808818,0.8164960798411438,0.17751245505296745,0.01754081637875413,16.323365861235956,0.03936769370204878,0.04209457461568667,0.04821200011280859,True,0.17004976946146183,138.8486620682776,0.14473487822898032,0.5010779517850066,0.13027566060065693,1.0070980940198602,0.12026549260681388,0.9901503596392691,0.10548722136144244,1.0043575143808818,0.8164960798411438,0.03936769370204878,0.04209457461568667,0.04821200011280859
GDR1_2162931786370808448,313.11680283929536,44.05861394172086,0.29473920311328905,1.0018789897634055,0.2893080782944734,0.9991667033918239,0.2736963332169831,0.9954917105753208,0.19577648643388879,154.72348245367584,0.18118767452925968,1.0036126703223018,0.6470339078817184,-0.16284931222166119,0.05649355850786405,14.862886073025049,0.04034634582259227,0.04315006395385564,0.04943881113465097,True,0.29473920311328905,1.0018789897634055,0.2893080782944734,0.9991667033918239,0.2736963332169831,0.9954917105753208,0.19577648643388879,154.72348245367584,0.18118767452925968,1.0036126703223018,0.6470339078817184,0.04034634582259227,0.04315006395385564,0.04943881113465097
GDR1_2162962985013647616,313.56699484966947,44.40291592301878,0.30620512619714874,1.0077823950826177,0.27573469949538154,0.9892677402673721,0.2617018113638032,95.01240309656285,0.2517315642586681,120.97299043496997,0.23159839876034802,0.5012882894557775,0.6811440654658107,-0.006227101085984994,0.014527116973828627,16.188776685971224,0.06874917290637086,0.07387215916904984,0.08530572396449211,True,0.30620512619714874,1.0077823950826177,0.27573469949538154,0.9892677402673721,0.2617018113638032,95.01240309656285,0.2517315642586681,120.97299043496997,0.23159839876034802,0.5012882894557775,0.6811440654658107,0.06874917290637086,0.07387215916904984,0.08530572396449211
GDR1_2163140246906862080,312.7287237613243,44.38283520549869,0.09430710634065285,18.950077636919293,0.09049341916005982,22.156005845974665,0.08696281562673804,1.0444053216148488,0.08649722423650585,0.9474041326887741,0.08020327089622731,1.0470990044393111,0.8770605725987239,0.32410304064157724,0.08331558643993554,17.635158098101265,0.062480730400001065,0.06700576848475749,0.07711907240648977,True,0.09430710634065285,18.950077636919293,0.09049341916005982,22.156005845974665,0.08696281562673804,1.0444053216148488,0.08649722423650585,0.9474041326887741,0.08020327089622731,1.0470990044393111,0.8770605725987239,0.062480730400001065,0.06700576848475749,0.07711907240648977
GDR1_2162961541904548992,313.5959319846104,44.3209265814808,0.11739922759509025,0.9969584588816063,0.09587238680308015,1.0003977380862221,0.06751148727898276,1.0026212617463384,0.0631240043293858,0.5230260642455616,0.06122561120828452,0.9942727130960984,0.8449459855258096,-0.2849655462795853,0.007052102629372642,14.837731647852761,0.060789370487257716,0.06518166562180469,0.0750010001479033,True,0.11739922759509025,0.9969584588816063,0.09587238680308015,1.0003977380862221,0.06751148727898276,1.0026212617463384,0.0631240043293858,0.5230260642455616,0.06122561120828452,0.9942727130960984,0.8449459855258096,0.060789370487257716,0.06518166562180469,0.0750010001479033
GDR1_2163069500202546688,313.76662345958664,44.74070007403486,0.08257782456273834,0.9460794746476903,0.08121737968286936,44.01430309531518,0.07072706961737052,0.5065168138766977,0.07060026477515655,18.43381915396432,0.06576431021772597,33.76474810814285,0.9170974004275267,0.06206171395552989,0.02440071014604766,17.419238013523135,0.06929490113482942,0.07435495787307381,0.08565145081499777,True,0.08257782456273834,0.9460794746476903,0.08121737968286936,44.01430309531518,0.07072706961737052,0.5065168138766977,0.07060026477515655,18.43381915396432,0.06576431021772597,33.76474810814285,0.9170974004275267,0.06929490113482942,0.07435495787307381,0.08565145081499777
GDR1_2163136192456870016,312.83106326015115,44.325146090175686,0.06659762340106849,1.0848727409527652,0.06055876943491314,0.5195455776749023,0.05695815846592313,0.5203446491467176,0.0451996915567576,1.5012921967259094,0.04359044248028013,0.5992191983707367,0.9090818792983196,0.31375878279652847,0.06969119087839948,17.171662231012657,0.06253597335328144,0.06706054654614499,0.07717290522174428,True,0.06659762340106849,1.0848727409527652,0.06055876943491314,0.5195455776749023,0.05695815846592313,0.5203446491467176,0.0451996915567576,1.5012921967259094,0.04359044248028013,0.5992191983707367,0.9090818792983196,0.06253597335328144,0.06706054654614499,0.07717290522174428
GDR1_2162134880959435904,314.1945193774256,43.767239662532866,0.670650116458473,3.3715123096417754,0.5132292198711859,0.7696133015745188,0.4917537865937942,1.41593576704332,0.445201591355684,0.5860697247246516,0.4095423965614028,1.4214023178391915,0.21602756481759838,-0.03255408190267313,0.008242055742809793,17.12875148013245,0.06490289113191999,0.06962887632378931,0.08018669366899901,True,0.670650116458473,3.3715123096417754,0.5132292198711859,0.7696133015745188,0.4917537865937942,1.41593576704332,0.445201591355684,0.5860697247246516,0.4095423965614028,1.4214023178391915,0.21602756481759838,0.06490289113191999,0.06962887632378931,0.08018669366899901
GDR1_2162128009011784832,314.5450978433306,43.885607658494436,0.463195352761236,1.0009043661433403,0.35408557909955124,0.9964714442653783,0.24085867087573193,0.998929319020456,0.2268574860169319,0.5001554813054951,0.21821188466692204,0.9937817143362057,0.558687901499481,0.19980308170410044,0.023115618599988796,15.738759987959865,0.06553911240143158,0.07030971062574673,0.08096630200048963,True,0.463195352761236,1.0009043661433403,0.35408557909955124,0.9964714442653783,0.24085867087573193,0.998929319020456,0.2268574860169319,0.5001554813054951,0.21821188466692204,0.9937817143362057,0.558687901499481,0.06553911240143158,0.07030971062574673,0.08096630200048963
GDR1_2066790146043148928,313.063094833578,43.502067898891696,0.3458608835540346,1.0006570582499965,0.2770634374673751,0.9937817143362057,0.2491319295164091,0.5001554813054951,0.23504558611542223,0.9962263218648008,0.22020136553116518,1.0033841850480578,0.681977090953879,0.10170968776206524,0.030626959854600403,16.51341547033333,0.06530764352657979,0.07006343490696211,0.08068721755033974,True,0.3458608835540346,1.0006570582499965,0.2770634374673751,0.9937817143362057,0.2491319295164091,0.5001554813054951,0.23504558611542223,0.9962263218648008,0.22020136553116518,1.0033841850480578,0.681977090953879,0.06530764352657979,0.07006343490696211,0.08068721755033974
GDR1_2163139937669407872,312.6557508284225,44.34805504775345,0.2367488118172443,6.048294312112774,0.21341409581384232,0.5002136239889606,0.21085919827467517,0.9954917105753208,0.2045820941576353,0.5441988259538733,0.19399644448492326,1.0006443091252897,0.742248177673499,-0.06665640441106661,0.009869623213356367,15.32480987120253,0.062475843164619106,0.06700092239525929,0.07711430996880107,True,0.2367488118172443,6.048294312112774,0.21341409581384232,0.5002136239889606,0.21085919827467517,0.9954917105753208,0.2045820941576353,0.5441988259538733,0.19399644448492326,1.0006443091252897,0.742248177673499,0.062475843164619106,0.06700092239525929,0.07711430996880107
GDR1_2163145984982389632,312.916507636757,44.553945873148145,0.25470521236981986,1.0023737155745616,0.24653295687747787,0.9994126678960129,0.2212789525007719,182.5521800272541,0.21327916865062976,0.9916013989061335,0.20327158602023015,1.005601381057289,0.6808050576795323,0.4901433166783781,0.05485782057927791,16.54426884177215,0.06227044406873405,0.06679725519337185,0.0769141625488567,True,0.25470521236981986,1.0023737155745616,0.24653295687747787,0.9994126678960129,0.2212789525007719,182.5521800272541,0.21327916865062976,0.9916013989061335,0.20327158602023015,1.005601381057289,0.6808050576795323,0.06227044406873405,0.06679725519337185,0.0769141625488567
GDR1_2162886568955114112,313.4279200391176,44.06351857361957,0.13832440333618592,0.9043521977751381,0.1230317284847216,1.1143526595488389,0.11513675759600366,9.480335991080453,0.11396672811722525,9.730273298948001,0.11113318619786049,0.5020073380553884,0.851772485554396,0.30788684595808263,0.03248622385723308,15.453546489272028,0.04019035786946305,0.04297809456537161,0.049231272949137914,True,0.13832440333618592,0.9043521977751381,0.1230317284847216,1.1143526595488389,0.11513675759600366,9.480335991080453,0.11396672811722525,9.730273298948001,0.11113318619786049,0.5020073380553884,0.851772485554396,0.04019035786946305,0.04297809456537161,0.049231272949137914
GDR1_2162988754817727232,313.6121692637456,44.79805822787978,0.15539405887997443,11.591652357794953,0.14667055617390007,1.0909949827718617,0.12512815966826385,0.9205517318402199,0.12255313607733546,1.093051114331493,0.1176145182230782,0.521547875715989,0.8275308193228347,0.5773711723377204,0.07288549019046704,15.681671987692308,0.06091704782677805,0.06532257268654773,0.0751711565416273,True,0.15539405887997443,11.591652357794953,0.14667055617390007,1.0909949827718617,0.12512815966826385,0.9205517318402199,0.12255313607733546,1.093051114331493,0.1176145182230782,0.521547875715989,0.8275308193228347,0.06091704782677805,0.06532257268654773,0.0751711565416273
2MASS_J20533662+4439529,313.40262665227465,44.66467215720368,0.33095984255378846,3.2087630887765997,0.2685894214958955,0.7608079801959173,0.26100557392328966,1.4467238647099636,0.20254086339096164,0.762379531657052,0.18415355256203225,1.604533352788983,0.44376914107176285,0.41262135527035826,0.009986539680120613,16.721199944303795,0.0624292428352362,0.06695471454209201,0.07706889997170893,True,0.33095984255378846,3.2087630887765997,0.2685894214958955,0.7608079801959173,0.26100557392328966,1.4467238647099636,0.20254086339096164,0.762379531657052,0.18415355256203225,1.604533352788983,0.44376914107176285,0.0624292428352362,0.06695471454209201,0.07706889997170893
GDR1_2163141208978477312,312.63467375634264,44.43817851699804,0.1705963452917385,1.0018789897634055,0.1633484137298901,0.995247672015797,0.14545175060477422,0.9994126678960129,0.1347425624990202,211.01752396179336,0.0903280993125814,0.9925711234611143,0.7129030733361691,-0.04272555043076986,0.008280610907535572,17.764991392405065,0.06240259136472044,0.06692828765363812,0.07704292957459834,True,0.1705963452917385,1.0018789897634055,0.1633484137298901,0.995247672015797,0.14545175060477422,0.9994126678960129,0.1347425624990202,211.01752396179336,0.0903280993125814,0.9925711234611143,0.7129030733361691,0.06240259136472044,0.06692828765363812,0.07704292957459834
GDR1_2162240708953684992,314.5397046059057,44.184086431611995,0.17535495688882027,1.0043575143808818,0.17266654323293798,0.5003985859745954,0.14107563776956508,191.14715251466205,0.11974887279276152,1.017956323315101,0.119609728416755,1.0023737155745616,0.8690656311147832,0.18640033907282597,0.0476137070144411,18.411467504299065,0.03943517029166516,0.04215628646720846,0.04826103321008895,True,0.17535495688882027,1.0043575143808818,0.17266654323293798,0.5003985859745954,0.14107563776956508,191.14715251466205,0.11974887279276152,1.017956323315101,0.119609728416755,1.0023737155745616,0.8690656311147832,0.03943517029166516,0.04215628646720846,0.04826103321008895
GDR1_2067120514926515200,312.1200287972347,44.403194018955965,0.4173647266383903,9.017099354611183,0.3493999988403538,1.1211226506227425,0.3124852774163728,0.8979514594646623,0.2872592315416706,0.9001414687185355,0.26298211540807115,0.5285414646802886,0.5246423231823361,0.013071655355351056,0.007621703637019609,16.555612523765433,0.0609982192003005,0.06541744491417852,0.07529624746949976,True,0.4173647266383903,9.017099354611183,0.3493999988403538,1.1211226506227425,0.3124852774163728,0.8979514594646623,0.2872592315416706,0.9001414687185355,0.26298211540807115,0.5285414646802886,0.5246423231823361,0.0609982192003005,0.06541744491417852,0.07529624746949976
GDR1_2162961267026674432,313.4896617057508,44.342379395681846,0.13900449021807712,0.9991667033918239,0.13674706800756392,0.9979386946616549,0.12058257928276386,0.9962245448528303,0.11602810993804058,1.001137816021894,0.09407115368293284,0.9870209637108149,0.8312676925890983,0.21535891198840942,0.013638511577309751,16.743939964102562,0.0631199244737847,0.06770088873142119,0.07793789583512406,True,0.13900449021807712,0.9991667033918239,0.13674706800756392,0.9979386946616549,0.12058257928276386,0.9962245448528303,0.11602810993804058,1.001137816021894,0.09407115368293284,0.9870209637108149,0.8312676925890983,0.0631199244737847,0.06770088873142119,0.07793789583512406
GDR1_2162989201494332800,313.57383253288066,44.811134999192745,0.27359908621916207,9.038308843730665,0.20628043827215908,0.8983386116976076,0.1910113896602655,0.5284303258976808,0.18556061515791925,1.1210303391784073,0.18052447866788962,1.124099993104303,0.6981672002396797,0.04763577190049573,0.006825653485706034,14.531002381176473,0.07431882189262254,0.07987732329525606,0.0922718280677496,True,0.27359908621916207,9.038308843730665,0.20628043827215908,0.8983386116976076,0.1910113896602655,0.5284303258976808,0.18556061515791925,1.1210303391784073,0.18052447866788962,1.124099993104303,0.6981672002396797,0.07431882189262254,0.07987732329525606,0.0922718280677496
GDR2_2162948455142499968,312.9943655202102,44.2490878988824,0.07223453328117704,0.9891853571043463,0.07086768454742855,1.0719822769486054,0.0691857475180593,1.9830868351277586,0.06604759906512855,7.8642843212675775,0.06552890725919616,122.13974396777735,0.9146817961202746,-0.07322159799638799,0.015989122248035566,16.939160590625,0.04090486037796853,0.043745416117521745,0.05011639433542669,True,0.07223453328117704,0.9891853571043463,0.07086768454742855,1.0719822769486054,0.0691857475180593,1.9830868351277586,0.06604759906512855,7.8642843212675775,0.06552890725919616,122.13974396777735,0.9146817961202746,0.04090486037796853,0.043745416117521745,0.05011639433542669
GDR1_2162091278451209472,314.2148785903454,43.38047442503331,0.1663380327222998,0.9994223496992823,0.15501980441191093,0.9976988678747502,0.13576044929984382,121.98577217991892,0.12424667612874699,1.005376905023934,0.1117703440915463,0.9918346495793183,0.806523650777872,-0.10630314989075654,0.007950012984315344,17.180913789679717,0.06929136711015824,0.0743514560444701,0.08564801463950182,True,0.1663380327222998,0.9994223496992823,0.15501980441191093,0.9976988678747502,0.13576044929984382,121.98577217991892,0.12424667612874699,1.005376905023934,0.1117703440915463,0.9918346495793183,0.806523650777872,0.06929136711015824,0.0743514560444701,0.08564801463950182
GDR1_2067062824937136000,312.6543514096502,44.30684138979343,0.4986107634626567,1.0023737155745616,0.46251967982589604,0.9945162737039492,0.4358176790188683,191.14715251466205,0.3673541636032161,1.0001512885334793,0.2916994134678139,0.5005836847961308,0.5199693892319193,0.48554648614235457,0.02086789168763394,14.797057259177215,0.06250376006797234,0.06702860430376896,0.07714151410152617,True,0.4986107634626567,1.0023737155745616,0.46251967982589604,0.9945162737039492,0.4358176790188683,191.14715251466205,0.3673541636032161,1.0001512885334793,0.2916994134678139,0.5005836847961308,0.5199693892319193,0.06250376006797234,0.06702860430376896,0.07714151410152617
2MASS_J20510895+4416420,312.78730191056013,44.27831364345297,0.1793197293269349,1.1904892992814269,0.1750424217508796,6.149062663729158,0.13481349074410598,0.543397595160201,0.1301092802046459,6.22448359083773,0.1264392802653211,0.8595485374638134,0.7836237938229438,0.2442378059061161,0.017123680865759123,18.22884172435065,0.06392245735318966,0.06855947440000791,0.07892065916535608,True,0.1793197293269349,1.1904892992814269,0.1750424217508796,6.149062663729158,0.13481349074410598,0.543397595160201,0.1301092802046459,6.22448359083773,0.1264392802653211,0.8595485374638134,0.7836237938229438,0.06392245735318966,0.06855947440000791,0.07892065916535608
GDR1_2162952711451794176,313.25749878643944,44.31827220058873,0.5131848828215514,8.264510977312852,0.4178107340191679,1.1342782811570877,0.3891040842068299,0.5314473484094379,0.3843117635810325,0.8896867251663035,0.3570091891289294,1.1377749806900135,0.4060329047234466,0.006738619609485184,0.012929941803805852,17.29874067120253,0.062395080975084095,0.06692084056688491,0.0770356111515002,True,0.5131848828215514,8.264510977312852,0.4178107340191679,1.1342782811570877,0.3891040842068299,0.5314473484094379,0.3843117635810325,0.8896867251663035,0.3570091891289294,1.1377749806900135,0.4060329047234466,0.062395080975084095,0.06692084056688491,0.0770356111515002
2MASS_J20505363+4424305,312.7234562095467,44.40844658880434,0.12990905839347047,5.340230268367138,0.11272275526097496,1.2264531420839329,0.0868116388532057,0.5507694571311899,0.08290480886029876,106.16934447654826,0.08267684297950895,0.9906335673094834,0.8592732523890276,0.34033183715763715,0.028553835885102713,17.000678722364217,0.06298536006125278,0.0675519880838058,0.07775732802962472,True,0.12990905839347047,5.340230268367138,0.11272275526097496,1.2264531420839329,0.0868116388532057,0.5507694571311899,0.08290480886029876,106.16934447654826,0.08267684297950895,0.9906335673094834,0.8592732523890276,0.06298536006125278,0.0675519880838058,0.07775732802962472
2MASS_J20512059+4420322,312.83581316745375,44.342285888519115,0.1438642253295526,1.6237859092888862,0.14181119586407498,1.6051677464109664,0.1358030854831604,2.632440523387406,0.11461911444823321,0.6178215819948863,0.1133220654226321,2.583854181616637,0.8095383894053254,-0.11860452719567341,0.007038260460115807,16.97498299079365,0.06260305111734876,0.06714224720012632,0.07728681555534835,True,0.1438642253295526,1.6237859092888862,0.14181119586407498,1.6051677464109664,0.1358030854831604,2.632440523387406,0.11461911444823321,0.6178215819948863,0.1133220654226321,2.583854181616637,0.8095383894053254,0.06260305111734876,0.06714224720012632,0.07728681555534835
2MASS_J20510029+4424364,312.75123585817425,44.410094107931116,0.7086421774449121,7.008938672886845,0.5714321437983009,1.1625358542380206,0.5600916563798419,0.8730418305283181,0.42350935611014856,0.8751118810858681,0.41062717759345674,0.537569495335178,0.23683408260659494,0.12064017897730991,0.020705552942281415,18.333751248089172,0.06289587747626801,0.06744788391527409,0.07762098985348308,True,0.7086421774449121,7.008938672886845,0.5714321437983009,1.1625358542380206,0.5600916563798419,0.8730418305283181,0.42350935611014856,0.8751118810858681,0.41062717759345674,0.537569495335178,0.23683408260659494,0.06289587747626801,0.06744788391527409,0.07762098985348308
GDR1_2162978172018122240,313.2877317325571,44.50295916225333,0.11718227618164818,0.9986751374093034,0.10802394460127081,0.5161111068157274,0.09142480266848031,15.364299621954048,0.08994545127216678,1.0694408564953413,0.08104301490244172,0.9957358688425855,0.9132279547898947,-0.05811037145057695,0.027399708258917833,17.77974153322785,0.0624702394163671,0.06699536582881647,0.07710884932383374,True,0.11718227618164818,0.9986751374093034,0.10802394460127081,0.5161111068157274,0.09142480266848031,15.364299621954048,0.08994545127216678,1.0694408564953413,0.08104301490244172,0.9957358688425855,0.9132279547898947,0.0624702394163671,0.06699536582881647,0.07710884932383374
GDR1_2067067807089176192,312.2990627247952,44.209140069320284,0.10511506937584426,0.5036386316962398,0.099773110975503,0.9118839944087016,0.09623710858208796,1.0175014460758625,0.0914232304143269,58.52444744338982,0.09029441584916138,0.9807854390478535,0.881589488002752,0.14032200268430287,0.01785274770704307,17.492141815891475,0.07472994008600087,0.0802159133344615,0.09245242044983656,True,0.10511506937584426,0.5036386316962398,0.099773110975503,0.9118839944087016,0.09623710858208796,1.0175014460758625,0.0914232304143269,58.52444744338982,0.09029441584916138,0.9807854390478535,0.881589488002752,0.07472994008600087,0.0802159133344615,0.09245242044983656
GDR1_2163140968460295680,312.6154861844204,44.39139410498164,0.3420513997194141,0.996469062772273,0.3118740587113045,1.0008910017405337,0.27565651403077845,0.9981840548662192,0.1990239590253092,0.9937859495983905,0.18471727877964825,0.5001520003755042,0.611753062896461,-0.3261123599862721,0.007140615666578855,15.265812181329117,0.06247879332873894,0.06700384772145042,0.07711718479830307,True,0.3420513997194141,0.996469062772273,0.3118740587113045,1.0008910017405337,0.27565651403077845,0.9981840548662192,0.1990239590253092,0.9937859495983905,0.18471727877964825,0.5001520003755042,0.611753062896461,0.06247879332873894,0.06700384772145042,0.07711718479830307
GDR1_2162984631649047936,313.2637373528789,44.663571185242866,0.1920297263744878,0.996469062772273,0.1740261439756177,4.76934392739261,0.16853969721283102,1.2611219633713602,0.1408847623202047,0.8264771295202945,0.11374351552614623,0.8247980622096939,0.7910709701470399,0.252508556648985,0.011065340339522405,17.495358950632912,0.06239643252748451,0.06692218072693759,0.07703692815674937,True,0.1920297263744878,0.996469062772273,0.1740261439756177,4.76934392739261,0.16853969721283102,1.2611219633713602,0.1408847623202047,0.8264771295202945,0.11374351552614623,0.8247980622096939,0.7910709701470399,0.06239643252748451,0.06692218072693759,0.07703692815674937
GDR1_2163143717240796032,312.7537272945984,44.530465728732146,0.08340630301365005,0.9967137007523824,0.08327500433701866,0.9942727130960984,0.07173623146074412,1.1648707730234253,0.07166936505785082,0.8737934421029389,0.07147969241767271,6.937081530284083,0.9194647265370012,0.4491274651215769,0.08399306344592267,15.958055012658228,0.06253665179717874,0.0670612192829588,0.07717356635348067,True,0.08340630301365005,0.9967137007523824,0.08327500433701866,0.9942727130960984,0.07173623146074412,1.1648707730234253,0.07166936505785082,0.8737934421029389,0.07147969241767271,6.937081530284083,0.9194647265370012,0.06253665179717874,0.0670612192829588,0.07717356635348067
GDR1_2162221811096717952,314.5817321920033,43.89846388188703,0.2720518888032152,0.9962263218648008,0.22012510526761378,0.9979447155428904,0.20925029860702615,1.001151796308971,0.20503497403954635,0.9991757735399309,0.09830072183538152,1.0157151019917152,0.7030587536860011,0.010429552749909756,0.0154713853902834,16.332937650662256,0.06496414621960186,0.06968959921567375,0.08024633363639215,True,0.2720518888032152,0.9962263218648008,0.22012510526761378,0.9979447155428904,0.20925029860702615,1.001151796308971,0.20503497403954635,0.9991757735399309,0.09830072183538152,1.0157151019917152,0.7030587536860011,0.06496414621960186,0.06968959921567375,0.08024633363639215
GDR1_2067128658184872064,312.34681680905624,44.57699362853485,0.2546220760987057,0.9209254187246995,0.25089989501702054,11.683182733640674,0.23344033915103576,1.090294307789313,0.176840305050238,11.991080499593298,0.17091140962513823,0.9990264930361189,0.7323302129521091,0.13451057931223814,0.0163899664177101,17.435537612727273,0.08280198052572986,0.089208888497402,0.10346660402355075,True,0.2546220760987057,0.9209254187246995,0.25089989501702054,11.683182733640674,0.23344033915103576,1.090294307789313,0.176840305050238,11.991080499593298,0.17091140962513823,0.9990264930361189,0.7323302129521091,0.08280198052572986,0.089208888497402,0.10346660402355075
GDR1_2162951474504020224,313.2076249187297,44.317265273447205,0.12615232222952935,8.623538619749432,0.1158767914775838,1.1310209968658287,0.11348828400484633,0.8939070546432119,0.11191591285143915,8.426416810152546,0.11159801847546627,1.005888807313377,0.8701931062602989,0.3692833426891314,0.03018865252167613,15.59799658622951,0.06442320797316915,0.06910415878243086,0.07956247590374438,True,0.12615232222952935,8.623538619749432,0.1158767914775838,1.1310209968658287,0.11348828400484633,0.8939070546432119,0.11191591285143915,8.426416810152546,0.11159801847546627,1.005888807313377,0.8701931062602989,0.06442320797316915,0.06910415878243086,0.07956247590374438
GDR1_2162947591850664960,312.82599171691106,44.21892964524781,0.5551933577335301,7.879547680602515,0.4455922511953095,1.1416142328264312,0.4114934970370487,0.885224944428077,0.37143227511462096,0.8873532427546418,0.3039412433544284,0.5330522466208507,0.43574150526269684,-0.1036524900229013,0.03197384364693875,15.534116549446495,0.07163586648342932,0.07687192505747802,0.08855719959273368,True,0.5551933577335301,7.879547680602515,0.4455922511953095,1.1416142328264312,0.4114934970370487,0.885224944428077,0.37143227511462096,0.8873532427546418,0.3039412433544284,0.5330522466208507,0.43574150526269684,0.07163586648342932,0.07687192505747802,0.08855719959273368
GDR1_2162935565942174208,313.41729718195745,44.17929426247285,0.08048427981021782,0.5154558307636937,0.07884580968871167,1.066911457774005,0.07784159818985321,5.004507251282854,0.07381835898444866,9.824458635258397,0.07281129372651714,1.2456444632170969,0.8991735934775549,0.2815054754918692,0.0444075933676283,17.357072902862594,0.04001956363382691,0.042797161243634196,0.049027681553468164,True,0.08048427981021782,0.5154558307636937,0.07884580968871167,1.066911457774005,0.07784159818985321,5.004507251282854,0.07381835898444866,9.824458635258397,0.07281129372651714,1.2456444632170969,0.8991735934775549,0.04001956363382691,0.042797161243634196,0.049027681553468164
GDR1_2162988101982678912,313.6231402254145,44.75750335500434,0.10493996227304268,0.9302545404275827,0.08323193758536894,13.892217593911385,0.07847795469106857,1.0390593204568956,0.07700662573853657,24.87054705713289,0.07490069805754464,0.5189478827877134,0.8765275846736971,0.11210663655621315,0.037867307250550986,16.58704143128834,0.06071608537635403,0.06510898522056391,0.0749295480239407,True,0.10493996227304268,0.9302545404275827,0.08323193758536894,13.892217593911385,0.07847795469106857,1.0390593204568956,0.07700662573853657,24.87054705713289,0.07490069805754464,0.5189478827877134,0.8765275846736971,0.06071608537635403,0.06510898522056391,0.0749295480239407
GDR1_2163137738645105280,312.8444553863257,44.3521006870259,0.17133971461643732,7.759074375756787,0.15862994931284688,3.8841374288495203,0.13672667625330043,0.5335426196428141,0.1365819150011256,1.3419941283153864,0.13485565131520696,1.1438657855388203,0.6769984456757938,0.18588196940750307,0.022876324472436965,16.11277988386076,0.062481991004403985,0.06700701847653782,0.07712030082201005,True,0.17133971461643732,7.759074375756787,0.15862994931284688,3.8841374288495203,0.13672667625330043,0.5335426196428141,0.1365819150011256,1.3419941283153864,0.13485565131520696,1.1438657855388203,0.6769984456757938,0.062481991004403985,0.06700701847653782,0.07712030082201005
GDR1_2162965287117378944,313.3769366489555,44.445401246216534,0.3508590854374348,1.0028689302163032,0.31703029035157887,0.9940292717567737,0.2700901082388408,1.0001512885334793,0.24636920560330583,182.5521800272541,0.15237262237051177,0.9969584588816063,0.5834826514755929,0.49769511129935406,0.040849957202646996,17.857208163291137,0.06228840886683241,0.06681506830951164,0.07693166749494126,True,0.3508590854374348,1.0028689302163032,0.31703029035157887,0.9940292717567737,0.2700901082388408,1.0001512885334793,0.24636920560330583,182.5521800272541,0.15237262237051177,0.9969584588816063,0.5834826514755929,0.06228840886683241,0.06681506830951164,0.07693166749494126
2MASS_J20511455+4413379,312.8106511817742,44.22717526035429,0.1611251355974823,235.49834708820163,0.15833257423849656,0.9930566973343238,0.14157093736363993,0.9954917105753208,0.12454646884288681,154.72348245367584,0.12320069009558518,1.0038608288924442,0.8162451231014634,0.10119856559395933,0.007355554428609012,17.319683960516606,0.0716674864719293,0.07690325012567371,0.08858792253564718,True,0.1611251355974823,235.49834708820163,0.15833257423849656,0.9930566973343238,0.14157093736363993,0.9954917105753208,0.12454646884288681,154.72348245367584,0.12320069009558518,1.0038608288924442,0.8162451231014634,0.0716674864719293,0.07690325012567371,0.08858792253564718
GDR1_2162949378557115136,312.9246367931808,44.26892642828634,0.08098133850290112,0.5055077206839612,0.07382097598260957,1.022571464093387,0.05784598512141254,103.46366329215404,0.05534907655932563,0.9906335673094834,0.05485111433745715,8.560767851858872,0.9078232800762026,-0.06128134348276872,0.013437439017815252,15.806769566903071,0.0481026474842234,0.05152315505751186,0.0591851279269314,True,0.08098133850290112,0.5055077206839612,0.07382097598260957,1.022571464093387,0.05784598512141254,103.46366329215404,0.05534907655932563,0.9906335673094834,0.05485111433745715,8.560767851858872,0.9078232800762026,0.0481026474842234,0.05152315505751186,0.0591851279269314
GDR1_2163139873247408384,312.6685306707504,44.339344334403286,0.4942346957517163,5.0355433626638195,0.3862395703030876,1.2433555447546472,0.37607571243376503,0.8324080869896887,0.3096376932364446,0.5542281010874804,0.30881300487288654,0.8341183132928669,0.4567742761379567,0.04898202436661096,0.016376464628193144,18.230372762974685,0.06230605458359168,0.06683256507685657,0.07694886162558773,True,0.4942346957517163,5.0355433626638195,0.3862395703030876,1.2433555447546472,0.37607571243376503,0.8324080869896887,0.3096376932364446,0.5542281010874804,0.30881300487288654,0.8341183132928669,0.4567742761379567,0.06230605458359168,0.06683256507685657,0.07694886162558773
GDR1_2162969788241973632,313.68607457615644,44.52895151743057,0.20130045363794713,0.996469062772273,0.19181435616755588,0.9981840548662192,0.1688121692033961,1.0008910017405337,0.0825670963118377,0.9935427465334492,0.0619973181819885,0.5002136239889606,0.7489385501490534,-0.07140715597073394,0.005417930351224504,14.161540622699382,0.06079839848253756,0.06519061916891784,0.07500980245530539,True,0.20130045363794713,0.996469062772273,0.19181435616755588,0.9981840548662192,0.1688121692033961,1.0008910017405337,0.0825670963118377,0.9935427465334492,0.0619973181819885,0.5002136239889606,0.7489385501490534,0.06079839848253756,0.06519061916891784,0.07500980245530539
GDR1_2162942918926094208,312.95230917862733,44.088782803535345,0.06594066877759108,0.9962245448528303,0.052496343495862026,53.959132694959436,0.0512612732702586,1.001137816021894,0.048635655688086595,0.5463960586227947,0.04859479589671253,0.9791652446967323,0.8832304116104133,0.030443430333829808,0.009148294735043468,16.984882794291757,0.043584581683190224,0.04665423993995216,0.05353535177249774,True,0.06594066877759108,0.9962245448528303,0.052496343495862026,53.959132694959436,0.0512612732702586,1.001137816021894,0.048635655688086595,0.5463960586227947,0.04859479589671253,0.9791652446967323,0.8832304116104133,0.043584581683190224,0.04665423993995216,0.05353535177249774
GDR1_2162955185352996096,313.0539040561621,44.34816854948304,0.1351682079972063,1.001137816021894,0.1157141045493314,0.9991667033918239,0.11501095517925294,0.996469062772273,0.09729445487644812,0.9979386946616549,0.094410044475481,0.9950037530759985,0.8780738225520472,0.11192413721246514,0.09159730165187839,17.553402915238095,0.06280720626236368,0.0673446812148301,0.07748574952319473,True,0.1351682079972063,1.001137816021894,0.1157141045493314,0.9991667033918239,0.11501095517925294,0.996469062772273,0.09729445487644812,0.9979386946616549,0.094410044475481,0.9950037530759985,0.8780738225520472,0.06280720626236368,0.0673446812148301,0.07748574952319473
2MASS_J20511374+4422252,312.8072667450728,44.37366095322359,0.2810204808195674,2.0763971415352636,0.2381789862896601,1.9184282758406064,0.21186795738499234,0.6736960235907767,0.19822142882621124,0.6573342220538164,0.16572523991064572,0.6748158194918664,0.4461851170838893,-0.1411884111549158,0.01079203824751848,18.713989500955414,0.06273558826187862,0.06728895014342202,0.0774648120975765,True,0.2810204808195674,2.0763971415352636,0.2381789862896601,1.9184282758406064,0.21186795738499234,0.6736960235907767,0.19822142882621124,0.6573342220538164,0.16572523991064572,0.6748158194918664,0.4461851170838893,0.06273558826187862,0.06728895014342202,0.0774648120975765
GDR1_2162944911791083136,313.09385664703177,44.23337851243401,0.30374260169361594,3.00899416960918,0.24884565053519905,0.7491555955104011,0.2253493639168786,1.491365347749703,0.19255319812762003,1.4968639970945377,0.19132028807709367,0.7505405510247652,0.6398824370250576,0.13510979594003653,0.012942840921637989,15.98720932423077,0.04034452283073891,0.043142583577951935,0.049418807456779276,True,0.30374260169361594,3.00899416960918,0.24884565053519905,0.7491555955104011,0.2253493639168786,1.491365347749703,0.19255319812762003,1.4968639970945377,0.19132028807709367,0.7505405510247652,0.6398824370250576,0.04034452283073891,0.043142583577951935,0.049418807456779276
GDR1_2162117563651224960,314.3612272648295,43.59153144981275,0.2662205489668793,6.956136400980485,0.2380777968855613,1.1667029672768738,0.22557638562660112,0.5378155938109597,0.22521308201250134,0.8722129508836055,0.21104874057479903,1.1643549360830874,0.7089489665359745,0.03765139514252633,0.013367785305583434,17.195405385430462,0.06493866412321353,0.06966433845864788,0.08022152329189357,True,0.2662205489668793,6.956136400980485,0.2380777968855613,1.1667029672768738,0.22557638562660112,0.5378155938109597,0.22521308201250134,0.8722129508836055,0.21104874057479903,1.1643549360830874,0.7089489665359745,0.06493866412321353,0.06966433845864788,0.08022152329189357
GDR1_2163138361418522624,312.9135525014715,44.40778696773347,0.12771324490106822,0.9989208599260279,0.12071376988887215,0.996469062772273,0.10366714775340241,0.5004602703702882,0.0920857460552482,1.0041091102149369,0.09038377050514042,1.0361422826455173,0.8694881908233687,0.1944457566515969,0.045359977738223936,14.83070555063291,0.06250434698635374,0.06702918628268845,0.07714208603738004,True,0.12771324490106822,0.9989208599260279,0.12071376988887215,0.996469062772273,0.10366714775340241,0.5004602703702882,0.0920857460552482,1.0041091102149369,0.09038377050514042,1.0361422826455173,0.8694881908233687,0.06250434698635374,0.06702918628268845,0.07714208603738004
GDR1_2162902683672550912,314.0487983814546,44.18196083626438,0.17409716370675257,0.8155199444573179,0.17023587675258772,4.474952771346484,0.14231502000031163,1.2875183255409248,0.10032387323806062,0.561976603732674,0.09843168417876211,4.421345313718585,0.8143282645647754,0.48620214621999625,0.040152711378650764,16.040120445676692,0.03950325935043207,0.04224009239500203,0.04837972190005524,True,0.17409716370675257,0.8155199444573179,0.17023587675258772,4.474952771346484,0.14231502000031163,1.2875183255409248,0.10032387323806062,0.561976603732674,0.09843168417876211,4.421345313718585,0.8143282645647754,0.03950325935043207,0.04224009239500203,0.04837972190005524
GDR1_2163135573981345152,312.7565367275058,44.26166089652195,0.6970810634277158,7.3649550929997165,0.5409734801814116,1.1536167486101196,0.5251275714119865,0.8783304296389801,0.4141996906968784,0.8804256656174981,0.3886725361932506,0.5355838132152514,0.2591275822430877,-0.0019961565751963404,0.013636759563168947,15.458944435973597,0.06484448733205359,0.06955447785297465,0.08007711321293626,True,0.6970810634277158,7.3649550929997165,0.5409734801814116,1.1536167486101196,0.5251275714119865,0.8783304296389801,0.4141996906968784,0.8804256656174981,0.3886725361932506,0.5355838132152514,0.2591275822430877,0.06484448733205359,0.06955447785297465,0.08007711321293626
GDR1_2162221673657766272,314.62700181220225,43.90262235999385,0.24644174113229073,0.9942696755717223,0.24142663870742026,1.0031356503394628,0.1947277208897662,167.3534413933319,0.17729295868007822,0.5000319739180461,0.154702363549936,0.9999158672980116,0.670359256915274,0.08098849466053863,0.011196857012161218,17.284063567880793,0.06498942772897333,0.06971466120380705,0.08027094887522665,True,0.24644174113229073,0.9942696755717223,0.24142663870742026,1.0031356503394628,0.1947277208897662,167.3534413933319,0.17729295868007822,0.5000319739180461,0.154702363549936,0.9999158672980116,0.670359256915274,0.06498942772897333,0.06971466120380705,0.08027094887522665
GDR1_2162945976943020416,313.0767383034075,44.27513466759154,0.07569746346040904,0.9786931575547204,0.07347817447756658,53.25137367928006,0.06234623545310501,1.510789663609663,0.06056534380564108,1.0649524044740597,0.06009241321818602,16.420737546711194,0.9080144009560961,0.1155031019382541,0.057567549541836294,17.517297898325356,0.048831232833845835,0.05228972270315742,0.06003648447360961,True,0.07569746346040904,0.9786931575547204,0.07347817447756658,53.25137367928006,0.06234623545310501,1.510789663609663,0.06056534380564108,1.0649524044740597,0.06009241321818602,16.420737546711194,0.9080144009560961,0.048831232833845835,0.05228972270315742,0.06003648447360961
GDR1_2162965012238950656,313.4077230134428,44.405784683179455,0.720773233372397,14.435578111177772,0.5774555137192481,1.0711337957632578,0.556511387482784,0.9328194394193314,0.47464554666915826,0.517163020938779,0.4737819515515627,0.9351830533219038,0.21332560816816265,0.036096355390420526,0.014426305448245264,17.702651426265824,0.062432604201899874,0.06695804758990087,0.07707217545495662,True,0.720773233372397,14.435578111177772,0.5774555137192481,1.0711337957632578,0.556511387482784,0.9328194394193314,0.47464554666915826,0.517163020938779,0.4737819515515627,0.9351830533219038,0.21332560816816265,0.062432604201899874,0.06695804758990087,0.07707217545495662
GDR1_2163136123738466688,312.80038267902404,44.313240837133534,0.09610520781120471,1.0104003963299573,0.0957090878209761,0.5018998114901241,0.07433546911365418,0.9967403622012291,0.07403996090924761,0.9982125725726924,0.07388795340133814,0.5050881758984243,0.8448820634326468,0.005947886454337955,0.016778855443188686,17.856060620915034,0.06421538656235481,0.06888194422151697,0.07930838129487898,True,0.09610520781120471,1.0104003963299573,0.0957090878209761,0.5018998114901241,0.07433546911365418,0.9967403622012291,0.07403996090924761,0.9982125725726924,0.07388795340133814,0.5050881758984243,0.8448820634326468,0.06421538656235481,0.06888194422151697,0.07930838129487898
GDR1_2163135677060562176,312.7737481103964,44.2756174992443,0.12316633426026277,0.5081016124904334,0.11071120344338267,29.15735861214416,0.10707563742797331,10.48409170772308,0.10536065193058827,1.1052515430634993,0.10476736381840064,1.0358779093390764,0.8683272295918986,0.20225851487367558,0.0548681633610284,14.880948977096775,0.06356218309985119,0.06817063262337468,0.07846860056387338,True,0.12316633426026277,0.5081016124904334,0.11071120344338267,29.15735861214416,0.10707563742797331,10.48409170772308,0.10536065193058827,1.1052515430634993,0.10476736381840064,1.0358779093390764,0.8683272295918986,0.06356218309985119,0.06817063262337468,0.07846860056387338
GDR1_2162949309837722880,313.00072099191436,44.333053725436564,0.16845738698591367,4.955637461426406,0.14373535311437502,1.2483255423543391,0.13855797881871396,0.8301952494955537,0.13105372052518746,0.8318963858109016,0.11039288427101224,1.2525620640090092,0.7833564386573684,0.16349201302826674,0.014468950267661209,17.805405756962024,0.062444753424554585,0.06697009446919194,0.07708401429246059,True,0.16845738698591367,4.955637461426406,0.14373535311437502,1.2483255423543391,0.13855797881871396,0.8301952494955537,0.13105372052518746,0.8318963858109016,0.11039288427101224,1.2525620640090092,0.7833564386573684,0.062444753424554585,0.06697009446919194,0.07708401429246059
