ID,RA,DEC,PER,Q,NU,rMean,odr slope,odr slope error,intercept,intercept error,angle,angle error,pythag,M,primary_class,secondary_class
2MASS_J20470481+4349114,311.77007069097664,43.8198374299041,,0.8928500841630572,0.03180899729498902,19.03489389459461,2.0405528149915684,0.190309044078896,17.303389464522844,0.3095536146643933,63.89222249193016,2.1090680894731832,1.5380317546278877,0.06594433217657708,s,nan
2MASS_J20475256+4345137,311.9689046469143,43.75372371764185,5.936473228170153,0.30488947589909965,0.009571418978909828,18.24218667194719,0.9926701401240224,0.055333652149535284,18.25582526579532,0.136543378576091,44.78924333141908,1.59380261546209,0.9268186788745424,0.2452203184030051,p,nan
2MASS_J20475581+4329019,311.98252525962954,43.48387322013138,1.0135858720916306,0.9296843382924852,0.07228772449697304,17.6808145717608,4.209269359843433,0.25860968316265365,11.932664638282931,0.4587844423490299,76.635935068261,0.7818490360877356,2.1971652088869567,0.01969672977044981,s,nan
2MASS_J20483292+4351190,312.1371734648398,43.85529686187581,,0.6406015875585829,0.06848117602246345,19.306390517375885,-6.87384274261176,10.441220391307667,33.20906412789006,18.602860659283216,-81.72273183740614,81.25371129374194,1.3735424246673462,-0.7505649670123498,b,nan
2MASS_J20505039+4450115,312.7099655363757,44.836540725881186,222.58683877368026,0.4758820302681549,0.09050679476113913,16.876935947682117,15.226011559546555,2.5027829306820912,-13.720653357587375,5.347962203210545,86.24237702459337,0.5955580108488022,2.9001788540771423,0.3519573317144868,qpd,nan
2MASS_J20505363+4424305,312.7234562095467,44.40844658880434,5.340230268367138,0.8592732523890276,0.02855383588510272,17.000678722364217,2.4673023710247364,0.2611832969475225,13.652272730894895,0.5897193099120992,67.93723991788885,2.09915848376521,0.9188071082632564,0.7841204958062498,apd,nan
2MASS_J20505543+4417461,312.7309994942258,44.2960874126181,0.9015406815299328,0.8101752600451981,0.013782499379621956,17.795238330939227,1.306532813718502,0.1126895905469728,17.159636545055843,0.2276610867981184,52.57011573997446,2.3882871069696483,0.7392749709988096,0.1812533927769092,qps,nan
2MASS_J20510029+4424364,312.75123585817425,44.410094107931116,7.008938672886845,0.2368340826065949,0.020705552942281408,18.33375124808917,1.8086073176601405,0.16526438746250527,16.737749064144133,0.3258175217074317,61.061284300570286,2.179338474481459,1.444668933853486,0.1175722650910783,p,nan
2MASS_J20510663+4421407,312.777638321121,44.361312210949386,1.3974247735885623,0.4212279555452859,0.008795557534264583,15.6455768443038,2.556231420847181,0.6349196683401068,13.494279214144495,0.8830139163970445,68.63451272503993,4.6934425616509285,0.3109905532987309,-0.15531989220358594,p,l
2MASS_J20510895+4416420,312.78730191056013,44.27831364345297,1.1904892992814269,0.7836237938229438,0.017123680865759126,18.228841724350648,1.112193882254347,0.08251336043559954,17.997138862671694,0.16421137421312615,48.040532346351064,2.104527650968003,0.9145588964967416,0.581667557236356,qpd,nan
2MASS_J20511252+4418093,312.80219789507777,44.30255956257102,7.988072978388604,0.2936295068857383,0.009976779712767636,17.507911318037973,1.5983260546997835,0.17309726849161533,16.36564947687733,0.32783356084402016,57.96765549164523,2.782298678913396,0.6141732924492949,-0.11503284102785223,p,nan
2MASS_J20511262+4418454,312.8025823261458,44.31261411198452,,0.9242049843747248,0.013838350474564479,13.068657866019418,0.6792698828783336,0.2047238295597177,13.482816271152775,0.2671165488707512,34.18708391339282,7.7142014196404505,0.339730084310+61,-0.20844684712138312,s,nan
2MASS_J20511374+4422252,312.8072667450728,44.37366095322359,2.0763971415352644,0.4461851170838893,0.01079203824751848,18.713989500955414,1.0459402650912868,0.059887549718752826,18.622420763944504,0.12088521630128035,46.28632342445822,1.6324790942319125,0.7315294342746057,-0.08862935541018062,qps,nan
2MASS_J20511455+4413379,312.8106511817742,44.22717526035429,235.49834708820163,0.8162451231014634,0.007355554428609012,17.319683960516606,1.6322621256333143,0.11249017698384543,16.015165398693746,0.231934152785172,58.50641891323412,1.7617439332377771,0.5410726044034616,-0.003947202915325881,qps,nan
2MASS_J20512059+4420322,312.83581316745375,44.342285888519115,1.6237859092888862,0.8095383894053254,0.007038260460115806,16.97498299079365,1.091504444138712,0.07226794845268159,16.79509570530497,0.13836321371048574,47.5051235989532,1.885121792674461,0.4130423517417324,-0.4221658558779807,b,
2MASS_J20512139+4424054,312.83911742903166,44.40149991620572,0.5106580216047949,0.8325747852256932,0.007809850596611503,13.141350378481016,1.1387591819516345,0.2835943212222421,12.990614605559015,0.3003927843556537,48.71204118098752,6.844764999166942,0.22099864698391666,-0.18360734041785265,b,
2MASS_J20515226+4418213,312.9677502432141,44.3059157295101,0.662699130096249,0.8561810230389204,0.028009108608460655,18.200085904761906,1.6373348429114667,0.10104100412661676,16.917898652016305,0.2009934736061929,58.58555851812535,1.5648440889157822,1.2023919166922317,0.04463481050673928,qps,
2MASS_J20522880+4418297,313.1200224959053,44.30822974945297,9.99374602603372,0.5679315895943079,0.038296737790552655,18.360091347619047,2.9670827141119025,0.5441394397101456,14.348298336201776,1.1020272740978765,71.37456865260766,3.0899058217034057,1.7583740512983883,0.4961196984052029,qpd,
2MASS_J20523394+4429168,313.14143743188987,44.48800174730115,8.615267332984464,0.2916550467353051,0.008445860053699983,17.406404526265824,1.3252500973663015,0.09592760462288684,16.628816288632773,0.2277051249343707,52.96272453824951,1.9896425347877291,0.5876142066244964,0.08255161814737327,p,
2MASS_J20532233+4438526,313.3430529515253,44.647931427049905,2.430701548636463,0.6584172151890357,0.0071508749306128565,15.530116970476193,1.0284354883562397,0.08827379431682209,15.46613578518066,0.2036914515960362,45.80314446731799,2.4601643142663683,0.31852254326425145,-0.18946076366535666,qps,
2MASS_J20533662+4439529,313.40262665227465,44.66467215720368,3.2087630887766005,0.4437691410717629,0.009986539680120612,16.721199944303795,1.3517102992632797,0.09692164169413896,15.892526412342956,0.2235993696124634,53.50583473697754,1.9653306693589976,0.604233889948572,0.597817034478093,qpd,
2MASS_J20564400+4346000,314.1833687815177,43.76669443921591,4.061232427020968,0.4526526192918462,0.015061133966143246,18.060018507973425,1.2529935088193356,0.09154919521205662,17.61083064627785,0.16436776587947222,51.40702696220738,2.014737680462173,0.5980686035187827,0.20643659682484888,qps,
2MASS_J20570162+4341387,314.25679032427837,43.69410701051157,2.988385751009951,0.611440255117138,0.01131573974488305,18.564869548504983,1.0079822674246708,0.07068496081695473,18.54344666762121,0.1325484606527052,45.227764867779705,2.0181451982393246,0.8136301948385185,-0.04869153574399144,qps,
2MASS_J20582381+4353114,314.59920599772784,43.88648447204281,1.0114028400738575,0.7786613025157753,0.040614771967770295,13.15541461960133,3.660237759285837,0.10312571091099064,9.909792577788114,0.12686047853293658,74.71933848639152,0.4100164691170256,1.218736055824502,0.8410315317607991,qpd,
DPP2017_409,314.80322628703317,44.2741206966779,,0.7829138396941134,0.008342859224634779,17.163282937962965,0.7278448925517134,0.14892676551410686,17.8068457080633,0.3513268323819876,36.04880796104118,5.502222438445133,0.478464677391462,-0.4314689469278641,b,
FHK_101,312.8605833333333,44.60799999999998,182.55118311718255,0.8793312674913631,0.06436373179424988,18.2055116514377,-19.383282165345804,14.016860589274275,57.38203792780352,27.415073070283945,-87.0466803590012,1.5691694184550142,2.117807312123981,-0.04717578137450296,s,
FHK_115,312.88908333333325,44.443583333333336,6.292011060769418,0.7093870585485773,0.013279157164520985,14.999444261269838,4.185191879170411,0.6682721796071824,9.070167562895575,1.2399280256830971,76.56183224347299,2.023411398155871,0.4407821119234671,0.10343250082668627,qps,
FHK_118,312.8974583333333,44.51088888888889,4.416535527230108,0.11365685490964815,0.010309777492830572,18.105954954746835,1.4017587562994245,0.12786919559647847,17.267147514089206,0.26369557202685456,54.496333578621424,2.4682914431959704,0.7960855223254282,0.17105148001275688,p,
FHK_123,312.9110833333333,44.0613888888889,0.9487325053844858,0.9170091572529424,0.031899543097807084,16.960586586037735,2.2566084448147743,0.1303484599407374,14.514638826039373,0.2518869966916641,66.09981349437942,1.2226933712857977,1.315639685943452,-0.09473358796996086,s,
FHK_127,312.9219166666666,43.798611111111114,1.3569627464690879,0.4395211087721642,0.01003158737470805,15.689936412432427,1.9475092544817667,0.7359363482920538,13.81442417804308,1.4447539167742534,62.820561840966604,8.248331992830897,0.778884258886937,0.07701104289036469,qps,
FHK_130,312.92541666666665,44.64908333333333,8.214345951571262,0.5843234988187506,0.0070598206451841375,15.44070238892405,1.1831262482322236,0.10322314164437653,15.046732605756164,0.2194578407197696,49.794892377298154,2.4662761982558847,0.2392297068192185,-0.0799029893932774,qps,l
FHK_133,312.9370833333333,44.4386111111111,3.7722587346534295,0.15409875355498792,0.010424188617510377,16.875230833860762,2.5637240558708507,0.4709714114859476,14.144116266276866,0.8113887584227851,68.69135230818246,3.472222422273513,0.5835094856133235,0.03486935620795299,p,l
FHK_134,312.93816666666663,43.81730555555556,6.242051875309273,0.6086663137556902,0.019525717280170614,18.4704446723301,1.3771691457872843,0.18617347187860445,17.611748358331862,0.4062323844528049,54.015576385290366,3.6048200842959575,1.1056047512617684,0.2551347197832497,qpd,
FHK_137,312.94395833333334,44.37258333333333,2.175419455713308,0.2455775808342626,0.01454548372835691,16.42148929050633,1.8861430225290023,0.30355458734087193,14.519561435822652,0.6435502547576021,62.068241788742284,3.7942046549165647,0.747029170349718,0.1089923624272116,p,
FHK_138,312.94758333333334,44.53561111111111,6.421386329003202,0.6985750578168695,0.026638907331919457,18.389115951898734,2.638210380225834,0.4530459115533589,14.943442741268669,0.9415418561414359,69.24104540293139,3.161953195246371,1.237495312517221,0.4000238069915026,qpd,
FHK_142,312.95675,44.63127777777776,1.034829943937824,0.8528574202302243,0.004195797221486862,14.645893890506333,0.985578160011938,0.07091315225418904,14.667908951835171,0.11610042929226605,44.58385116421844,2.0542297633997317,0.2069435477235447,-0.7273258054948648,b,
FHK_146,312.9820833333334,44.5646388888889,47.628829600931866,0.8750612331854497,0.019080215627158573,15.871081526045014,4.5427320509668085,0.4235505989335211,9.275104817939349,0.7874672479980802,77.58537610147799,1.111098826292462,0.7695129281260323,0.8502546754500165,apd,
FHK_15,312.654125,44.34716666666666,,0.9170863581484112,0.023448444978006758,15.2951091471519,5.4990046203699645,0.7345142075016424,6.7648452006526485,1.3891225629345547,79.69332812483444,1.3368649793069818,0.6821731527417036,0.4467975655947891,l,
FHK_150,312.9936666666666,44.62338888888888,1.9058203052605305,0.1198571016334133,0.012319890577406631,17.326969899999998,1.3527010592944042,0.1865416411748685,16.459481038163098,0.4487253685178851,53.52590315524039,3.704821512440767,0.8507016625363136,0.13462317495624826,p,
FHK_153,312.99662499999994,44.42880555555556,4.154410343904903,0.7966730719084313,0.011744985505060136,15.192673933544304,1.2722852105920344,0.2431198902536039,14.695543176369311,0.4430772702652588,51.83310330737069,5.179403688940769,0.3169767756868262,-0.12043169116875654,qps,
FHK_155,312.9975416666666,44.272861111111105,,0.9446047241865514,0.008349459737889673,14.666361271296294,0.9109238107300484,0.07836019593353111,14.811881909781626,0.12943105870427551,42.331134628931416,2.444226825478341,0.3084866799925141,-0.3142186393558782,b,
FHK_158,313.00466666666665,44.544166666666676,1.261905941062194,0.7394578198355893,0.006294217307619669,15.927255687619047,0.7997156675764321,0.1204376745671844,16.288974459342402,0.21390384149975186,38.64987258008926,4.185836479823259,0.2344210517841563,-0.20086633443612015,qps,
FHK_163,313.0193333333333,44.625111111111096,54.685958644936456,0.8038272770499597,0.026344706387669992,14.156162515555556,3.6589457101373295,0.3221482105888154,8.465106990805705,0.6877298216825269,74.71419496437026,1.26853456876567,0.9453924462443916,1.1100951031086363,qpd,
FHK_164,313.02204166666667,44.291472222222225,0.9100281678783224,0.7424111892945936,0.02466748634266543,17.454611510759488,2.781930176171357,0.3144810763810093,13.334658454247437,0.7249185008518051,70.22837986663782,2.0459381376388794,1.1137338227195073,0.6534863857630263,qpd,
FHK_165,313.0252083333333,44.28777777777778,,0.9428606698785552,0.007376069817003667,12.924269782901554,0.8114717030269789,0.0904952427586322,13.155566078281625,0.11042749351476557,39.05835209076049,3.117939567945962,0.2067218078045154,-0.4340412678518544,b,l
FHK_172,313.04820833333326,44.29855555555557,3.535720408626076,0.3501411970364657,0.01491205002565858,16.146627497468355,3.4252820786260165,0.496366605469136,11.387357413491516,0.9717397656284924,73.72500629997569,2.1954805427730104,0.488986159072729,0.4152456940115831,p,
FHK_179,313.063125,44.28908333333332,191.14715251466203,0.8915359762474309,0.023911818639234958,18.67728777010582,1.7171763330883034,0.10272512724031624,17.16485786424953,0.2139898493199226,59.78555862559658,1.4791543084069672,1.3475937135116178,-0.10454202792736653,l,
FHK_181,313.0643750000001,44.469722222222224,211.01752396179336,0.7516133287940805,0.017645343133428457,16.667725382594934,2.732930244701792,0.25875630032388663,13.157130348831773,0.5176073154923486,69.90204209575249,1.7393075484929728,0.8190386411690956,0.26759696814114176,qpd,
FHK_182,313.0696249999998,44.258111111111106,7.8642843212675775,0.21359211780047066,0.00946347762006924,17.548647459662288,1.451562065859575,0.09612946082980288,16.639671590809208,0.1957953832618049,55.43653787173478,1.768192007597651,0.6692435476721931,0.2536141891842141,p,l
FHK_183,313.074375,44.354444444444454,3.21130118642878,0.3396589291818168,0.008406019426933255,17.080885022468355,1.4391067059605225,0.13838032937778846,16.201755106197574,0.27524133572900666,55.20550937215336,2.570860959765526,0.3929857862970293,-0.009943932946998494,p,
FHK_192,313.097,43.082361111111105,7.229315899809352,0.1859785515551028,0.011789972235006113,17.51118385960265,2.1369518758193786,0.2133323685705089,15.224187422451902,0.4298118855332893,64.92246199976822,2.187185651299674,0.5924931174155036,0.19484352163396607,p,l
FHK_200,313.1092083333333,44.573944444444436,1.4329369802862646,0.3666485344420128,0.0066072051054497614,15.642248783860762,1.3630441871901802,0.13088884192551795,14.830524356425395,0.2898352472101138,53.7342934899561,2.6098341850608784,0.3663405799806422,-0.18469489724772856,p,
FHK_203,313.11329166666667,44.077527777777796,0.9159824529253768,0.8999130751493274,0.01729823449458709,18.32473673219048,1.401657116311673,0.06928180530153583,17.45048325793163,0.14839136580086887,54.49437321204125,1.338658837591453,1.1320400489908036,-0.007048545118173556,s,
FHK_21,312.66883333333334,44.3473888888889,1.0358779093390764,0.9030367656541176,0.009097294209946169,17.449447292088607,1.2186789338619513,0.07823060893157252,16.923721358840414,0.18610702263865875,50.62904354473917,1.8015067399698792,0.6590764194625799,-0.28092417306650425,b,
FHK_210,313.1287083333333,44.33655555555556,,0.8951428138649127,0.05753143701481848,17.216935001265824,7.718020760166325,2.831754538606195,4.369502776919027,5.428485959054179,82.61749179802234,2.4724343854067974,2.261031207273835,0.4766189095328307,apd,
FHK_213,313.14091666666667,44.407194444444436,8.937695418499297,0.8332527994739293,0.02114886456998857,18.337690137341774,1.339992410428632,0.09721169434961917,17.54373888081171,0.21971668498605545,53.26701768339107,1.9948371061120231,1.32789193815429,-0.07347932207433433,qps,
FHK_216,313.14529166666665,44.233472222222225,10.649091830785405,0.17096604038933835,0.010985937098055029,16.1096266894636,4.155662833095275,0.29053209488747056,10.650631183622618,0.499598971265681,76.46984310227334,0.9028371018150556,0.5213525121224742,0.2951204939413973,p,l
FHK_217,313.1471249999999,44.55538888888889,6.441763938480225,0.3602057925163684,0.013459291589996902,17.3700066306962,1.1624063618188107,0.0648884119544666,16.898881618569447,0.18458265786204286,49.295104886874654,1.5790621500502495,0.7650606936960763,0.2796287205419078,p,
FHK_22,312.678375,44.36530555555554,1.0251535591567484,0.8919054679494419,0.01085626997550556,17.840674112658228,0.9096499093999708,0.06005263132882765,18.067577257023625,0.1549104238841359,42.29122001623665,1.8828519603407528,0.7809745160769664,-0.2254838906740377,s,
FHK_226,313.1774999999999,44.322555555555546,8.977221807130643,0.1364481347133468,0.016457854859248836,17.37768687468354,3.0481465751090244,0.5070357475413112,13.162014744508285,1.043479463849624,71.83697891337255,2.7823147183350376,0.8253734415320234,0.0908993643124641,p,
FHK_234,313.21095833333334,43.71541666666667,1.3017033351517815,0.8795810083085416,0.022702439768465702,18.314623541471573,1.2686064756431361,0.20680918623380684,17.71221687926871,0.4530868887164452,51.752469112206704,4.513515190258032,1.333948259012188,0.6697706998789021,apd,
FHK_24,312.68720833333333,44.26516666666665,3.2240521420866752,0.9064341364131006,0.019249132298435463,16.181072238342967,0.8079154438928251,0.12851057523158388,16.580488586530247,0.2591220744795386,38.93527992446118,4.479192644865995,0.6885901891462387,-0.21253314079342311,s,
FHK_251,313.2739583333334,44.710305555555536,4.116498968066785,0.6038816379363717,0.009779090133424977,15.94552321170886,1.5889082977189974,0.12455424386609434,14.621527040941968,0.28197818057529034,57.81520938013735,2.016753544787428,0.4641540970755649,0.01661762924615491,qps,
FHK_253,313.2792083333334,44.30697222222222,,0.8953020588423539,0.005509999277458701,14.196387123492062,0.8889095018567723,0.10759900086595137,14.324195792075644,0.12394196376454936,41.63419899355245,3.4412684107824507,0.19579598560256825,-0.7174817527581334,b,
FHK_255,313.28416666666664,44.087305555555545,2.3262444668902043,0.8010245478777307,0.03450048844497463,18.22356009295238,1.8898864801650548,0.16629868460169386,16.30319364473423,0.3589983259147562,62.115236636000425,2.0758718395200737,1.7756536237688596,0.09618618089705153,qps,
FHK_26,312.692,44.319444444444436,13.704636645102322,0.6488829988081418,0.028136081706705892,16.437197907911393,4.522926436651487,1.2525616547003091,9.782169749263417,2.356514080765974,77.53270950455514,3.2150649206035524,0.6807786320467403,0.4274307521342005,qpd,p
FHK_272,313.3210833333333,44.64283333333332,174.69689679726775,0.782494348606803,0.013723789001988344,17.396612630696207,1.114580135006487,0.06633937872357287,17.069712391460698,0.18765869987928602,48.101582305157756,1.6902420416514972,1.0960854191358735,0.3723684634989859,qps,l
FHK_278,313.3497499999998,43.905,,0.6748076322306811,0.008667220706669336,14.443741231666666,4.083076203906561,0.9262802140878592,8.719704427526963,1.7125500653902384,76.23838125302619,2.9133693627170314,0.2959189826518759,0.2761079313269721,qpd,
FHK_28,312.695875,44.29147222222221,1.0530742956270078,0.637760698486838,0.012081719964463864,16.592677313730572,1.3289234442939153,0.13469711652379954,15.896689157831151,0.2850573430122276,53.03894831769328,2.7790953034817614,0.4606911790094456,-0.06563323868746562,qps,
FHK_281,313.35270833333334,44.342805555555536,2.778363005585506,0.19908986102759169,0.011762676881111492,16.458690968987344,2.611480213695496,0.3199025162954825,13.082535458418615,0.6746405225346255,69.04692673838736,2.3044145345780143,0.4864525733381401,0.31977950559322904,p,
FHK_282,313.357375,44.17925,1.4534570541910168,0.14810495501785684,0.007955785134643139,16.505422041444863,1.6675542076573149,0.11170708731578594,15.15276497955735,0.2281747336995794,59.04969904516018,1.683769750730267,0.4077790752707194,0.06081778551406655,p,l
FHK_285,313.3654583333333,44.17630555555554,222.58683877368026,0.6435814921205213,0.03887344205363789,17.597791905893537,3.9001893358369935,0.2924873532847876,10.331120145671537,0.7340118134647522,75.61927447071825,1.0228095594509496,1.6243967715726328,0.011918464124266826,l,
FHK_286,313.36758333333336,44.305777777777756,0.974698721215234,0.16415477806611006,0.010039281477049387,18.148579890506326,1.2058436987559085,0.06182979308124925,17.666519888109196,0.13961828061774284,50.33125622602717,1.4345113234772895,1.2628270317442938,0.09998264399361033,mp,
FHK_300,313.394875,44.48825,4.6759608749223815,0.8788321397256184,0.015091629881079106,17.3086925414557,1.3345235431330589,0.09604409422885074,16.38711899942306,0.26278056638625635,53.154638160675475,1.9757484701049863,0.8287344235458393,0.11190077125883988,s,
FHK_32,312.70329166666664,44.32316666666665,211.01752396179336,0.7387325634929262,0.02228057059093591,16.69428304398734,1.9361835024995049,0.06461022681513018,14.939790288192524,0.1205508943456195,62.68455236700247,0.7807899892776213,1.082478446214274,-0.6745968856711334,b,
FHK_323,313.44395833333334,44.1803888888889,2.8890831624137294,0.1328138874862455,0.009550766643966159,17.23880222452471,1.3078852751836547,0.08239396307959912,16.517785742949435,0.1903737710642961,52.59872264137679,1.7321498075188133,0.7665338751554484,0.2368657233596775,p,l
FHK_327,313.487125,44.85883333333333,,0.9022030689263616,0.03600765220935905,18.183326107096775,2.015349249106075,0.2605145286458064,16.252667158808066,0.4947569252376756,63.609763188151334,2.9398945735819466,1.5156413086655625,0.17762607457402638,s,
FHK_344,313.55720833333334,44.40897222222221,0.8455045803745623,0.7036384657995763,0.052803998218626434,16.71683148974359,3.0975863182437022,0.3453022151791805,11.732865470989944,0.814044911664241,72.10825985178266,1.8738956378518816,2.1310927162584767,0.4389717839386307,qpd,
FHK_348,313.5881250000001,44.257555555555534,,0.9472145014901279,0.008071305796370006,15.6086406994403,0.8405961295671078,0.0388483768794991,16.014571393873418,0.09921923167354496,40.05027901317466,1.3045181195616755,0.3467909648768403,-0.4578800364087198,b,
FHK_35,312.72154166666667,44.39822222222222,79.23302012848106,0.8891105192676295,0.02276028204592441,17.260714003821658,1.7768924308776093,0.2123813608947781,15.622235641421554,0.44954543463668895,60.630049108566205,2.9205280270830887,0.7211788842850425,0.3906203001161622,apd,
FHK_36,312.72325,44.35025,31.17223428767109,0.6723642199752009,0.05711778585001932,14.963962011392406,7.779149233437513,0.5449934063765327,4.06895724971693,0.8874032768711035,82.67487089647766,0.5064934443327324,1.793157875593815,0.706981437494427,qpd,
FHK_361,313.69416666666666,44.20166666666666,12.482661553981028,0.5867197892392176,0.032758040806016075,17.883353257276113,1.4867316976306288,0.10499052199500347,16.475149433880333,0.2934578786492441,56.074579158478784,1.878968059128281,1.6982052040338451,0.6499711391106191,qpd,
FHK_362,313.713125,44.19302777777778,1.6963842006544207,0.8452371597603036,0.024032193837811727,17.674581081835207,1.6016971100191677,0.13798057824170862,16.141930254985475,0.35120786709612783,58.02190964591463,2.2061384571686475,1.6973389648322454,-0.3092943450283199,b,
FHK_371,313.796375,43.95413888888889,12.64792576544081,0.2422430157110926,0.007687565654047287,16.862677871000002,1.6084238750408446,0.181930766012644,15.747330581064675,0.33557764154956793,58.12968160448136,2.9137160683498653,0.3362699038350732,-0.054335666062182326,mp,
FHK_372,313.82604166666664,44.50352777777778,4.137474985279416,0.3813355543783271,0.012597151342868844,17.079380843730885,2.518503882472089,0.3575523140537209,13.975523291877787,0.736512564032771,68.34389670499264,2.7901350229224646,0.5892140669156916,0.08442447518951543,p,l
FHK_390,314.0839583333334,44.70777777777778,200.5914551690006,0.8599267847893263,0.011276940782656751,18.301651022935786,0.8889917901368407,0.043402921300688624,18.50042996449686,0.08247007420824737,41.63683268307389,1.3889392857681269,0.6458079306333981,-0.16278160864669095,qps,
FHK_40,312.72625,44.297944444444454,6.524584329375196,0.8153791890348335,0.017880272058494913,17.05909723852459,2.041957073751405,0.14979204427030535,15.218249614766982,0.2637910980506373,63.90779482586545,1.6571813323965288,0.9765070514564441,-0.14437650498148427,qps,
FHK_405,314.194875,43.76916666666666,111.87629617980477,0.8529426366884875,0.026955064139917856,17.34777808039867,3.4387383931176716,0.3653813895229523,12.530546532882907,0.7167466826500792,73.78534067678274,1.6254382369928004,1.0362795606164004,0.6798409332720232,apd,
FHK_408,314.21570833333334,43.387027777777774,1.4100200116820754,0.4043626868232501,0.013661644701283723,14.724201862598429,4.63608887522854,0.8052079180369849,9.87882491599811,1.0696929408388909,77.82784186110511,1.986684272967272,0.30160980609441745,0.21214069979603495,mp,
FHK_409,314.2174583333333,44.09766666666667,12.9196190803863,0.4916960770349775,0.05534107750636372,18.40283689043152,16.775599118022303,40.8184041213503,-20.51358439645553,99.35609232830272,86.58861267972908,88.59633662069241,2.2767117749155594,0.4524614751526448,qpd,
FHK_418,314.28275,43.69872222222222,2.6995468647476453,0.6727507057166152,0.01416031388656333,15.4011667102649,5.3323019994763845,1.2079697841521029,7.931460852398274,2.077150238467474,79.37833455507068,2.2228691618251504,0.4616934174204878,0.4147802038662763,l,qps
FHK_43,312.73170833333336,44.297305555555546,4.638563420470115,0.8831585199982136,0.017343750315886114,15.946455352173913,7.648023602837108,7.329518191454582,3.8133538638943847,13.373009491993177,82.55068019961168,4.639121196199037,0.7223535596872096,0.08357001218289882,l,
FHK_430,314.4521666666667,43.495222222222225,7.294421476721811,0.3043839988629275,0.01323979618334685,16.91557074370861,2.5354206727633444,0.5063493204411518,14.258835228314032,0.8728812415820588,68.47513495734705,3.8183111922952335,0.6525505705826441,0.35078974319238965,p,l
FHK_431,314.45341666666667,44.09055555555556,3.5542929794807274,0.4245769123175971,0.008434992563311832,16.068743418063313,2.381244279946248,0.2324395476073091,13.903822557245018,0.3683545479218529,67.22010178387633,1.9698742591904708,0.3393088359744321,-0.014763059464984045,p,l
FHK_434,314.4995,43.89055555555557,3.7736310227828582,0.7919367616695832,0.014157806620068122,14.827265697674415,2.3025838389790043,0.1557791947129792,12.826644282348793,0.2355226252755056,66.52494807338802,1.4183633100323891,0.5640333079019246,0.016643913399540126,qps,
FHK_438,314.531875,43.88133333333333,1.6448134230675036,0.8800172698164397,0.014978356647969303,18.686032510596032,1.2801854693675836,0.10846234090735728,18.089128202630146,0.2316770668410281,52.00529482757454,2.3437478976209842,1.032225967294377,-0.08426321446002429,s,
FHK_44,312.73945833333335,44.41272222222222,2.207354572399734,0.8109366472117661,0.020109216166139244,17.63652670664557,1.3338685346535788,0.11036414581390608,16.854281725980798,0.25345982548467383,53.14113883758267,2.25774713110074,1.1016732696694522,0.18605940786776148,qps,
FHK_442,314.54174999999987,43.75999999999999,4.529032924024422,0.5251306296678319,0.031144866293975632,17.502515415231787,2.4114821277382363,0.1061438051864334,15.329921756243913,0.15769308210244934,67.47705859831416,0.8962013782275219,1.6291943870013148,-0.1901724218557786,qps,
FHK_444,314.54775,43.882527777777774,0.4999702430954969,0.5453071372048297,0.053686861747422425,18.681353464765106,-18.96312356263016,39.95003300479862,58.833810240104,81.31664785804837,-86.9813643708224,88.47477058323837,1.6306030523579744,-0.09361987771192166,b,
FHK_45,312.74195833333334,44.49952777777778,35.229730743007565,0.7273756268691969,0.007435349395118316,16.48954746329114,1.1284208679621968,0.09804895001770897,16.23355678994882,0.1929841540595021,48.452824463126355,2.4577365153056623,0.33529129364822363,-0.3090762271575857,b,
FHK_451,314.57466666666664,43.89558333333334,148.89495763028842,0.8186822258381358,0.033038052018615774,16.648405226490063,4.971823381764522,0.7648104402242706,6.724692284893536,1.8863959783435629,78.62763652876468,1.7033884216590809,1.4466687365388642,-0.011839141947457235,qps,
FHK_455,314.58974999999987,43.89580555555556,2.8738719167162468,0.8247219988882863,0.00948300843870814,16.31600544039735,1.8835166692398952,0.1642950193109547,14.555983422401473,0.3274939905529708,62.035194489933346,2.078508264862798,0.37011858795041147,0.028673554089833093,qps,
FHK_456,314.59708333333333,43.88302777777778,7.829,0.6648804301817521,0.01817361762400364,16.56330697847682,2.417953238389,0.2960627154585396,14.069903132023,0.5224613276035752,67.53133697229772,2.4358701888440284,0.6846240363494974,0.1958728208411128,qps,
FHK_459,314.60004166666664,43.8985,2.449709693483524,0.7338641536306783,0.011817974889236695,15.569150735430467,2.525934580710442,0.2495938652343255,12.710342622864342,0.4683852122922092,68.40173044476927,1.921488177127349,0.5786723124403171,0.344276315733034,qps,l
FHK_46,312.743125,44.24233333333332,4.878227901262148,0.3002209690968957,0.007412663656775746,15.041055618819186,2.5014399158753835,0.33648373974349743,12.916620740842063,0.4760542086406545,68.20996335946471,2.636589511190726,0.2417935175815889,0.22923501115650502,p,
FHK_460,314.60645833333336,43.89127777777777,8.540412290609753,0.8061174221638382,0.04223286704968315,18.028784549833887,2.5369991225418653,0.4971479632134501,14.676869497805908,1.0683630404383209,68.48727875052273,3.8190737255032525,1.7724711996562217,0.7320603639043802,qpd,
FHK_464,314.621125,44.1806111111111,1.035021278881353,-0.9522524344799079,0.01231504282871976,19.255770423719166,0.9657201103651092,0.02504479418613076,19.30357305900496,0.03826236604447608,44.00092899523274,0.7418590832173545,1.0929025310006302,0.21836800188238165,u,
FHK_468,314.62891666666667,43.75311111111111,1.2868134875150354,2.7420753609195017,0.010220686366930742,19.065774103691272,0.9747687494340576,0.038512775935288124,19.105592722673148,0.06274454921263484,44.26798236784232,1.130224964444842,0.8408918897934116,-0.006153818827860554,u,
FHK_47,312.7434583333333,44.24561111111111,3.422457121360212,0.8610274234971073,0.008710201613969445,15.04919018376384,1.1493964506124796,0.2346500513576881,14.76538835226383,0.4388964606920656,48.97601522022386,5.706934824983307,0.2835905747484635,-0.11930859014499065,qps,
FHK_473,314.665625,44.025777777777776,,0.6915889056974311,0.10279728713546099,17.06617821628788,-7.787935975095206,1.0399455759000822,27.93218805769925,1.2617880597270457,-82.6830459041815,0.9411710599087544,2.9996842829064367,-0.5335737685926639,b,
FHK_479,314.77429166666667,43.950861111111095,,0.8985759895971696,0.01126905723507056,12.436008956420233,0.4846105798954667,0.2588818926897665,12.949290124199235,0.2501756433372604,25.855318553991257,11.691416568623163,0.17014767486878665,-0.8865870719493112,b,
FHK_48,312.74458333333337,44.291888888888884,7.220862551658567,0.5610013054915802,0.01327144913380724,15.670873376265822,2.6832320049532505,0.28101123264940164,12.833208414931269,0.4749865919212919,69.56033259589397,1.9454645804509136,0.5384054324510644,0.02120108114790968,qps,
FHK_485,314.88599999999997,44.143277777777776,0.8387927498138132,0.8046662292755357,0.009328358899831522,18.335167832031253,0.8630219358310123,0.0446974209914674,18.62807246949837,0.10090535421950443,40.79491346887532,1.472395413639675,0.7922533422964073,0.07154106052422866,qps,
FHK_489,313.25279166666667,44.616527777777755,1.6823252209218058,0.5764275679798836,0.007930182231186566,14.974908689240507,1.3092056032933894,0.13985949781794338,14.256717299901194,0.3232361312744505,52.62661332939154,2.9337181889409303,0.3263663922156513,-0.07665894919202319,qps,l
FHK_490,313.32283333333334,44.46722222222221,0.5728399018679062,0.6955248908817139,0.012324063036473331,17.482243312025314,1.3464413662304289,0.08773468088372949,16.592309448915668,0.22218163825000306,53.39878243513434,1.7686880919171282,0.7134925440397478,-0.07438767426290886,qps,
FHK_493,313.46770833333323,44.284888888888865,224.32583444626843,0.6476842787439648,0.0063055700597426075,15.545838199180324,1.011409386583342,0.3110781188138947,15.525286575020877,0.5447525140068343,45.32498750823349,8.667238838818811,0.25780606734366834,-0.579523293396862,b,
FHK_496,313.6274583333334,44.40149999999999,6.1397633652717385,0.6510820278235748,0.021603863310886,17.289131726279866,0.9923236824585784,0.2334019533894806,17.293365036773515,0.4940939935992521,44.779243425773394,6.588427593080863,0.7100939666378274,-0.276387059894018,b,p
FHK_500,312.77270833333336,44.2331388888889,2.541793981919548,0.6646467061570539,0.02317649478326586,17.81513967851852,2.78129232859796,0.3457886804411996,14.189605414791462,0.6961168494026388,70.22420102728957,2.2260144011525766,0.8619857451046441,0.3600807516794697,qps,
FHK_506,314.58137499999987,43.89574999999999,3.4141465270965146,0.8022999349235284,0.019330206477859664,17.586490596357613,2.836771329179564,0.4956890924696462,12.934047195309198,1.2440891312483549,70.58176118515365,3.104353200968592,0.8056444864037907,0.3504234644575305,qpd,
FHK_510,313.48154166666666,44.185055555555536,10.297939234567895,0.2749307286819827,0.015303026358398576,18.15974031749049,1.0215632750448516,0.06195953799495485,18.09006385275833,0.15875305512656013,45.611129901027404,1.737437948778738,1.0775505778369627,0.2359274901603967,p,
FHK_511,313.52083333333337,44.17349999999998,11.531506830885775,0.5030621244549445,0.011901923998025107,17.724005658039218,1.224114939248059,0.08171103678316682,17.131970777791892,0.2158308615704012,50.75403805352517,1.86687011558229,0.8316895516482227,0.061085856289928124,qps,
FHK_514,313.38891666666666,44.4218611111111,3.6436096937919698,0.4998313039014156,0.009195561787371962,17.919325901582283,1.1585344803602688,0.08756888073468239,17.498895659936135,0.2245762664439983,49.20057055927624,2.1396466249183135,0.7207525719602907,-0.1187599701065148,qps,
FHK_517,313.4169999999998,44.43058333333333,1.3907230461675095,0.6250668018799438,0.006303958071179826,15.614338815822785,1.4999802578079664,0.16195037084300054,14.485322777201194,0.3624490264329143,56.30958389257966,2.8359485532110202,0.40081731947924737,-0.4434802939670935,b,
FHK_524,312.70249999999993,44.28433333333333,0.9843884224078918,0.9035707122053148,0.05917037661117625,17.94896921141439,2.6314286473837503,0.5898929351040614,14.67387863512743,1.173495661262134,69.19212232969575,3.964244930874212,2.1466027441307007,0.17755109169497332,s,
FHK_530,313.028,44.48988888888889,11.591652357794953,0.6003134722403357,0.013053122762407495,17.185958587974685,1.8971225805153733,0.3169954026655564,15.359685023352398,0.6515490000998527,62.205654281946046,3.7226233612170585,0.7605422569096981,-0.476451790111135,b,l
FHK_531,313.1360833333334,44.442277777777775,5.3262183183959655,0.5491820247101367,0.008905486808593734,17.30997563386076,1.3456333807338867,0.10154937565223963,16.426166176187365,0.2629130451300501,53.38231812226754,2.06801647611798,0.5748130579048331,-0.1430057975898507,qps,
FHK_532,313.111625,44.61849999999998,4.112329261196109,0.4962728138828363,0.012167151885849358,16.62408673670886,1.2026471278704878,0.07644530863651144,16.04649390371511,0.2158532823276076,50.25650758521653,1.7907900491744448,0.8058917093965926,-0.07166473078490433,qps,
FHK_543,312.94912499999987,43.71083333333332,1.140177967237779,0.11740195811682155,0.006349911887517989,15.92182139554656,1.9753898485566124,0.2188886326880388,14.20802883231163,0.3819418380564903,63.150135612493,2.511578199392264,0.3757063535099704,0.3296154826632825,p,
FHK_56,312.75600000000014,44.22497222222221,7.0576762141666585,0.33145409318066593,0.013952948984991364,17.909544746296294,1.5341957059436817,0.10900268527714753,16.766148908362386,0.2310848271600925,56.9033966719979,1.8633868296466136,0.7921953574610275,0.313378166666969,p,
FHK_562,313.36470833333334,44.10261111111111,,0.7546173352989263,0.003955084056787633,14.129596097148287,0.8783783832759642,0.047353903553887584,14.281644562428243,0.05877882321015715,41.295372712620015,1.5311241841835566,0.19922289700818094,-0.38079442752388815,b,
FHK_566,313.6438750000001,44.552472222222214,7.2726028076776865,0.4999430315820782,0.010635847621775043,17.180451868404912,1.399017257717168,0.0927781634669914,16.229550146767494,0.2200282103645508,54.443290594494584,1.7920644456953383,0.7344673392212054,-0.010154605127342377,qps,
FHK_567,313.8686666666666,44.72905555555555,2.4277944271703507,0.1745125318929946,0.02288862429815594,16.907814559938842,3.473684458959557,1.0130390031379148,12.632616194377565,1.7467464377332875,73.9400136008019,4.276315906007416,0.7006858366705028,0.27501842796952625,p,
FHK_569,313.7390000000001,44.645444444444436,3.8619685258764886,0.2675971689062507,0.009602335949550038,15.885364830674845,3.130026451162947,0.4907730369834866,12.486081440151072,0.7832432682349211,72.28204063759766,2.5188605667987543,0.3654721981229889,-0.11913957704552082,p,l
FHK_571,313.6909166666666,44.59666666666666,10.143562545947782,0.2017904246969957,0.011817917425777444,17.985530385889565,1.2324207798427709,0.10261187246694924,17.39636254410567,0.2542143134360515,50.94373869076109,2.3352411395721124,1.0890771250465778,0.14597942724451135,p,l
FHK_575,313.3562083333333,44.45452777777778,13.388277847241303,0.7578233131248192,0.009749480128287141,17.404139577848106,1.1707207391576584,0.0668406657632159,16.91384005062268,0.19343324130484169,49.49688644442004,1.6134631655788645,0.7213974997920879,0.11381126316200088,qps,
FHK_576,313.284625,44.834722222222226,1.6481765869872227,0.14687521085707422,0.015270442141935812,18.072639693,1.1982578616592945,0.09269545146366842,17.627559765804147,0.20479176910984803,50.1534847537195,2.140343600322933,1.2889094300538062,-0.3918898494942624,mp,
FHK_577,313.34925,45.113277777777775,,0.9418154790739642,0.08929239175593581,18.017617467741946,7.497106532133027,2.4280538353977987,4.970228051502486,4.680638199745682,82.40245971594247,2.1957740783506847,2.7669796621019054,0.8993104086930837,apd,
FHK_579,314.99058333333335,44.78683333333335,1.360431576396984,0.8446176444778818,0.011514960663075944,15.293953728467152,6.905682335053786,3.987055815257994,9.232876358625774,4.09619576698392,81.7603712441733,3.8092734560525656,0.2072090492963029,0.15165654441752394,l,
FHK_580,313.4255833333333,44.44825,6.87831654980067,0.6885542882884157,0.013893931764192536,17.546147067405062,0.9972218785523804,0.08313996658662826,17.54921822059001,0.2213003396961621,44.920301851561746,2.3828473916714095,0.7904376082168612,-0.06359494242407035,qps,
FHK_62,312.7635833333333,44.1536111111111,7.894870402790303,0.2527154180413259,0.00960212170175407,15.998682344649445,2.71075110809054,0.22184207070624606,13.094626552439284,0.3789249386893552,69.75090911514128,1.5216481097754169,0.3388378032433603,0.02309342285269777,p,l
FHK_67,312.7834583333332,44.53055555555557,6.311574572962956,0.7568968596498877,0.032086858160802784,17.175922171518987,4.267149505600386,0.8246103606627828,10.300522701245004,1.7347179667568753,76.81082931706855,2.3354701121461945,0.8191371853155837,0.007704168447847548,qps,
FHK_75,312.8069166666665,44.539611111111114,,0.8288658249624723,0.007888862965230434,16.547669854113927,1.50974748875038,0.0974630856506188,15.501807558882193,0.19785207168598973,56.48100536280075,1.6882443825031617,0.4518167626575473,-0.41567904861651495,b,l
FHK_79,312.81516666666664,44.24861111111111,6.609562065148813,0.7032805992621747,0.015908646500503866,15.457927763468636,3.1088165543677886,0.6160276421598854,11.438763869465625,1.1740150108731005,72.16878587782746,3.1751719520583155,0.5094524639622621,0.31910763017309896,qpd,l
FHK_8,312.52520833333324,44.296944444444435,3.95219797321546,0.3671689040057501,0.01879792424634779,17.930861225227964,1.1269300996661964,0.0949379975598117,17.668446099338166,0.1876409300672197,48.41522453211013,2.3815437434773328,0.8704938429758272,0.14597611405540564,p,
FHK_82,312.82383333333325,44.308305555555535,7.1698532974698255,0.5415476112917973,0.06099242254357929,17.210951628481016,5.81756966677584,0.8545788731965973,7.790253620901117,1.6799814298089215,80.24656848263848,1.3754498070334402,2.4573703511570733,0.6380225529002845,qpd,
FHK_86,312.83741666666657,44.43877777777776,3.8400512469274233,0.4839201361269446,0.021141952295733568,15.12139472943038,3.831278190112655,0.4110132446747021,10.311305673509596,0.6969604102150564,75.371619372455,1.4788944103645991,0.8259112975882207,0.08691620246320464,qps,
FHK_98,312.85299999999995,44.30516666666665,2.6917832092747616,0.8970311938016787,0.033676525356592546,18.1333075066879,2.184545547984821,0.4367410087142274,15.6420237305528,0.9056594214477114,65.40353526437355,4.263832954099233,1.6014478949073092,0.7817317455132079,apd,
GDR1_2065995748890512768,313.4822098612072,42.75857157120715,5.945187964157264,0.4869634770413387,0.005434939529058362,15.126327520529802,2.588686571016232,0.3144896691782606,12.790429350488825,0.4621491037239842,68.87863875285571,2.3487126141174413,0.3069361650400542,-0.043832484073013454,qps,
GDR1_2066790146043148928,313.063094833578,43.502067898891696,,0.7097460199844141,0.030626959854600407,16.51341547033333,4.023844171952806,0.3409821987337358,9.394593344739556,0.7979797711056378,76.0436710933143,1.1301820481484013,1.0327488991816105,0.1811640215799034,qpd,
GDR1_2066844954118735744,313.0565416594131,43.677474814002274,9.096729161457397,0.7295369674154663,0.018626387881599104,17.179727661999998,1.897401642036844,0.1485175621167102,15.172579152199507,0.33011968632500466,62.20913082343893,1.8386430080056568,0.6613485084044295,-0.4077965615394336,b,
GDR1_2066855807501721472,312.72695122983924,43.773269174141255,3.5960404131259973,0.8182842450453309,0.009622465576257946,16.624553913804714,1.7918174164614562,0.1626900862601225,15.307832384403438,0.2687448104129713,60.83443803505971,2.22079791509547,0.4921197631186068,-0.07589401226769169,qps,
GDR1_2067026815919131392,312.1477361340496,43.88704390388232,0.9877223644792176,0.8770119258651803,0.03343625504512912,16.43248228217822,2.485992785868844,0.06561006464660958,14.241878784760466,0.09749982476246276,68.08735622517864,0.5230831424293371,1.5340697097776883,-0.2836914454780764,b,l
GDR1_2067026953358039552,312.2407993910927,43.83196843673044,3.5706759821235607,0.5306449464084901,0.04110907224398714,18.190070663366345,2.2491534677343195,0.5776394808796003,15.503731720278491,1.2409115446275214,66.02950360672489,5.147636037571372,1.6032795568912583,0.10691206916794192,qps,
GDR1_2067030011373814272,311.9208388887532,43.72187408397071,154.57809389678428,0.7821404537305904,0.056326186728450786,18.004417798675497,4.329878782660189,0.3116142624094009,11.467397014006526,0.6014865728328065,76.99536748678746,0.9001746527920319,2.3201592812183063,0.211271926110443,qps,
GDR1_2067032760152922112,311.90846247232747,43.8244836909553,6.680736484614524,0.8582779620105943,0.03402648611355388,18.552596622516557,1.6624181003984733,0.07700794481710982,17.35846779429619,0.13927549897492852,58.971686450621704,1.1742813756057513,1.5402954098169943,-0.4880040193824072,b,
GDR1_2067034237622346240,311.85506950394415,43.80895436501861,,0.8715944085250505,0.10922955454795052,17.42457244257426,5.702950513056133,0.6667781126329015,10.232005698738787,0.9777270345394288,80.05441664477613,1.1304209529470817,3.1544397822925143,-0.06287136893101418,l,
GDR1_2067034546860024960,311.84317431163174,43.83650749979533,8.26165514204786,0.5371779700665738,0.00739931073867793,16.38655536534653,1.9533825769643691,0.14964897503887808,14.78234549214817,0.2536834554215135,62.89061596451333,1.763545088356352,0.3373266856797673,0.17618041297132273,qps,
GDR1_2067059732550905600,312.68135869358946,44.264363962796075,3.0938359927379504,0.7036261539759984,0.01414646191308005,16.649337016091955,1.7966637108956107,0.16820898814063334,15.187133679642837,0.3120444584350484,60.900246936400286,2.2731378025968656,0.6138799763243276,-0.20792579120158908,qps,
GDR1_2067061691055800448,312.5413045611885,44.255897046358434,211.01752396179336,0.5034853998645563,0.031889480872476936,18.10320173222656,2.720316810291496,0.19512722619893053,14.22450256798443,0.4318120138301911,69.8163578897654,1.3135634519669022,1.3146610645321113,0.19425851574429692,qpd,
GDR1_2067062618768745728,312.6377938867216,44.26074778882028,9.480335991080453,0.6982199160869714,0.01696604713558671,17.495957253084107,1.4077695442604998,0.06838127478688061,16.674094022752563,0.13792250969694564,54.612163817005865,1.3113908001364998,0.8043003749113358,-0.11968806075425603,qps,
GDR1_2067062824937136000,312.6543514096502,44.30684138979343,191.14715251466203,0.5720603718755217,0.02086789168763394,14.797057259177215,3.3666225555800717,0.15095301433426633,10.386064582002428,0.2826569082705213,73.45681162260213,0.696962048553691,0.8181596053937731,0.6326912468020298,qpd,
GDR1_2067067807089176192,312.2990627247952,44.209140069320284,0.9118839944087016,0.8855123336794467,0.01785274770704307,17.492141815891475,1.4908555488589084,0.1830333401060733,16.275526494583758,0.45032051532716544,56.14803779063797,3.248112387967919,0.7409772839340006,0.4116268521105094,apd,
GDR1_2067069937403328128,312.1369366609665,44.199896751032334,115.05598312370708,0.8362540098485396,0.018546750932920887,17.987367584393066,1.8402359199476268,0.0975181354464988,16.45003640698143,0.17555802791153494,61.479963269304406,1.2740410045305948,1.069357370717092,-0.26540550411878583,b,
GDR1_2067074301079809408,312.38411283044843,44.28419106599425,4.752594487428073,0.686107365212561,0.08062809479696309,17.360921175766016,3.6275135489918635,0.25581882114956866,12.140446982881956,0.493667186843397,74.58801666098643,1.0322342522629435,3.103093102194984,0.1948317032679736,qps,
GDR1_2067120514926515200,312.1200287972347,44.403194018955965,9.017099354611183,0.5246423231823361,0.0076217036370196094,16.55561252376543,1.7221126084529343,0.1396417708909612,14.986123485875707,0.3042915565017035,59.85703081431822,2.0001816227769567,0.3947509978141379,-0.06933388414788377,qps,
GDR1_2067128658184872064,312.34681680905624,44.57699362853485,0.9209254187246996,0.7323302129521091,0.0163899664177101,17.435537612727273,2.390110184665724,0.24791888280945296,14.353815550451053,0.5451981867219597,67.29601648809394,2.104962541704737,0.8695243013756995,0.18750486259624066,qps,l
GDR1_2067128795623856256,312.3586594109029,44.591598598223285,,0.8556209820265287,0.012308134455924285,18.356640868773233,1.1318406001581818,0.1303927523721886,18.05837555679014,0.2840204429994504,48.538867139890925,3.2590784653904565,0.8958699208960129,0.5180968545516101,s,
GDR1_2161843098061857280,315.1948747006565,42.92404720463947,3.5456668576321446,0.7045349262710119,0.0653437726173468,18.31750028355264,-11.455890464458413,6.438421158276429,39.499696644267246,11.082651715252137,-85.01121963351392,2.4410536740818336,2.168785060317433,0.04274958800926928,qps,
GDR1_2162078393549548288,314.6652178869925,43.71918620169887,0.5518872465277158,0.6688696032227105,0.004361243757579106,14.4734824602649,1.0241795139710022,0.0908360257136414,14.441611188771029,0.12853121714864635,45.684384896288265,2.5106548193397047,0.15022901767734756,-0.12959443668698134,qps,
GDR1_2162091003573281920,314.15074819573965,43.359072063574246,32.60770622317977,0.8537364671583422,0.019995399426259063,18.01416574013841,1.89027389781858,0.2462604437798036,16.396923639180482,0.4465346916249162,62.12009117665412,3.0825835233330627,1.1846834353535824,-0.28246307653663943,b,
GDR1_2162091278451209472,314.2148785903454,43.38047442503331,121.98577217991892,0.738204877736457,0.007950012984315344,17.180913789679714,0.9482903080027886,0.0382534384014227,17.297025982174475,0.08145596950003586,43.479666057368775,1.1525669181340548,0.4003448185609249,-0.371268873134862,b,
GDR1_2162117563651224960,314.3612272648295,43.59153144981275,6.956136400980487,0.7089489665359745,0.013367785305583434,17.195405385430462,0.9619896494955472,0.04841017435194756,17.290469865560116,0.11376547700030848,43.89012653179511,1.4383302564769933,1.0151057637642755,0.1038118062873501,qps,
GDR1_2162121961697794304,314.2639594847423,43.69569038789106,200.49366411670584,0.8411093727307694,0.05840474040798601,16.536406207615894,3.979592400317708,0.3025938167270321,11.803730523292892,0.4927620881151809,75.8946438413376,1.0201868553996771,2.394573492047038,0.3768797047652927,qpd,l
GDR1_2162122064777006080,314.30208780917013,43.68232215600878,1.4370376455985137,0.9401193681441397,0.0576929662543649,18.530256577926426,3.316186644648444,0.3915213125781225,15.225270648544498,0.5451293669999782,73.21925284953247,1.838003355444413,2.193194018399422,0.04228381801450092,s,
GDR1_2162122339654917120,314.2815455457374,43.699905814840704,7.152707035972966,0.6870384469248401,0.017603371156526028,16.748250714950167,3.1088522121676947,0.41747971520929417,12.865863097729447,0.7744827255425895,72.16898327571514,2.1802729396922387,0.5949182552934948,0.4899623560316562,qpd,
GDR1_2162126187945624704,314.50575275109367,43.75559320151324,,0.8029636008967805,0.037702268370301946,16.628129056291392,3.7084445788431086,0.4197450739243218,11.60445510379446,0.7793696144173108,74.9088577754343,1.6023542843007794,1.206206212356009,0.4648604826974372,qpd,
GDR1_2162126325384584576,314.53692232894724,43.783272613953606,5.9104816426812725,0.7028180176048404,0.022982457695169097,17.284203926158938,2.9202526458743607,0.4208684639880152,13.260312318053618,0.8870537518920054,71.09694263254795,2.478295132438284,0.6473763085638987,0.021227540584077075,qps,
GDR1_2162127562335172992,314.5252253995614,43.82579207636382,3.9311404607718727,0.6183987938433609,0.013547909267061729,17.015865100662253,4.949472752163895,0.9621452806941924,10.755247501869118,1.5103490192227491,78.57762871488906,2.103979065626279,0.4702018861124491,0.2100635727235781,qps,l
GDR1_2162127974652045056,314.5254813603184,43.883630729713374,4.14011553957902,0.7719764668549446,0.017898836993307632,16.54455093311037,1.9789132502537867,0.256722249896846,14.91090815078206,0.4348778417720292,63.191258446551046,2.9859033810401834,0.3621385058617216,-0.4925338525983123,b,p
GDR1_2162128009011784832,314.5450978433306,43.885607658494436,,0.6799466929638948,0.0231156185999888,15.738759987959865,4.143730320854616,0.7039336711794748,9.599925545353807,1.3707151012630807,76.4323187220303,2.067418709292604,0.6960930374571862,0.6658793793247528,apd,
GDR1_2162134880959435904,314.1945193774256,43.767239662532866,3.3715123096417754,0.2160275648175984,0.008242055742809794,17.128751480132447,2.191878212927146,0.20679317010965748,15.09108879146156,0.35645911821234577,65.47611729722122,2.0514942227647053,0.4195515592304105,-0.05687187096602235,p,
GDR1_2162135327636039936,314.2472540277824,43.79804463179902,210.93634990510398,0.6866816189863842,0.04850564967641633,17.989592233112578,2.5414552749422707,0.148246596979847,15.676091774645467,0.22380908876284344,68.52158518917628,1.1382854550773631,1.905745420337571,-0.8414058857774936,b,
GDR1_2162221536218867072,314.59855597445545,43.882055000647505,18.995635170331266,0.3861002625297746,0.015138862951351147,17.01047079271523,4.690175530917175,0.9467991070842317,10.061240618239317,1.789791286977087,77.96409399746827,2.278725172466354,0.6423201560327418,0.1735925176600258,p,
GDR1_2162221639298015872,314.61260429407434,43.88890231742855,182.4307119174757,0.8913728545567826,0.030700833836568606,17.64846815231788,1.7085819940251243,0.1602669637693347,16.378668901522282,0.288199811277833,59.66038650965778,2.333987604817131,1.0224985194226328,0.07867847226236893,s,
GDR1_2162221673657763584,314.6267388988931,43.89975752674886,6.446772245651842,0.8604817411091007,0.04841848880564696,18.6480362367893,3.9438836781993314,0.7058368386494593,13.121272047421048,1.3134212433682375,75.77209544792362,2.3414845840068006,1.8272997242254607,0.301903311074653,qpd,
GDR1_2162221673657766272,314.62700181220225,43.90262235999385,167.3534413933319,0.7086892717928774,0.011196857012161221,17.284063567880793,1.4476480745434823,0.15574345749313756,16.453377969083967,0.2868823785853891,55.36422885793024,2.873998122041366,0.44851906766519534,0.3938216010328949,qpd,
GDR1_2162221776736976896,314.57094734880053,43.89535910826638,106.01881179586056,0.8666928509678871,0.017747860389940404,12.71868739143969,4.0920905346402,0.382199816402524,7.538532940480223,0.6428463785442102,76.26754650206747,1.2098827748278698,0.4895809829239131,0.34644803371247146,l,
GDR1_2162221811096717952,314.5817321920033,43.89846388188703,,0.8543773000367536,0.0154713853902834,16.332937650662256,2.201288406064651,0.12508719059851958,14.15384361770276,0.2279998914060641,65.56867952466916,1.2266869614470697,0.8191588781853187,0.043691144950322884,qps,
GDR1_2162223086709799296,314.72174296798727,43.9758002436749,106.01881179586056,0.7985119957802332,0.023443410024659318,18.769012180936453,1.6340471761412374,0.1496021264692794,17.647094720627557,0.2513002437550025,58.53430829133267,2.32163550481354,1.2893478436838972,0.789649995888862,qpd,
GDR1_2162224147560188672,314.6975081853883,44.026321614100105,10.168969763239332,0.6585724199100889,0.021465625166461874,18.83293866621881,1.452996286295278,0.12849253829390062,18.093954139990245,0.20630295259965686,55.46296818136025,2.3217519283404893,1.579333084246736,0.6686959434293074,qpd,
GDR1_2162227205576431488,314.63997369544984,44.05985047413489,6.652886451690831,0.9330818265499016,0.0824209150927301,16.058203364126395,2.773398607816804,0.08915885363073461,14.450846652837992,0.08550731910640685,70.17229638862993,0.5881060892829658,2.9291492703729087,-0.05308712170527132,s,
GDR1_2162231676644797824,314.8864393131778,44.14306109748972,0.8387927498138132,0.8046662292755357,0.009328358899831522,18.335167832031253,0.8612876885759926,0.04286800988415052,18.630143935607368,0.09696258777569078,40.7379155758286,1.4052881646466435,0.7922533422964073,0.07154106052422866,qps,
GDR1_2162235726791704960,314.7046177588673,44.27115999428571,0.5428889482774951,0.9245515600179658,0.08361257749100615,18.248531540601505,5.777886617581896,1.3156584268996112,7.4545434121734475,2.8832656061221384,80.18087723596474,2.1205636257239084,2.4235686402891337,0.6782251821780569,apd,
GDR1_2162235795513138560,314.81188288335704,44.20792432338372,0.9798362611003212,0.7600532765020602,0.02474660780024604,18.634627979133857,1.8037239392726407,0.2921232311081794,17.18112104077941,0.5309178507249026,60.995638585694934,3.9404024889428495,1.1163952315964016,-0.03705721560737421,qps,
GDR1_2162239506362783488,314.4054311152652,44.112204802183285,0.5219501887700992,0.9287030659948556,0.022776590108416442,18.559317752327743,1.860880107112232,0.1367731254155241,16.839019060717487,0.27038070167921724,61.74729743781744,1.7501273657634628,1.3017150841755705,-0.23116091503474676,s,
GDR1_2162240708953684992,314.5397046059057,44.184086431611995,191.14715251466203,0.8583926283533158,0.0476137070144411,18.411467504299065,4.0476740679551035,0.5303848913024367,12.55934318429966,1.0114376096613018,76.12265113058587,1.7335318265764743,2.118918044889017,0.2393096351585467,s,
GDR1_2162251394832460672,314.55137913084803,44.34949107285121,6.431558992790259,0.1552577367433946,0.009211608226079304,17.879340285321103,1.4303112504077762,0.09989761407446973,16.931857554663544,0.21977751908083049,55.04073515744065,1.8641735554545265,0.7152467796880171,0.25358569725962643,p,
GDR1_2162872928138757248,313.3151536451038,43.73966973033053,0.4999702430954969,0.7447688956411799,0.08041453696251742,17.450247625,3.2371063734128684,0.5348505861449466,14.028110358039038,0.8414719556840913,72.8331465886983,2.9443903514863994,3.434354600414285,-1.1991309270389323,b,
GDR1_2162886568955114112,313.4279200391176,44.06351857361957,0.904352197775138,0.8517724855543961,0.032486223857233085,15.453546489272027,4.107638581614652,0.3517404739590861,9.54290897286768,0.6529165817140754,76.31756943540677,1.1296678327686076,1.106887010288967,0.4721304628120473,qpd,
GDR1_2162886775113495552,313.51609850019895,44.029936251960095,4.90179309050564,0.8523987544075043,0.05683782520810742,16.716647277254904,3.576933158495004,0.2826199738485178,11.8792996398342,0.5263016871330342,74.38064971960628,1.1739714284741865,2.143259222690338,0.3196903786679701,qps,
GDR1_2162902683672550912,314.0487983814546,44.18196083626438,0.8155199444573179,0.8143282645647754,0.04015271137865077,16.040120445676695,5.6572496149783325,0.5357990319198263,7.827433561245719,0.9405945848708436,79.97569848050723,0.9388819985208188,1.366741091780686,0.9901737975391952,qpd,
GDR1_2162903680105026176,313.92714208954806,44.23687717027233,9.017099354611183,0.6280255477645059,0.03937868706639089,18.299030080268203,2.3001646119978205,0.3645354223252791,15.352697361948588,0.8077401357586123,66.50293368531513,3.253913177613353,1.9332934179073848,0.8491492474432716,qpd,
GDR1_2162904161141389696,313.98792998351576,44.259951032886626,8.745172010390942,0.7158902172121697,0.04323311004504972,17.040008815599993,3.4831800979285856,0.2322155036415205,12.130481057275267,0.4557021867972155,73.98154670705256,1.012890812399894,1.804677729589992,0.8362558159396974,qpd,
GDR1_2162909830498130048,313.76259600948583,44.18112215981157,138.84866206827758,0.8164960798411438,0.017540816378754133,16.323365861235956,2.8542238536567783,0.17176394199879666,12.120849334520276,0.3904991518504684,70.69168529672629,1.0715565477054707,0.8397407869700757,0.30300832778350684,qpd,
GDR1_2162924673904534272,313.22628231487136,43.871243289641264,118.41887778030338,0.8397345610309449,0.04641087378908596,17.327595406333337,3.6201071463825913,0.289763471658246,11.898736744067085,0.5901613236910173,74.55798863212749,1.1675923540619093,1.7922845755670682,0.6292212968874361,qpd,
GDR1_2162930652500328832,313.0769060360245,44.087509519964286,8.524816321607469,0.9105798325538468,0.016855193002394936,18.40657965,1.28430977843428,0.05310821633585605,17.74434278357979,0.12700391260885446,52.094663809164935,1.1473402392315608,1.4734178812166392,-0.09574093609015027,s,
GDR1_2162931580213813632,313.16609292875387,44.09671588914086,222.58683877368026,0.6388990526466775,0.010079296852885422,18.677729346946567,0.9474897696422604,0.027654824901536142,18.77747173895936,0.05132819063297056,43.45550617764908,0.8364251794087386,1.286974188390908,-0.1570038221753623,s,
GDR1_2162931786370808448,313.11680283929536,44.05861394172086,154.72348245367584,0.8036806420245328,0.05649355850786405,14.862886073025047,5.960359077449353,0.27915654147217506,5.136316467168059,0.5433747695861406,80.47589532063887,0.4360959722112076,1.2740908675858775,-0.09825494130653012,b,
GDR1_2162932851524210816,313.15196438536617,44.19620838058371,6.5881107852933525,0.6138814496657115,0.029325598535249107,17.33695864038095,4.8045959162629295,0.615827353945217,9.238476611390492,1.3062669410544587,78.24265471004969,1.4615233141657158,1.3199347391444562,1.0539869573429883,qpd,
GDR1_2162932993257907584,313.35294774701265,44.04186114412709,,0.9199348787460804,0.009648034240360582,12.729297376078431,0.3163173451894746,0.07811797420917352,13.267427847779475,0.06074422577773132,17.553066353492188,4.062563279376729,0.20132612315133994,-0.5984749163832896,b,
GDR1_2162933882314931968,313.393035373416,44.12793432838515,6.631153494621309,0.4125040301699637,0.007531275212403396,16.913563771946563,1.3658694976501016,0.07835748378892793,16.22928472466209,0.14769086137098594,53.79085951028301,1.56787605023229,0.34987024882292844,0.044250489971574686,p,
GDR1_2162935565942174208,313.41729718195745,44.17929426247285,0.5154558307636937,0.8991735934775549,0.0444075933676283,17.357072902862598,2.682473534272744,0.17953600016090965,13.451997045183985,0.40243203434940256,69.55503492191595,1.254539414932067,1.795321951116231,0.5832789564565986,apd,
GDR1_2162936665453858432,313.38076414721843,44.2262346869474,10.790611982995353,0.9107275980920668,0.015298498001634703,17.280940823900572,1.6508664212047321,0.06551555644657002,15.863756977169006,0.14178062049675774,58.79492682568672,1.007072798369542,0.9190811579015358,-0.18559173496462625,s,
GDR1_2162938074203123712,313.30835291416764,44.216048994754495,7.268239032798978,0.4337714085958486,0.030403489556584937,17.1272569027451,1.7638306686800136,0.2205791263815029,15.520852960144815,0.449345740945188,60.44902456587877,2.9585947300900752,1.480482666700878,0.7368275690215601,p,
GDR1_2162939173714801152,313.27476939197817,44.26074820925187,64.1981521629506,0.9397472926248628,0.07034633583136589,18.7518296275,2.1435302181036366,0.1847608675014596,16.30620373134716,0.3786688435491925,64.99000111036477,1.8948640726978108,2.616521954896465,0.5235913484596136,apd,
GDR1_2162939208074518912,313.2187268777803,44.240317136194896,,0.8136795971517392,0.06677362059807583,17.90623305700389,5.934767480269352,0.8204229830588838,6.7655119002502975,1.7994740779587868,80.43558308682277,1.2731653665082856,2.189674967132126,0.7359953604937377,qpd,l
GDR1_2162939208074527616,313.22393503246906,44.249178733588536,8.745172010390942,0.8953736865702596,0.08977530728793147,17.32986503671875,5.266697160490429,0.4290683100888444,8.176753276038895,0.9099622634123872,79.24909355891127,0.8519626030915706,4.161436436037848,0.5385055684932306,apd,
GDR1_2162939792190072448,313.3288316946642,44.24402348085625,9.037171278558985,0.6192932899781427,0.023881029727679786,18.40965160176125,1.4886667223109868,0.08347960044483793,17.213245197835995,0.20032066626906087,56.10908299981928,1.4870894865221471,1.2760373682858224,0.40993277504298825,qpd,
GDR1_2162940067068027264,313.40123051637886,44.27395532006168,1.183548155206292,0.8384625058604164,0.07094093925939146,18.302225167559524,3.0062579551169604,1.6133727837651812,14.268727511798096,3.18796466064372,71.60083830341917,8.031011624250501,2.249276087642773,0.2909865314249923,qpd,
GDR1_2162940067068027392,313.3967863782052,44.281289838825465,21.916791033608842,0.506885267996522,0.011628496359106507,17.707663938653365,1.2061809180058636,0.07352304458441627,17.245615069936086,0.16286158192190747,50.339128279851245,1.7126300049404959,0.6546420135639514,-0.14364422317668796,qps,l
GDR1_2162941716335179008,312.9884250111627,44.03779365337419,7.483116981783753,0.5895420670865348,0.03729115350516745,17.973610135294113,3.8107266035085847,0.8723267834476902,12.621717507988265,1.6441319237256629,75.2961368035797,3.0947863405379485,1.2094495193022838,0.3913077528894735,qpd,
GDR1_2162942918926094208,312.95230917862733,44.088782803535345,61.73990050342821,0.9175403480006398,0.009148294735043468,16.984882794291757,1.264264661273453,0.05114729795379636,16.44558494299492,0.10339786109458693,51.65693247544986,1.1277000478064008,0.5345744850850828,0.025622880634394416,s,
GDR1_2162944911791083136,313.09385664703177,44.23337851243401,3.00899416960918,0.6398824370250576,0.012942840921637987,15.987209324230768,2.9590168674038244,0.3122906421655094,12.651960316390618,0.5292825058012394,71.32731284439261,1.8040358748708158,0.4779535144773517,0.3073490417913837,qpd,
GDR1_2162945976943020416,313.0767383034075,44.275134667591544,0.9786931575547204,0.908014400956096,0.05756754954183629,17.517297898325356,2.9364462671672205,0.21295690701548664,13.328348847998535,0.4523646766194069,71.19384151934602,1.2622278646680063,1.923087325339241,0.35819973217328616,apd,
GDR1_2162946080022052992,312.8787451542417,44.116509859787705,,0.925229340065076,0.023044815082861245,15.968770996309965,5.4027346307650985,0.7404848772386345,9.38635817769811,1.1085424217270692,79.51371513706796,1.4081722131947554,0.5591135255365913,0.8439312069854464,apd,
GDR1_2162946526698717056,312.8904299532222,44.17068994339685,9.569722650362934,0.7788451353890751,0.023602933296916897,17.398006147232472,2.80685143139885,0.2459433764416281,13.7786147319717,0.4920401783379766,70.39047955881307,1.5693816706417087,0.8618930965687849,0.07856979085240752,qps,
GDR1_2162946767216898432,312.95359237612575,44.184080404503575,0.8061279849238034,0.8049311822914333,0.012541115820390593,17.39375896355932,1.3043935695310287,0.06769605073386731,16.777579192968496,0.13662375582456932,52.52479057631171,1.436809095347164,0.5515351755318535,-0.244863405080826,qps,
GDR1_2162947420052773760,312.8517155562052,44.21783703842847,,0.7283511319329735,0.11473782890793878,18.207893335826768,5.553629919155943,2.60387065130836,7.594666570360656,5.331376630569343,79.79228626571354,4.93439258133228,2.4301190249457107,1.0489086414448296,apd,
GDR1_2162947591850664960,312.82599171691106,44.21892964524781,7.8795476806025135,0.4357415052626968,0.03197384364693875,15.534116549446495,5.994967861696107,0.8631857704418251,6.789747332955638,1.5092154548297056,80.52987823971306,1.3273699878702627,0.620834684781907,0.06740841712803683,p,l
GDR1_2162947729289614848,312.8818772201587,44.216997522769105,235.49834708820163,0.8137141221753553,0.026068295300068628,18.577878004832712,1.7408803918134423,0.2572657135940873,16.885177534763102,0.5753673401847195,60.125992540356904,3.601319018966288,1.2430715319077463,0.6480257864577621,qpd,l
GDR1_2162947798009095808,312.8624501704055,44.22094146912779,1.1119110718397691,0.8113391643060103,0.008154833457436252,16.540460474907757,1.2784955922813726,0.09616859002659904,16.003110073602635,0.18466049673725227,51.96857381274538,2.0913374611198083,0.4271299783336521,-0.27830243430421026,qps,l
GDR1_2162948107246789120,312.8483716815662,44.261805992122966,6.786335762344256,0.5091873288223048,0.024316978278191684,17.922280920462047,1.7177981060894092,0.1116068395081975,16.533830175707926,0.2136885557233956,59.79457800015597,1.6148273157225612,1.1605956329881049,0.040348699973181225,qps,
GDR1_2162948141606527616,312.8690904291109,44.2625428298529,7.033223011417498,0.9189828557259166,0.021771901645913225,17.771286724752475,1.6176988685814644,0.058813609091431414,16.624163625253953,0.10889542142698794,58.27721760925295,0.9299755346096172,1.2280030886087263,-0.3897201488992494,b,
GDR1_2162948691363126144,312.97041974693065,44.2659479554346,200.5914551690006,0.8619658701084978,0.08630880670844493,18.495977467540325,3.081394811590741,0.3479833799082921,13.438420724397805,0.7545716037522894,72.02028289150614,1.909501499046676,2.8015609347203503,0.8326754591195038,apd,
GDR1_2162949309837722880,313.00072099191436,44.333053725436564,4.955637461426407,0.7833564386573684,0.014468950267661209,17.805405756962024,1.2106944534380806,0.09285494511343684,17.310605521964494,0.20950565783709865,50.444239217013255,2.1485624073555942,0.8170137488700691,0.3396796244125607,qpd,
GDR1_2162949378557095680,312.922569534802,44.251955561685,1.1705805296973055,0.8280895027117297,0.07272753749600344,17.250871053768847,3.1867450490908507,0.1018445236155776,12.982302741357731,0.195496248194182,72.57815244467794,0.5227714752641816,2.821123565267647,-0.011707177636192341,qps,
GDR1_2162949378557115136,312.9246367931808,44.26892642828634,1.0225714640933872,0.9254584602831064,0.013437439017815252,15.806769566903071,2.1027844460260416,0.1289413683267796,13.940189985121794,0.22053887810791287,64.5661123721385,1.3616750276980696,0.7052447242431169,-0.2291456109143248,s,
GDR1_2162951027824541312,313.19785316973656,44.26164443036425,211.01752396179336,0.8862107944421497,0.02606774458266592,18.507607537717604,1.0786072421416617,0.06653563586819332,18.329460089397866,0.14822138178553246,47.16573766461124,1.7538690944707422,1.401400312966171,-0.2043362060180551,s,
GDR1_2162951474504020224,313.2076249187297,44.317265273447205,8.623538619749432,0.8701931062602989,0.030188652521676133,15.59799658622951,4.015882031239785,0.4639567580186379,10.442930441588606,0.7892067474487643,76.01708504067955,1.5241658277492032,0.8784117340530013,0.7861568767138847,apd,
GDR1_2162951749379088640,313.14321933614536,44.294499503192384,7.285653935475488,0.7272768524699164,0.02725593928170449,17.028982650316454,2.3888188813006206,0.16235865193996468,14.420933027499366,0.3028772490158804,67.28498944038387,1.3863025974054164,1.001333420676666,0.044395023968894345,qps,
GDR1_2162952470933669632,313.1180077764276,44.354053424749935,5.797807790626122,0.6798335055524184,0.03688894015599619,16.819040310126585,2.968372201235748,0.16734112139833468,13.226697050020215,0.3064397509350281,71.3821019183368,0.9755335131332932,1.010758522725524,0.3203932251349613,qpd,
GDR1_2162952711451794176,313.25749878643944,44.31827220058872,8.264510977312852,0.4060329047234466,0.012929941803805852,17.298740671202527,1.283464175643977,0.07587773181129652,16.561986785611648,0.19088034276523125,52.076369705576255,1.647365557035906,0.7077458151187236,0.054564456268219895,p,
GDR1_2162955185352996096,313.0539040561621,44.34816854948304,,0.8888471973027935,0.0915973016518784,17.553402915238095,6.452069976728991,1.332589111752804,4.6841160874753545,3.1147849848167715,81.18988126991377,1.6666230865240677,3.204847121869117,0.22696025794028135,s,
GDR1_2162955803828359040,313.0766347666336,44.417247815415685,0.97704443135146,0.8724807766282983,0.03386376910562055,18.59538515886076,2.0303348960730445,0.21704316933335288,16.76494178115427,0.3789460379884133,63.77838721037973,2.3825062904866963,0.9312695136960941,0.3212624851642222,apd,
GDR1_2162956903341232128,313.02800205995027,44.465390588231315,,0.914861896821236,0.036084312030355684,17.13692101174603,3.6089337335023055,0.3297144975996056,11.865591654979312,0.6694841326032703,74.51247120389831,1.3411798827421877,1.3686991070889276,0.8024038414478442,apd,
GDR1_2162960820350057856,313.478159470982,44.328335578072405,,0.6605692536873258,0.040996422455904666,18.36827207405064,3.04305001132776,0.6678681471629961,13.812606888027078,1.4351464601231942,71.8085630793496,3.5553662822427965,1.4466794408901518,0.6019022794297492,qpd,
GDR1_2162961267026674432,313.4896617057508,44.342379395681846,0.9870209637108148,0.8883134071480948,0.013638511577309751,16.743939964102562,1.7242517409722284,0.1560441524777708,15.035289683499196,0.3655888931728688,59.887908144066714,2.268109371715849,0.7137140634384326,0.4293557496507233,apd,
GDR1_2162961541904548992,313.5959319846104,44.3209265814808,,0.9030328958557764,0.007052102629372642,14.83773164785276,0.7885777260299628,0.06584246946999439,15.260156758700695,0.1337636940052569,38.258525062290175,2.327501308070272,0.3048026404363835,-0.5065850994428835,b,
GDR1_2162962985013647616,313.56699484966947,44.40291592301878,0.9892677402673722,0.7083422765829571,0.014527116973828628,16.188776685971224,2.030349407358103,0.3035838114830485,14.029735424394088,0.638787100954552,63.77855197807314,3.325263500859922,0.5377158576087099,-0.011517455491728022,qps,
GDR1_2162965012238950656,313.4077230134428,44.405784683179455,14.435578111177776,0.21332560816816265,0.014426305448245262,17.702651426265824,1.5337531634665789,0.12070629860587713,16.422419186760422,0.2889890512159372,56.89583471227522,2.046700508252862,0.9372399807814236,0.09504881038001894,p,
GDR1_2162965287117378944,313.3769366489555,44.445401246216534,182.5521800272541,0.6934317557161993,0.040849957202647,17.857208163291137,2.704685558715921,0.3606310264345487,13.41264484633783,0.8987400320284502,69.70919681473346,2.4195416421431832,1.4292670642761396,0.7356028660213929,qpd,
GDR1_2162965699433784192,313.39769032411016,44.46339235085033,106.16934447654829,0.9231738191088368,0.03340281098060583,17.21367645189873,4.50332702623656,0.4662433772503669,10.481476352794264,0.8827753127101694,77.48015340014972,1.238759575598514,1.2375174337533232,-0.053098965082537496,s,
GDR1_2162966146109606528,313.4939417295994,44.42661241635336,4.545090001979585,0.7875425717509689,0.05603334283501736,18.14623255727848,0.9803780975991476,0.04272343714713739,18.09554881373491,0.1080677078546568,44.432322832775796,1.2457073246419563,2.9305655687677232,0.22349344178928066,qps,
GDR1_2162966798944719488,313.5365549737283,44.503181058530046,,0.8564456882482548,0.007650347655424345,16.708739242771088,0.8513986372837135,0.09132675738082212,17.01219080013516,0.18856471150482434,40.41102720824522,3.0339811933376466,0.4141319926250567,0.04222303948686682,s,
GDR1_2162967795377160064,313.49350340688306,44.54305795713624,4.937556459556464,0.8776672010646388,0.005460592177604986,15.391868904113927,1.15046204182102,0.07192505234246993,15.03766829982658,0.16642599550384407,49.002308968773725,1.7710741987395309,0.3144853074581726,-0.2945762904621663,b,
GDR1_2162969788241971712,313.6900622847246,44.52697728864731,12.757230406864755,0.6592210501116273,0.00785715047147015,17.190797483128836,1.1871961075067912,0.07176932390138191,16.771904461183222,0.1575404262898754,49.891867043767135,1.7009844635503844,0.5416149836969275,-0.07793410258628138,qps,
GDR1_2162969788241973632,313.68607457615644,44.52895151743057,,0.8380382360760638,0.005417930351224504,14.161540622699382,0.9190496606334556,0.08683093217243176,14.292291906998697,0.1462457296559343,42.58455123536161,2.68180489393982,0.2159902552033542,-0.295271222296394,b,
GDR1_2162975698125115392,313.72642956071644,44.72860375213026,1.0182116268516055,0.8655653147335509,0.02146196710833085,17.747421680368102,1.7800013564552657,0.13812983075109608,16.396167945426573,0.2461615924547207,60.67283914384525,1.9004647653607198,1.179166241534583,-0.4019920908074842,b,
GDR1_2162976419671618816,313.69025747381744,44.72828317522482,0.931168244554197,0.8861338655532975,0.03476282377577049,17.59101980462963,2.8316667532714885,0.4945869043140705,13.852551943750665,1.0148555073771641,70.54938073176312,3.0387491265299755,1.5153977514425192,0.7394473237324101,apd,
GDR1_2162978172018122240,313.2877317325571,44.50295916225333,0.5161111068157274,0.8914837621230152,0.02739970825891784,17.779741533227853,1.8853763078241763,0.11480701333703093,15.573597388700195,0.2840358826615397,62.05860612264525,1.4455003560212385,1.2952623541243415,0.073450881309391,s,
GDR1_2162984631649047936,313.2637373528789,44.663571185242866,4.76934392739261,0.7825796857527522,0.011065340339522405,17.495358950632912,0.9816931090268588,0.061162411260065996,17.524750322769812,0.15343043342662274,44.47071635264351,1.7843409545310918,0.6101540161052635,0.4433506721912048,qps,
GDR1_2162988101982678912,313.6231402254145,44.75750335500434,0.9302545404275828,0.8765275846736971,0.03786730725055098,16.58704143128834,2.8980894469138803,0.11780175163805695,12.902783781253088,0.2318336322702761,70.96275408708155,0.7184720805430765,1.6518413980776072,0.17173019933180494,qps,
GDR1_2162988754817727232,313.6121692637456,44.79805822787978,11.591652357794953,0.8275308193228347,0.07288549019046704,15.681671987692305,6.334343188024987,0.4616522114213773,5.1472110028434885,0.8993464276240832,81.02878055653994,0.6383503082461294,2.1421376534075462,0.920888562109506,qpd,
GDR1_2162989201494332800,313.57383253288066,44.811134999192745,9.038308843730665,0.6981672002396797,0.0068256534857060345,14.531002381176473,1.0785016762344448,0.15320920081663586,14.389877553772102,0.28138906456497903,47.16294161411428,4.059879240840017,0.25176791086901057,0.03413506089981598,qps,
GDR1_2162989510731974016,313.60174372573124,44.80487816338861,8.230999823334924,0.666877858179725,0.05929634196938738,17.102169000309598,5.151143226120628,0.4641115935923481,8.310826742290605,0.9684140857183844,79.01372821269388,0.9629157986087415,2.1251996671706523,0.8267107391439856,qpd,
GDR1_2163017101601143040,314.020203173375,44.58231171364184,18.51789992578989,0.8971669370475381,0.013840268140554996,17.635630671253818,1.7605429910717654,0.14404836127263346,16.310262039267762,0.25280162598205536,60.40313998075504,2.000324343567752,0.551266611601645,-0.369182825914436,b,
GDR1_2163020881172468608,314.2669830495015,44.63076131524417,3.2760848987170137,0.5414205026501429,0.006063347100793046,15.300166646788993,2.412876805460204,0.18878455893021484,13.569912220192425,0.23201425313943602,67.48877819385261,1.56971211561844,0.2738012393990639,0.2784298654282309,qps,l
GDR1_2163069500202546688,313.76662345958664,44.74070007403486,,0.9170974004275269,0.02440071014604766,17.419238013523135,2.8968265935779716,0.3193156287767531,14.406994812139411,0.5025036628393167,70.9550526884354,1.9476784282806408,0.884123759232434,0.038262194804970194,s,
GDR1_2163135367823138944,312.8169403422865,44.249996064152405,,0.8872251009403778,0.03984144740393639,17.05020224222222,5.09345910013416,0.6651127012333498,8.56590502220951,1.3857736659449682,78.8923847127003,1.4089531623908933,1.4859926182967622,0.5651822573607647,apd,
GDR1_2163135573981345152,312.7565367275058,44.26166089652195,7.364955092999716,0.2591275822430877,0.013636759563168949,15.458944435973596,6.887092103178395,1.853602116656917,5.779144392084832,3.045008950987153,81.73843691774239,2.0205814516715335,0.41039829732694394,-0.04415911934320802,p,
GDR1_2163135573981345280,312.7561119042319,44.259557343227584,5.529332057656911,0.4652233820507264,0.009445448018105198,16.425334344518273,1.9622096692545123,0.3047587574557903,14.567988986838735,0.5837306177335124,62.9952647748736,3.557191486483504,0.3713303695157623,0.19687951444635804,qps,l
GDR1_2163135677060562176,312.7737481103964,44.2756174992443,29.15735861214416,0.8507322393322271,0.0548681633610284,14.880948977096775,4.352438786420542,0.34132463564756144,9.100406382978708,0.5674141601215146,77.06050051993556,0.9722247860422008,2.1984840151701768,0.39082823857307,qpd,
GDR1_2163136123738466688,312.80038267902404,44.313240837133534,1.0104003963299573,0.8448820634326468,0.016778855443188686,17.856060620915038,0.8669353434727997,0.09601402593306302,18.09911860669502,0.1724023400543011,40.923173027993606,3.105894933708881,0.9891735309195228,0.07862568098322471,qps,
GDR1_2163136192456870016,312.83106326015115,44.325146090175686,,0.9090818792983196,0.06969119087839948,17.171662231012654,9.303792102507726,4.107896982009527,2.2080722867630818,7.345858040847987,83.86522299098719,2.2868891461025505,2.186177345045824,0.5627713710316365,apd,
GDR1_2163136364255498624,312.7190342985914,44.27888878470984,8.615267332984464,0.9427829866339325,0.01627203893248598,14.763744509661837,2.8467152631348736,1.4833692039040296,11.968494247872355,2.2373084009536237,70.64451905434096,8.60299507529384,0.4641017302305832,0.6112783075114918,apd,
GDR1_2163136742213531520,312.74588223129325,44.33173518582862,5.499372497373977,0.7093887572288495,0.009516250445833542,17.571178858544304,1.2532384724986982,0.08165051966483794,17.07959452893055,0.15587755502692954,51.412487553239394,1.80795057335844,0.5721510684086786,0.2469017458391874,qps,
GDR1_2163136746511218176,312.7478393033757,44.32750211468454,6.84353303886362,0.7181476298861764,0.02918331125385978,17.589087183174602,2.657579721804013,0.3112095954405496,14.529360161370766,0.560859893173558,69.37957352776222,2.170890204297924,1.0946861048803216,0.29013419485377884,qpd,
GDR1_2163137360688842752,312.7746285220051,44.39641897681263,,0.8366923760364444,0.012746827211753804,18.35151021582279,1.5422992667909128,0.09427208264924236,17.367305626562544,0.16572263728934722,57.041325829767025,1.591470114567391,1.0357027479563798,-0.1109523430452658,qps,l
GDR1_2163137738645105280,312.8444553863257,44.3521006870259,7.7590743757567875,0.6769984456757938,0.02287632447243696,16.11277988386076,3.8171492607102433,0.8190589176013512,11.364923126954393,1.3884041363875426,75.31980696085913,2.8741235086281014,0.8450452466696157,0.3591336216973109,qpd,l
GDR1_2163138116611233408,312.9531889678755,44.39470490406047,8.85967772606117,0.8119699253192678,0.030811348117489232,18.112394731962024,1.8055732216673568,0.08167441060181879,16.365262991268576,0.1763941677868779,61.020529881480144,1.1003498072857123,1.308215977395998,-0.22497388220456535,qps,l
GDR1_2163138288400926464,312.8865953964193,44.39665464404827,,0.943884221645448,0.030735301676401133,16.514140796835445,1.8610836167095528,0.1176638903915026,14.887891416440597,0.2186668952197266,61.74991158270261,1.5004188908286489,1.4174714319107675,-0.1445310829171551,s,
GDR1_2163138361418522624,312.9135525014715,44.40778696773347,1.036142282645517,0.9051394245693928,0.045359977738223936,14.83070555063291,4.110557645510337,0.2260353320107327,9.413180289504675,0.3903342721215369,76.32692118628086,0.7245726315863357,1.151528014190593,0.5737119896735005,apd,
GDR1_2163138597639123456,312.8326758152813,44.38512183346858,0.9803474574919616,0.9062251300976571,0.057718258407240125,17.823620213375797,5.879674521625407,0.8658758421516657,8.307733404942983,1.6532493432279782,80.3476421373857,1.389332701953839,2.149191251364907,1.015177835852115,apd,
GDR1_2163138601937119360,312.81884032151413,44.3827735529161,2.4248942512376948,0.6933403472430967,0.009987324260824269,15.311396306962028,1.7610626154202251,0.28978406282144376,14.246922794381915,0.4043810740851583,60.41040067368557,3.973443511710965,0.3446687130494932,-0.3199644668538188,b,
GDR1_2163139151692568576,312.8685210789231,44.433620803815266,191.14715251466203,0.6246197608147127,0.07054657496559298,17.900429102215192,9.286186051369123,2.164082618423818,1.0238101309983794,4.367071677068914,83.85368397591809,1.3325742431573808,2.6957970463585603,0.19657192074014904,qps,l
GDR1_2163139804527939968,312.70243444677425,44.3512518624165,6.22448359083773,0.5982993492117571,0.04016652869050187,18.500785217777786,2.750952295841235,0.33554751913069736,14.94540520578722,0.6824210422016384,70.02326377811787,2.1897817815696317,1.4549128513278151,0.2604667038499253,qpd,
GDR1_2163139873247408384,312.6685306707504,44.339344334403286,5.03554336266382,0.4567742761379567,0.016376464628193144,18.230372762974685,1.2281974473551938,0.12573906571556492,17.737965005748215,0.26256750886778946,50.847472958451604,2.855503302498877,0.8722486259404336,0.022213901329053033,p,l
GDR1_2163139937669407872,312.6557508284225,44.34805504775345,6.048294312112772,0.742248177673499,0.009869623213356368,15.324809871202529,2.3797462357079606,0.2777443112733424,12.755828489705324,0.5178214504929981,67.207225109151,2.3415487705119173,0.377249839658538,-0.17108059879496193,qps,l
GDR1_2163140246906862080,312.7287237613243,44.38283520549869,18.950077636919293,0.8770605725987239,0.08331558643993554,17.635158098101265,10.998886462036314,3.9592791945875527,-0.13594115475656132,6.968667759189506,84.80502185085945,1.7493979691368686,2.430630244837689,0.5225071612908165,s,
GDR1_2163140281266601728,312.7448012775342,44.38816458154733,4.44555224809608,0.8346602633492676,0.019362174707956342,18.044684586075945,1.6382134425180874,0.11192336990242313,16.77653559118481,0.2226723429405446,58.599229369695045,1.7295092891108932,1.2723602813521766,-0.17269960026578446,qps,
GDR1_2163140315626343168,312.7693628453087,44.3972432622505,191.14715251466203,0.4733320005378767,0.033455684445598766,14.460411889556953,5.2922764358453485,0.3133943648612241,8.077466282800795,0.4692407184652194,79.29985379444896,0.6179275932259297,1.1500952935963722,0.7469977057877948,qpd,l
GDR1_2163140315626344064,312.76289490947937,44.40076132666685,8.383979932449611,0.6945428704815894,0.02879272366732178,16.862320221725238,3.5847321778740358,0.32164496518070074,12.044425559816306,0.5872815347259754,74.41297780496454,1.3250240454202098,0.7438460572224546,0.3980486292112814,qpd,
GDR1_2163140315626346880,312.7638913920373,44.40428515934821,,0.6928503353263801,0.029398816780713675,16.650278862658226,2.2719412803850707,0.10421489613004288,14.716035993706779,0.15872757829824735,66.24319893910355,0.9716029123227108,1.2244911097164382,-0.3175255249735095,b,l
GDR1_2163140453064444544,312.7123320321692,44.39623822222878,,0.8308689487317771,0.04342232147237254,18.008952876190477,2.5942232703068955,0.34684129414291265,14.275806963363815,0.8039060673790148,68.91975391204731,2.5051929750164534,1.385822110538636,0.42300722384131,qps,
GDR1_2163140968460295680,312.6154861844204,44.39139410498164,,0.7274876804363712,0.007140615666578855,15.265812181329114,2.015522918507568,0.2533709211201963,13.386890635084796,0.4661358767443469,63.611729636737024,2.8435333392472133,0.3255161543540607,-0.4989966972773222,b,
GDR1_2163141208978477312,312.63467375634264,44.43817851699804,211.01752396179336,0.7773494227504044,0.008280610907535572,17.764991392405065,1.049126617177948,0.04330017769667816,17.63635209238823,0.11749050331509815,46.37336982629219,1.1821485749183631,0.7578565436265203,-0.0321794242129956,qps,
GDR1_2163143717240796032,312.7537272945984,44.530465728732146,1.0387632651997014,0.9143768926356239,0.08399306344592268,15.958055012658225,7.787295556206112,0.627985896187591,3.7716960566644233,1.12251106983922,82.68245067304973,0.5832842428871398,2.5403492961518266,0.8117779809673853,apd,
GDR1_2163144473153865856,312.94164656473293,44.47646401982018,10.621232087814507,0.6627870174478294,0.02634504867215064,17.764639197151894,2.04312966144118,0.29872924701560755,15.700425840929675,0.5970247982694366,63.920781382064035,3.2702830016261917,0.9778158843265976,0.1783345480697911,qps,
GDR1_2163144541882323584,313.011144384048,44.45799695989046,4.104015137835293,0.7450622359114151,0.017923306784728494,18.032306264444443,1.5508072559108341,0.14920445122421067,16.78107542864003,0.3352760213418726,57.1850442473393,2.4978122609494102,0.974731895541572,0.6374770569054559,qpd,
GDR1_2163144576233088640,313.0152968094033,44.47723291815445,,0.9046756737722396,0.018753929503992718,18.22164661107595,1.2860700487722925,0.1316314818858625,17.650037573783273,0.2682312324516847,52.13269738091181,2.8381107172530498,0.9135143250095816,-0.14940710650881558,s,
GDR1_2163144644952565120,313.00412135165266,44.478171669720055,19.87791410366512,0.8849063081650892,0.01213703133803201,16.920486928797473,2.0837496706452256,0.12677376590482906,14.858376992291346,0.24064251115884705,64.36346031407642,1.3557592999378365,0.7231947128545704,-0.17822113289405767,s,
GDR1_2163144851111005056,312.99458089748686,44.50758285888877,182.5521800272541,0.8134175291426107,0.04068918894855536,18.228984302866237,1.9987979849531008,0.28380026473146314,16.07961653525546,0.5993025796035587,63.42116811856086,3.248213526219601,2.142778591699326,0.7553976411934,qpd,
GDR1_2163145984982389632,312.916507636757,44.553945873148145,182.5521800272541,0.7068129260939614,0.05485782057927791,16.54426884177215,5.70966538627758,0.3964344955515315,7.436275734205915,0.7489085724228883,80.06588198324216,0.6684222259973636,1.8311271105320543,0.6467490876355726,qpd,
GDR1_2163148596322501760,312.8736830348407,44.538787089797324,1.034829943937824,0.8321197128564051,0.004146240893526909,13.942275634603176,0.8585011078760507,0.10782636461090384,14.104663472830445,0.12596501179073538,40.646126659643606,3.5425324066881876,0.21110440758320687,-0.7721280253077026,b,
GDR1_2163148768121199360,312.84503454566214,44.56183160166629,,0.8622441777929001,0.007541721904246841,16.66576390474684,1.9256809686206091,0.13916523767511624,14.987413376492613,0.2511931386942789,62.557291396252154,1.6813475110397569,0.3666843462814404,-0.2451379507967652,s,
GDR1_2163149214797802752,312.88916795656144,44.58175004168541,,0.693449158419866,0.03281433212445445,16.369284096518985,9.17206241600708,1.5524710432294462,3.4158011341047843,2.459511653272713,83.77780446756792,1.0111495411214846,1.0032679650860117,0.11926681633180272,l,
GDR1_2163149317877028224,312.88799831442975,44.61655320862664,1.0106078109828855,0.8756576739657446,0.03735019736891304,18.18091062974684,1.6908563080467425,0.2309789638428548,16.43734842799134,0.5611234179772193,59.39923685473109,3.3485557948324787,1.0483668922533798,0.9388742289480366,apd,
GDR1_2163149661474923520,312.84865725313716,44.589583827644724,60.379073546562395,0.9517600407485026,0.06596244390142313,18.67234145382166,4.44866929848037,0.9846437655921594,11.640897983762805,1.945731268482655,77.33126951717686,2.4962250873956635,3.5244449098057204,0.12111503191642722,s,
GDR1_2163155055959979392,312.6678481482751,44.51358919827957,,0.7619319851803791,0.028277392265328705,14.808467292038214,4.789361687349837,0.4764948433456007,8.707370279983879,0.7637083336210146,78.20630221731,1.126430110710782,0.8928187134778633,0.32826344644301875,qpd,
GDR1_2163155227752761088,312.70038599475987,44.56016414568739,0.8619208438382044,0.7869111510922819,0.023819177892881176,18.26475209556962,1.0773614275023091,0.10918486038764612,18.06475266093232,0.2539684426550615,47.132722729308774,2.8902143476906947,1.1934570873176196,0.2444675911126219,qps,
GDR1_2163156052385630336,312.7257984084001,44.635609332751294,9.547218333188756,0.23915235654477096,0.02211203943253884,16.690521618670886,3.727559530644876,0.3503060500687893,11.517895211535473,0.6635057191957427,74.98274267963323,1.3251530016491504,0.9000845077696388,-0.10819078717679216,p,
GDR1_2163169761929937280,312.6906807725453,44.91994973521836,,0.8117446057427015,0.040023697159262135,18.24938069134615,2.8722207640013715,0.641248696271224,13.28674307954493,1.6353066185704366,70.80379111694604,3.785350894385077,1.4874743962327623,0.4785289435651778,apd,
GDR1_2163215391652091520,312.60242541317564,44.92092749329559,0.9100281678783224,0.7525209169658904,0.011242188877546936,17.890102136942673,1.2398872317433265,0.09751072695461482,17.333600220417885,0.22517168716658986,51.1129568587055,2.206637313210917,0.7116051195406149,-0.044261231921260434,qps,
GDR2_2067027228235955584,312.21539449689067,43.85037700947687,5.615449049902626,0.6987346227055323,0.016041189443547342,18.018390788448844,1.2909405578866675,0.10574739343841756,17.387415657672513,0.2293448602375534,52.237598166536216,2.2707069872677903,0.6975775035052038,0.2804489864176473,qpd,
GDR2_2162926254452857472,313.1646322654713,43.998398325633936,8.743228892173807,0.4589795685941885,0.018742773562005443,18.005319249664424,1.7566045368631016,0.1668981506903876,16.24324425109993,0.3858166687117671,60.34800176100372,2.319668478308237,0.8608488893280198,0.23577753609057325,p,
GDR2_2162948455142499968,312.9943655202102,44.2490878988824,0.9891853571043464,0.9146817961202746,0.015989122248035566,16.939160590625,2.014036903725227,0.07691177793980841,14.60704562802546,0.17796271950489384,63.59490134587573,0.8723656115726806,0.8532164579355541,-0.09813961453493827,s,
GDR2_2162951684957670144,313.11151769035183,44.285138743533935,,0.8212936361688531,0.007480761343510075,14.00024013918575,1.8255425260199087,0.15151985978549076,12.839634039735715,0.21541977303332693,61.28684937825386,1.9809488294251507,0.291703256795315,-0.3898155923609958,b,l
GDR2_2163136059317926016,312.8130652914013,44.304877026551296,0.8066084675227408,0.8452928145475219,0.019692126742014003,16.240582676265824,3.015278665675884,0.2007242924313586,12.743145235124652,0.3432026224751912,71.65219189927636,1.1289104218529298,0.8160185182841591,0.2866665263393427,qpd,
GDR2_2163137120170654720,312.758957326272,44.33585049865385,160.85371518038602,0.8739534406535364,0.05510884826069424,18.52074329776358,2.6455555270097912,0.2241305496750068,15.575839612675624,0.4054880757721096,69.29378665309866,1.6025995017391603,1.7199750693548468,-0.4000029066234206,b,
GDR2_2163139804529410944,312.70289201218,44.348121718414774,0.912892955033662,0.7906503511423998,0.012404196123103315,16.43917278607595,2.2976411381502606,0.2373115463469748,14.03486754821521,0.4362149820059731,66.47992883308275,2.097947473026744,0.5485308299966032,0.012840854360253192,qps,
PSO_J205647.351+434127.587,314.19732404391516,43.69100543901369,,0.8899992777895281,0.007515080214594964,13.25320285397351,0.8924754166554068,0.0784491271596382,13.34778954938842,0.06691955069260125,41.74812767891817,2.495146247772861,0.16671152849609988,-0.2626525835010948,b,
PSO_J205818.503+435346.014,314.5771034612672,43.896088894135396,,0.7338850409986445,0.0413606616594539,18.066858266887415,1.908895020628352,0.1976810757422165,15.636893704326575,0.509331283440595,62.35160797320169,2.429219351885195,1.4580215415167248,0.3211077015261213,qpd,
FHK_176,313.0564583333333,44.20058333333334,0.9723642473694504,0.4,0.0059747296567214895,16.12621518878327,1.3765828211679405,0.08656722601866307,15.371097987063141,0.17395794108903484,54.003976464027396,1.7116792849234674,0.328463464477391,0.3821395531124951,mp,
