ID,RA,DEC,POW1,PER1,POW2,PER2,Q,M,90%_FAP,95%_FAP,99%_FAP,NU,mean_r,class
2MASS_J20470481+4349114,311.77007069097664,43.8198374299041,0.07911585980784805,31.83865313042559,0.07107826272542178,1.1125375829330764,0.91115957998762,0.12492324306354025,0.06623436978490184,0.07105002062578188,0.08180641330240257,0.03180899729498902,19.034893894594603,s
2MASS_J20475256+4345137,311.9689046469143,43.75372371764185,0.3392257010610453,1.1984669028074513,0.3272564387194685,0.8538242458989768,0.5203361280137043,0.2660667052373756,0.06471614355260873,0.06942724613940522,0.07995214442691476,0.009571418978909828,18.24218667194719,qps
2MASS_J20475256+4345137,311.9689046469143,43.75372371764185,0.3392257010610453,1.1984669028074513,0.3272564387194685,0.8538242458989768,0.5203361280137043,0.2660667052373756,0.06471614355260873,0.06942724613940522,0.07995214442691476,0.009571418978909828,18.24218667194719,qps
2MASS_J20475256+4345137,311.9689046469143,43.75372371764185,0.3392257010610453,1.1984669028074513,0.3272564387194685,0.8538242458989768,0.5203361280137043,0.2660667052373756,0.06471614355260873,0.06942724613940522,0.07995214442691476,0.009571418978909828,18.24218667194719,qps
2MASS_J20475256+4345137,311.9689046469143,43.75372371764185,0.3392257010610453,1.1984669028074513,0.3272564387194685,0.8538242458989768,0.5203361280137043,0.2660667052373756,0.06471614355260873,0.06942724613940522,0.07995214442691476,0.009571418978909828,18.24218667194719,qps
2MASS_J20475581+4329019,311.98252525962954,43.48387322013138,0.07704099154885173,1.1670391735927426,0.07269591692979066,0.8057496987729384,0.9296843382924852,-0.01871885547554755,0.06492486027886543,0.06966726941982057,0.08026115591318697,0.07228772449697304,17.6808145717608,s
2MASS_J20483292+4351190,312.1371734648398,43.85529686187581,0.37052260380722896,250.0,0.17351682452328254,191.03616363398567,0.6406015875585829,-0.6920295638104588,0.06946071150020865,0.0745002679573202,0.0857520602129099,0.06848117602246345,19.306390517375892,b
2MASS_J20505039+4450115,312.7099655363757,44.836540725881186,0.5234780286014231,222.58683877368026,0.2710753843623772,160.85371518038602,0.4758820302681549,0.30191147579045136,0.06489175676415157,0.06961783874121924,0.08017585300420789,0.09050679476113913,16.876935947682117,qpd
2MASS_J20505363+4424305,312.7234562095467,44.40844658880434,0.12990905839347047,5.340230268367138,0.11272275526097494,1.2264531420839329,0.8592732523890276,0.34033183715763715,0.06298536006125277,0.0675519880838058,0.07775732802962472,0.02855383588510272,17.000678722364217,apd
2MASS_J20505543+4417461,312.7309994942258,44.2960874126181,0.1674076065507877,0.9015406815299328,0.16586940753358925,9.370923785241644,0.8101752600451981,0.17797395323247414,0.05523617343188581,0.059210335883743075,0.06810232793783548,0.013782499379621956,17.795238330939227,qps
2MASS_J20505838+4414444,312.74300130377736,44.245689011602586,0.1216269300790299,3.422457121360212,0.09575119629034087,0.7738597517245508,0.8610274234971073,-0.12049622910901525,0.07165325745464407,0.07688915380919921,0.0885740971550639,0.008710201613969445,15.04919018376384,s
2MASS_J20510029+4424364,312.75123585817425,44.410094107931116,0.7086421774449121,7.008938672886845,0.5714321437983009,1.1625358542380206,0.2368340826065949,0.12064017897730993,0.06289587747626801,0.06744788391527409,0.07762098985348308,0.020705552942281408,18.33375124808917,p
2MASS_J20510663+4421407,312.777638321121,44.361312210949386,0.5366501168903007,1.3974247735885623,0.4662615043308842,0.5819544441496151,0.4212279555452859,-0.028496854183791706,0.062472398513143276,0.06699750674622118,0.07711095328246058,0.008795557534264583,15.6455768443038,p
2MASS_J20510895+4416420,312.78730191056013,44.27831364345297,0.1793197293269349,1.1904892992814269,0.1750424217508796,6.149062663729158,0.7836237938229438,0.2442378059061161,0.06392245735318966,0.06855947440000791,0.07892065916535608,0.017123680865759126,18.228841724350648,qps
2MASS_J20511252+4418093,312.80219789507777,44.30255956257102,0.472168564946883,0.8865781330366234,0.4563833125707707,1.1393715264850852,0.45243688883928,0.03957310550207112,0.06243907686685213,0.06696446572778994,0.07707848275225432,0.009976779712767636,17.507911318037973,qps
2MASS_J20511262+4418454,312.8025823261458,44.31261411198452,0.045442845041704726,0.5923991976895105,0.04530590680336344,3.1736463758712947,0.9120008395917324,-0.1438433211379148,0.06377820415259579,0.06840058222939413,0.0787294290163517,0.013838350474564479,13.068657866019418,s
2MASS_J20511374+4422252,312.8072667450728,44.37366095322359,0.2810204808195674,2.0763971415352644,0.2381789862896601,1.9184282758406064,0.4461851170838893,-0.1411884111549158,0.06273558826187862,0.06728895014342202,0.0774648120975765,0.01079203824751848,18.713989500955414,qps
2MASS_J20511455+4413379,312.8106511817742,44.22717526035429,0.1611251355974823,235.49834708820163,0.1245464688428868,154.72348245367584,0.8162451231014634,0.10119856559395933,0.0716674864719293,0.07690325012567371,0.08858792253564718,0.007355554428609012,17.319683960516606,qps
2MASS_J20512059+4420322,312.83581316745375,44.342285888519115,0.1438642253295526,1.6237859092888862,0.14181119586407498,1.6051677464109664,0.8095383894053254,-0.1186045271956734,0.06260305111734876,0.06714224720012632,0.07728681555534835,0.007038260460115806,16.97498299079365,qps
2MASS_J20512139+4424054,312.83911742903166,44.40149991620572,0.0953077356863345,3.573061698125612,0.09188413013776152,0.7796556308683844,0.8784083510459302,-0.2480327270351282,0.06254327691878149,0.06706778867683598,0.07718002242633681,0.007809850596611503,13.141350378481016,s
2MASS_J20515226+4418213,312.9677502432141,44.3059157295101,0.13174320050182406,0.662699130096249,0.08879106058323008,0.6681523313687011,0.8561810230389204,0.038542422776210325,0.06267939332659825,0.06721794521664727,0.0773612038385942,0.028009108608460655,18.200085904761906,s
2MASS_J20522880+4418297,313.1200224959053,44.30822974945297,0.3840981433374535,0.9067760633247606,0.3757439653083921,1.1109982325762475,0.5953235365527495,0.30249472192608146,0.06259752663844574,0.06713676936543274,0.07728143254175128,0.038296737790552655,18.360091347619047,qpd
2MASS_J20523394+4429168,313.14143743188987,44.48800174730115,0.5464894477771146,8.615267332984464,0.4567713703197781,0.8937999872656999,0.2916550467353051,0.02831569449578792,0.06243774001906095,0.06696314014146276,0.07707718005801192,0.008445860053699983,17.406404526265824,p
2MASS_J20532233+4438526,313.3430529515253,44.647931427049905,0.2689345496401239,2.430701548636463,0.26234192366539244,0.7071388663071233,0.6584172151890357,-0.12859208066967562,0.06264999561259736,0.06718879548358153,0.0773325583250071,0.0071508749306128565,15.530116970476193,qps
2MASS_J20533662+4439529,313.40262665227465,44.66467215720368,0.3309598425537885,3.2087630887766005,0.2685894214958955,0.7608079801959173,0.4437691410717629,0.4126213552703583,0.0624292428352362,0.06695471454209201,0.07706889997170893,0.009986539680120612,16.721199944303795,qpd
2MASS_J20564400+4346000,314.1833687815177,43.76669443921591,0.34705718290375354,1.3221008839953343,0.31722577239488897,0.5693441773516424,0.5361735712022242,0.10947338590121254,0.0651494673569622,0.06988991842666795,0.08047982136386321,0.015061133966143246,18.060018507973425,qps
2MASS_J20570162+4341387,314.25679032427837,43.69410701051157,0.2152664186831532,0.7478687958438732,0.1891126261354155,0.5994285277735598,0.6437208678305392,-0.06722968531268515,0.06508988641690545,0.06983085631706208,0.08042181505882044,0.01131573974488305,18.564869548504983,qps
2MASS_J20582381+4353114,314.59920599772784,43.88648447204281,0.17812789754549527,41.665455072686036,0.16780147001009965,89.59976392202053,0.8104532766061209,0.4802873034077813,0.06516709970476557,0.06990739731241309,0.08049698792011707,0.040614771967770295,13.15541461960133,qpd
DPP2017_409,314.80322628703317,44.2741206966779,0.17730428765164524,3.340383194835033,0.16410376170569718,0.7694818898199798,0.7829138396941134,-0.2990826371195796,0.1542468152270829,0.16648490024599402,0.1933663464924705,0.008342859224634779,17.163282937962965,s
FHK_101,312.8605833333333,44.60799999999998,0.14546191613865872,182.55118311718255,0.13774670532280128,8.99694083622924,0.8793312674913631,-0.07705652889948178,0.06224217974094369,0.06681513995726407,0.07703333970952865,0.06436373179424988,18.2055116514377,s
FHK_115,312.88908333333325,44.443583333333336,0.2686745753547217,6.292011060769418,0.21649269771167373,0.8608243081009507,0.7093870585485773,0.005674124979552212,0.06266154892678245,0.06720025132867724,0.07734381599220512,0.013279157164520985,14.999444261269838,qps
FHK_118,312.8974583333333,44.51088888888889,0.760277328564897,4.416535527230108,0.6190689284812205,0.8135588683402495,0.11365685490964815,0.2435415110905461,0.06244325847423188,0.06696861211115518,0.0770825575322613,0.010309777492830572,18.105954954746835,p
FHK_123,312.9110833333333,44.0613888888889,0.09328588371604292,0.9487325053844858,0.09018068617726603,19.49608602011088,0.9170091572529424,-0.16139223648449755,0.07302179681529856,0.07837038285954437,0.09030392047558156,0.031899543097807084,16.960586586037735,s
FHK_127,312.9219166666666,43.798611111111114,0.531917043552378,1.356962746469088,0.4905034795431369,0.5748696462508005,0.4395211087721642,0.037018440131386735,0.0959007892934316,0.1034378124428962,0.1201691993498531,0.01003158737470805,15.689936412432429,p
FHK_130,312.92541666666665,44.64908333333333,0.3220181930910142,8.214345951571262,0.24717409684533265,1.1349124451868584,0.5843234988187506,-0.005427432256361047,0.06247581208582763,0.06700089157813106,0.07711427968364387,0.0070598206451841375,15.44070238892405,qps
FHK_133,312.9370833333333,44.4386111111111,0.7694538890576772,3.7722587346534295,0.6152632347241338,0.7887438690653018,0.15409875355498792,0.0854529911088212,0.062437027753114015,0.06696243387565716,0.0770764859891349,0.010424188617510377,16.875230833860762,p
FHK_134,312.93816666666663,43.81730555555556,0.3259936995786412,6.242051875309273,0.3197749804175417,0.8599661777564873,0.6086663137556902,0.2577065063966013,0.08855432404099506,0.09535841689504704,0.11048872372391563,0.019525717280170614,18.4704446723301,qps
FHK_137,312.94395833333334,44.37258333333333,0.7242686346432929,2.175419455713308,0.5630430560029372,0.6837948156248262,0.2455775808342626,0.14247172791852136,0.062445595407190885,0.06697092935974824,0.07708483476604533,0.01454548372835691,16.42148929050633,p
FHK_138,312.94758333333334,44.53561111111111,0.29921545390729265,6.421386329003202,0.2635869828535561,1.1832032220750346,0.6985750578168695,0.18570330264458115,0.062446375365864976,0.06697170274885145,0.0770855948003109,0.026638907331919457,18.389115951898734,qps
FHK_142,312.95675,44.63127777777776,0.04268853215297562,36.82760438119743,0.0400425146050175,191.14715251466203,0.8904049387819742,-0.4899361785763663,0.06250195703632719,0.06702681644656662,0.07713975709734264,0.004195797221486862,14.645893890506333,b
FHK_146,312.9820833333334,44.5646388888889,0.10746161487655127,47.628829600931866,0.08285258922809058,44.01430309531518,0.8750612331854497,0.4899408664818922,0.06325534372490776,0.06785073344216043,0.07811960272677991,0.019080215627158573,15.871081526045014,apd
FHK_15,312.654125,44.34716666666666,0.1045037002569486,250.0,0.08378532830881577,22.524782108712248,0.9170863581484112,0.3440814917202933,0.0625219498972384,0.0670466410681679,0.0771592396405117,0.023448444978006758,15.2951091471519,p
FHK_150,312.9936666666666,44.62338888888888,0.8324784051930689,1.9058203052605305,0.6812003384610846,0.6546842105877341,0.1198571016334133,0.12785232436462493,0.06244270585349361,0.06696806414532827,0.07708201902899356,0.012319890577406631,17.326969899999998,p
FHK_153,312.99662499999994,44.42880555555556,0.1808115360846293,4.154410343904903,0.14209384929190244,0.5674752123176251,0.7966730719084313,0.021764816450060925,0.062490584109332975,0.06701553924401864,0.07712867451957492,0.011744985505060136,15.192673933544304,qps
FHK_155,312.9975416666666,44.272861111111105,0.048484752829418665,3.7000616987028834,0.04369514538082042,0.8831068310318513,0.9446047241865514,-0.20817036489571653,0.047440872622605865,0.050790889075850255,0.05829638790853853,0.008349459737889673,14.666361271296294,s
FHK_158,313.00466666666665,44.544166666666676,0.1988246429767527,1.261905941062194,0.1798555004178363,4.758164547142576,0.7394578198355893,-0.0818607750648907,0.06263622378748887,0.06717513986506354,0.07731913897213685,0.006294217307619669,15.927255687619047,qps
FHK_163,313.0193333333333,44.625111111111096,0.16868881504912642,54.685958644936456,0.16787177391125754,64.1981521629506,0.8038272770499597,0.730044314492756,0.06270160444675943,0.06723996904685964,0.07738284681927464,0.026344706387669992,14.156162515555556,qpd
FHK_164,313.02204166666667,44.291472222222225,0.24230363620991305,0.9100281678783224,0.22020944015848584,1.1055525178689034,0.7424111892945936,0.4692637481861083,0.06244317274499081,0.06696852710403806,0.07708247399308764,0.02466748634266543,17.454611510759488,qpd
FHK_165,313.0252083333333,44.28777777777778,0.05018408615478865,235.49834708820163,0.04724121796324996,182.5521800272541,0.9428606698785552,-0.09644248283457113,0.05234942400791021,0.056084394805287034,0.06444558913488216,0.007376069817003667,12.924269782901554,s
FHK_172,313.04820833333326,44.29855555555557,0.5868574410979482,3.535720408626076,0.4639104142880085,1.3888200572580842,0.3501411970364657,0.33247950083074385,0.06244011713173993,0.06696549722974693,0.07707949644102494,0.01491205002565858,16.146627497468355,p
FHK_179,313.063125,44.28908333333332,0.0909803236812071,191.14715251466203,0.06853120338919383,134.25701682316483,0.8915359762474309,-0.07183895702391803,0.05306767172807088,0.056880665275852164,0.06541475545305134,0.023911818639234958,18.67728777010582,s
FHK_181,313.0643750000001,44.469722222222224,0.2370740271567162,211.01752396179336,0.1304483516325901,12.87863556594738,0.7516133287940805,0.11805940206262648,0.06239836611203496,0.06692409801352968,0.07703881231776173,0.017645343133428457,16.667725382594934,qps
FHK_182,313.0696249999998,44.258111111111106,0.4602242578072114,0.8850319689008562,0.4096812066806204,1.1419353403806205,0.3855888291930691,0.1957928187190316,0.03942352080461972,0.042155440587697816,0.048284092141091126,0.00946347762006924,17.548647459662288,p
FHK_183,313.074375,44.354444444444454,0.506093654468698,3.21130118642878,0.4191716870508715,1.4462085100674518,0.3396589291818168,0.10778210330263192,0.06243838833016605,0.06696378299123669,0.07707781180611115,0.008406019426933255,17.080885022468355,p
FHK_192,313.097,43.082361111111105,0.6765109287193373,7.229315899809352,0.5325698561079304,0.8763652678719751,0.1859785515551028,0.2860346966187988,0.0649259857408364,0.06965177023023768,0.08020917920650224,0.011789972235006113,17.51118385960265,p
FHK_200,313.1092083333333,44.573944444444436,0.5430684974006601,1.4329369802862646,0.4504498349891116,0.5880232835199688,0.3666485344420128,-0.0682648272841232,0.06246754348320225,0.06699269259592433,0.07710622224036258,0.0066072051054497614,15.642248783860762,p
FHK_203,313.11329166666667,44.077527777777796,0.06763635426322949,0.9159824529253768,0.06545355159154988,10.906565442770123,0.8999130751493274,0.029952722223969438,0.039991284260154115,0.042763493170754105,0.048982049965322495,0.01729823449458709,18.32473673219048,s
FHK_21,312.66883333333334,44.347388888888894,0.07713786092281713,174.69689679726775,0.044394382377198345,118.5725175096208,0.8969788915133429,-0.16172796175715595,0.06245937272773947,0.06698459064517423,0.07709826016632157,0.009097294209946169,17.449447292088607,p
FHK_210,313.1287083333333,44.33655555555556,0.08042665256771117,250.0,0.059887952600624614,0.9454185337568284,0.8951428138649127,0.25148134183494225,0.06231182869371985,0.06683829045536233,0.07695448798682633,0.05753143701481848,17.216935001265824,apd
FHK_213,313.14091666666667,44.407194444444436,0.14488026800043746,8.937695418499297,0.1234835422194896,0.8971577322141989,0.8332527994739293,0.05822266095738358,0.06237678196784425,0.06690269582540223,0.07701777994280468,0.02114886456998857,18.337690137341774,qps
FHK_216,313.14529166666665,44.233472222222225,0.7453395109527697,10.649091830785405,0.643141618975323,1.100159928638653,0.17096604038933835,0.1209420778427904,0.04019657972581107,0.04298427821165392,0.04923737989364234,0.010985937098055029,16.1096266894636,p
FHK_217,313.1471249999999,44.55538888888889,0.5326313424800019,6.441763938480225,0.4438729031980263,1.1797649166283997,0.3602057925163684,0.13597254044365786,0.062439169989527185,0.0669645580660175,0.07707857349586864,0.013459291589996902,17.3700066306962,p
FHK_22,312.678375,44.36530555555554,0.08334853936073056,182.5521800272541,0.07800255071660173,36.496538232819404,0.8988103935094082,-0.14260772655308734,0.06247918603140457,0.06700423711796573,0.07711756747321992,0.01085626997550556,17.840674112658228,p
FHK_226,313.1774999999999,44.322555555555546,0.8523845871481462,8.977221807130643,0.6998100876356116,0.8975544203618187,0.1364481347133468,0.11011482930444616,0.06236994114452784,0.066895912682622,0.07701111402610204,0.016457854859248836,17.37768687468354,p
FHK_234,313.21095833333334,43.71541666666667,0.09033460811764392,1.3017033351517815,0.08498836562058444,4.316628779146504,0.8795810083085416,0.4047467527695716,0.06541799116341046,0.07018964919498273,0.08084839744177734,0.022702439768465702,18.314623541471573,apd
FHK_24,312.68720833333333,44.26516666666665,0.08170431241730211,3.2240521420866752,0.0709813112815898,1.4436372344804498,0.9064341364131006,-0.04268772271678268,0.04034455367211623,0.043148282862639824,0.04943705224024261,0.019249132298435463,16.181072238342967,s
FHK_251,313.2739583333334,44.710305555555536,0.3426800109199917,4.116498968066785,0.2745725354588429,0.8026218607141009,0.6038816379363717,0.05273046134640773,0.06247128319914644,0.06699640082298215,0.0771098664507256,0.009779090133424977,15.94552321170886,qps
FHK_253,313.2792083333334,44.30697222222222,0.04784147677755688,0.949398089614114,0.047736584748979294,0.9382086688456898,0.8953020588423539,-0.3182309066672929,0.06269334751958629,0.06723178173728278,0.07737480107869256,0.005509999277458701,14.196387123492062,b
FHK_255,313.28416666666664,44.087305555555545,0.18790316681247968,2.3262444668902043,0.15900190199028236,1.7452432049141977,0.8010245478777307,0.03323537092995267,0.039987189174286265,0.04275942315047143,0.04897803025320779,0.03450048844497463,18.22356009295238,qps
FHK_26,312.692,44.319444444444436,0.3567952833722357,13.704636645102322,0.2825865788177844,0.9294027056701559,0.6488829988081418,0.1327783673813873,0.06242257389394607,0.06694810178939134,0.07706240143325528,0.02813608170670589,16.437197907911393,p
FHK_272,313.3210833333333,44.64283333333332,0.17286943368936036,174.69689679726775,0.07626276966505206,143.76550140029855,0.782494348606803,0.2569647777443748,0.06240036095435885,0.06692607604203779,0.07704075617198332,0.013723789001988344,17.396612630696207,qpd
FHK_278,313.3497499999998,43.905,0.29864046772608804,250.0,0.09919456595624884,18.64580672451336,0.6748076322306811,0.1245374970136099,0.06527202012501404,0.07002812249572969,0.08065253800618892,0.008667220706669336,14.443741231666666,qps
FHK_28,312.695875,44.29147222222221,0.32268291363997625,1.0530742956270078,0.2228133181102816,18.77480822348824,0.637760698486838,0.05424610212868282,0.0522248050331359,0.05596069885627847,0.06432375931820379,0.012081719964463864,16.592677313730572,p
FHK_281,313.35270833333334,44.342805555555536,0.7228527372615152,2.778363005585506,0.6521192544784931,1.5553567647991426,0.19908986102759169,0.27095143323218485,0.06245755854029712,0.06698279173583338,0.07709649231611143,0.011762676881111492,16.458690968987344,p
FHK_282,313.357375,44.17925,0.7284322382705675,1.4534570541910168,0.5991464345438676,3.1761292021249754,0.14810495501785684,0.08457805780655837,0.03992205497832425,0.04268914671495668,0.048896288942258205,0.007955785134643139,16.505422041444863,p
FHK_285,313.3654583333333,44.17630555555554,0.3251498879057731,222.58683877368026,0.11758364081228245,0.8700482701794474,0.6435814921205213,-0.0925241640583243,0.03992914260400282,0.04269619101052556,0.048903246274169976,0.03887344205363789,17.597791905893537,qps
FHK_286,313.36758333333336,44.305777777777756,0.5392792058137527,43.08020766389971,0.36372516243224456,38.577310263183065,0.31832012828369105,0.2005251945535469,0.062425249219600076,0.06695075457367028,0.0770650083981098,0.010039281477049387,18.148579890506326,p
FHK_300,313.394875,44.48825,0.12471611077359815,4.6759608749223815,0.10980287839224147,0.8217928707857042,0.8788321397256184,0.05327808184517131,0.062408718260197164,0.06693436291238683,0.07704889987883147,0.015091629881079106,17.3086925414557,s
FHK_32,312.70329166666664,44.32316666666665,0.2383644712792067,211.01752396179336,0.18759612927530325,65.22962318607287,0.7387325634929262,-0.46857775077595293,0.06241321911100691,0.06693882583348572,0.07705328570430267,0.02228057059093591,16.69428304398734,p
FHK_323,313.44395833333334,44.1803888888889,0.7269255585792017,2.8890831624137294,0.6173072060292494,0.7413579326043611,0.1328138874862455,0.2170514231160079,0.0399141273910912,0.042681267602929375,0.04888850711603071,0.009550766643966159,17.23880222452471,p
FHK_327,313.487125,44.85883333333333,0.13709769355063794,4.236699813522004,0.11714962676918884,1.3082367303172495,0.9022030689263616,0.07468054676085553,0.11188093224280632,0.12075199952863695,0.14038758062524748,0.03600765220935905,18.183326107096775,s
FHK_344,313.55720833333334,44.40897222222221,0.2889999494201925,0.8455045803745623,0.2602509602799897,1.2190490571643384,0.7036384657995763,0.10714227773599302,0.07927015538395557,0.08530707005774735,0.09875336087928416,0.052803998218626434,16.71683148974359,qps
FHK_348,313.5881250000001,44.257555555555534,0.029129989976703824,0.8191399146159303,0.02797473298391635,4.580989590179887,0.9564564975666852,-0.20456864098175567,0.03922650598018702,0.04194354667769342,0.0480390080062974,0.008071305796370006,15.6086406994403,s
FHK_35,312.72154166666667,44.39822222222222,0.10871219273455554,79.23302012848106,0.1008623916209696,6.1677460258366406,0.8891105192676295,0.2273961657855967,0.06276411177624443,0.06731723222898914,0.07749260339534453,0.02276028204592441,17.260714003821658,s
FHK_36,312.72325,44.35025,0.3178697046066887,31.17223428767109,0.2012689887182741,34.04791578685684,0.6723642199752009,0.3718561924925719,0.06250630880705907,0.06703113159315809,0.07714399777858721,0.05711778585001932,14.963962011392406,
FHK_361,313.69416666666666,44.20166666666666,0.2573126811093423,12.482661553981028,0.2034017311125982,1.0837143817332628,0.5867197892392176,0.3609166496736652,0.03926489528041442,0.041981703713191806,0.04807669916662987,0.032758040806016075,17.883353257276113,qpd
FHK_362,313.713125,44.19302777777778,0.13492612003487087,1.6963842006544207,0.11797196127176132,0.6280481384446727,0.8452371597603036,-0.19500909141084172,0.039337146387145264,0.04206421264240266,0.048182009883404035,0.024032193837811727,17.674581081835207,qps
FHK_371,313.796375,43.95413888888889,0.5760018456428645,12.64792576544081,0.4826799642196248,0.9243721361789459,0.2422430157110926,-0.01033424727436935,0.06525243016858323,0.07000870362234564,0.08063346725692512,0.007687565654047287,16.862677871000002,p
FHK_372,313.82604166666664,44.50352777777778,0.5526328671383188,4.1374749852794155,0.423512271151533,0.8035750481562527,0.3813355543783271,0.09937255904857976,0.0605983146626353,0.06497798632600495,0.07476931537605755,0.012597151342868844,17.079380843730885,p
FHK_390,314.0839583333334,44.70777777777778,0.10217719125871798,200.5914551690006,0.059238702082365535,55.43263254041358,0.8599267847893263,-0.14347301441028393,0.060586159096062936,0.06496593085359077,0.07475746319964846,0.011276940782656751,18.301651022935783,s
FHK_40,312.72625,44.297944444444454,0.19237952423823032,6.524584329375196,0.18163931964234872,0.8650429207348485,0.8153791890348335,-0.1775783811268132,0.05482194122167122,0.05875343831871944,0.06755092548939845,0.017880272058494913,17.05909723852459,p
FHK_405,314.194875,43.76916666666666,0.1377514023813196,111.87629617980477,0.11890532462640435,84.02294972665877,0.8529426366884875,0.4681726522655773,0.06493447261365842,0.06967679783394723,0.08027051365597564,0.026955064139917856,17.34777808039867,qpd
FHK_408,314.21570833333334,43.387027777777774,0.5631414094698145,1.4100200116820754,0.551883173640656,0.7731394596500119,0.4043626868232501,0.19422670337798684,0.07546883283942214,0.08103922676599704,0.09346137715293762,0.013661644701283723,14.724201862598427,p
FHK_409,314.2174583333333,44.09766666666667,0.4291058643591367,12.9196190803863,0.375542020306889,0.9257997448043224,0.4916960770349775,0.29657370500291497,0.03935705914899418,0.042089382929005714,0.04821884470125386,0.05534107750636372,18.40283689043152,qpd
FHK_418,314.28275,43.69872222222222,0.3101319597780829,2.6995468647476453,0.263592313481822,1.5812351922292018,0.6727507057166152,0.22220433234655546,0.06491152426471,0.06963743442340778,0.08019509910232563,0.01416031388656333,15.4011667102649,qpd
FHK_43,312.73170833333336,44.297305555555546,0.11565870404636686,4.638563420470115,0.11252564201801007,0.8207960008787125,0.8831585199982136,-0.004545653934578636,0.054562697966507416,0.058473623444109536,0.0672254568542004,0.017343750315886114,15.946455352173913,p
FHK_430,314.4521666666667,43.495222222222225,0.6466054495045108,7.294421476721811,0.5387807017296484,1.155386093122876,0.3043839988629275,0.2268415841919925,0.06492596913474881,0.06965175376844178,0.08020916303830722,0.01323979618334685,16.91557074370861,p
FHK_431,314.45341666666667,44.09055555555556,0.499484363921849,3.5542929794807274,0.413815435295377,0.7787583128260672,0.4245769123175971,0.0226883195566664,0.03918164131642391,0.04189363523576056,0.04797786614769859,0.008434992563311832,16.068743418063313,p
FHK_434,314.4995,43.89055555555557,0.20198902831503007,3.773631022782858,0.17434705364518252,1.3552839323379144,0.7919367616695832,0.041093256457010716,0.0651495905775403,0.0698900405746761,0.08047994132901404,0.014157806620068122,14.827265697674415,qps
FHK_438,314.531875,43.88133333333333,0.08487332065075921,1.6448134230675036,0.07852811395769375,0.7157504303661829,0.8800172698164397,-0.13042307577373907,0.06492157307165554,0.0696473959042436,0.0802048828996738,0.014978356647969303,18.686032510596032,s
FHK_44,312.73945833333335,44.41272222222222,0.186310010265594,2.207354572399734,0.15717798805376815,1.819550831167784,0.8109366472117661,-0.031285445085537204,0.06249454555776756,0.0670194673476776,0.07713253482823645,0.020109216166139244,17.63652670664557,qps
FHK_442,314.54174999999987,43.75999999999999,0.4619570598936727,4.529032924024422,0.3651343222421421,1.2790914672295597,0.5251306296678319,-0.13432617554659754,0.06502853956741965,0.06975343357981434,0.08030903033709844,0.031144866293975632,17.502515415231787,qps
FHK_444,314.54775,43.882527777777774,0.27024011068077824,182.4307119174757,0.07973746796761723,82.31514657401223,0.5579468935230308,-0.13108249792630733,0.06524388368028645,0.07003402386477255,0.08073307118496055,0.053686861747422425,18.681353464765106,qps
FHK_45,312.74195833333334,44.49952777777778,0.2042276383796353,35.229730743007565,0.07713592236217776,31.9072007562635,0.7273756268691969,-0.10164470789148056,0.062435666306106787,0.06696108389767629,0.07707515932500493,0.007435349395118316,16.48954746329114,
FHK_451,314.57466666666664,43.89558333333334,0.196525170041912,148.89495763028842,0.191730544523376,15.044083152263012,0.8186822258381358,-0.1019747963079476,0.06503589072260363,0.06976072095242332,0.08031618788216044,0.033038052018615774,16.648405226490063,qps
FHK_455,314.58974999999987,43.89580555555556,0.13632801459832228,2.8738719167162468,0.11265229509468545,0.604258157332489,0.8247219988882863,0.049721399176478144,0.06494994728368397,0.06967552360328791,0.08023250898467506,0.00948300843870814,16.31600544039735,qps
FHK_456,314.59708333333333,43.88302777777778,0.314398105720081,1.142994842687346,0.3114799919395994,7.83036176881517,0.6648804301817521,0.1902349005806914,0.06491590511879664,0.06964177720554061,0.08019936441970417,0.01817361762400364,16.56330697847682,qps
FHK_459,314.60004166666664,43.8985,0.2300472391348742,2.449709693483524,0.20861773021561755,1.6816957192615056,0.7338641536306783,0.1996792375027284,0.06495458387418525,0.06968011992049537,0.08023702334788096,0.011817974889236695,15.569150735430467,qps
FHK_46,312.743125,44.24233333333332,0.5740278128060218,4.878227901262148,0.4732899825494621,0.8279941458308299,0.3002209690968957,0.18142150480160746,0.07165116461364697,0.07688708048805172,0.08857206368676082,0.007412663656775746,15.041055618819186,p
FHK_460,314.60645833333336,43.89127777777777,0.2645361914016767,8.540412290609753,0.22769395327825595,0.8929835917454453,0.8061174221638382,0.4599120865459438,0.0650708456694474,0.06981198146474782,0.080403277755492,0.04223286704968315,18.028784549833887,qpd
FHK_464,314.621125,44.1806111111111,0.029807103521898637,1.216895140473136,0.028226411085763032,6.797698602106465,-0.952252434479908,0.14053887093306605,0.039844068613915484,0.042606117031776566,0.04880199689000389,0.01231504282871976,19.255770423719166,
FHK_468,314.62891666666667,43.75311111111111,0.2036427580009352,1.2868134875150354,0.16120433486227814,0.5627774379013465,2.7420753609195017,0.010704080999682205,0.0657146031731878,0.07050060456801051,0.08119123329912417,0.010220686366930742,19.065774103691272,
FHK_47,312.7434583333333,44.24561111111111,0.1216269300790299,3.422457121360212,0.09575119629034087,0.7738597517245508,0.8610274234971073,-0.12049622910901525,0.07165325745464407,0.07688915380919921,0.0885740971550639,0.008710201613969445,15.04919018376384,
FHK_473,314.665625,44.025777777777776,0.29627896857671665,250.0,0.1731693452488842,134.25701682316483,0.6915889056974311,-0.4123334175019056,0.039910919946390316,0.04266706282519271,0.04884995348982271,0.102797287135461,17.06617821628788,b
FHK_479,314.77429166666667,43.950861111111095,0.06789176909944215,98.29888948300068,0.05790029117967774,76.12597204581206,0.8892883673884521,-0.5658932967019836,0.07507974267850198,0.08058496405998126,0.09286405639179154,0.01126905723507056,12.436008956420233,b
FHK_48,312.74458333333337,44.291888888888884,0.4239440748944007,7.220862551658567,0.3656631946937975,1.157233886079025,0.5610013054915802,-0.024166562426456,0.062464144834776435,0.0669893225660251,0.07710291039103574,0.01327144913380724,15.670873376265822,
FHK_485,314.886,44.143277777777776,0.1029096010600272,0.8387927498138132,0.08915966991157931,5.2787560798548565,0.8046662292755357,0.09836521249266596,0.0753508566434198,0.08087625162646313,0.09319984057660552,0.009328358899831522,18.335167832031253,qps
FHK_489,313.25279166666667,44.616527777777755,0.35890514445785165,1.6823252209218058,0.2648355265042385,2.4482915409712445,0.5764275679798836,-0.08114909233721772,0.06249689684919201,0.06702179884843153,0.0771348260911211,0.007930182231186566,14.974908689240507,qps
FHK_490,313.32283333333334,44.46722222222221,0.25773696884930875,0.5728399018679062,0.2523302673080424,1.346444833363981,0.6955248908817139,0.023097977739376583,0.062407142319142975,0.06693280025273513,0.07704736421457528,0.012324063036473331,17.482243312025314,qps
FHK_493,313.46770833333323,44.284888888888865,0.3026168287632712,224.32583444626843,0.2367120145203198,1.1559032944876382,0.6476842787439648,-0.4512905969651274,0.1384597422391039,0.14945733197421207,0.173684237549567,0.0063055700597426075,15.545838199180324,b
FHK_496,313.6274583333334,44.40149999999999,0.3009122210496438,6.1397633652717385,0.21429094246519947,0.8577325538165479,0.6510820278235748,-0.05599679179262192,0.0667105686576494,0.07157419330725504,0.08243647231313947,0.021603863310886002,17.289131726279866,p
FHK_500,312.77270833333336,44.2331388888889,0.2484991966576837,0.7162459511475784,0.2396924478910448,0.6213199843467203,0.7257171947974316,0.25308209606493104,0.07199536077304769,0.07724860644661094,0.08897201146335308,0.02317649478326586,17.81513967851852,qpd
FHK_506,314.58137499999987,43.89574999999999,0.17749202960472316,3.4141465270965146,0.1451863152144841,0.7718133703287626,0.8022999349235284,0.24017008182155505,0.06491268542269735,0.06963858549009297,0.08019622963641107,0.019330206477859664,17.586490596357613,qps
FHK_510,313.48154166666666,44.185055555555536,0.6210072057609303,10.297939234567895,0.4703155749407804,1.1043496010908265,0.2749307286819827,0.2224946703264128,0.03995338045609216,0.04272028074854842,0.048927038720843335,0.015303026358398576,18.159740317490492,p
FHK_511,313.52083333333337,44.17349999999998,0.3844570680122337,11.531506830885775,0.33399232503077125,1.0918417172689712,0.5030621244549445,0.06427453569927992,0.07559676503552115,0.08114274648324721,0.09351169619899076,0.011901923998025107,17.724005658039218,qps
FHK_514,313.38891666666666,44.4218611111111,0.4180034213160638,3.6436096937919698,0.3611993345762789,0.7829635637349729,0.4998313039014156,-0.05294190137078938,0.06240628393201581,0.06693194909987944,0.07704652776583053,0.009195561787371962,17.919325901582283,UNKNOWN
FHK_517,313.4169999999998,44.43058333333333,0.3100590527543059,1.3907230461675095,0.2609230403189693,0.5807889100762562,0.6250668018799438,-0.27503734203996777,0.062468555374312174,0.06699369596661416,0.07710720828917521,0.006303958071179826,15.614338815822785,b
FHK_524,312.70249999999993,44.28433333333333,0.07313510511591828,1.079966738816558,0.07217203331484168,40.90968861937276,0.9466036831109516,0.19420650155505384,0.0503460742740265,0.05392939028374021,0.06195354327480501,0.05917037661117625,17.94896921141439,s
FHK_530,313.028,44.48988888888889,0.3687146063137987,11.591652357794953,0.2789312672964277,0.9182614082223904,0.6003134722403357,-0.4785005514297726,0.06244719959509733,0.06697252003570353,0.0770863979744281,0.013053122762407495,17.185958587974685,p
FHK_531,313.1360833333334,44.442277777777775,0.368056673690622,5.3262183183959655,0.3136855738369426,0.8399860182050408,0.5491820247101367,-0.061994228327015184,0.062414357787173885,0.06693995491415608,0.07705439528105695,0.008905486808593734,17.30997563386076,qps
FHK_532,313.111625,44.61849999999998,0.4693871248017115,4.112329261196109,0.413762421323095,1.316749361695647,0.4962728138828363,-0.03906233461719053,0.06242244918017149,0.06694797812643341,0.07706227990626237,0.012167151885849358,16.62408673670886,qps
FHK_543,312.94912499999987,43.71083333333332,0.7141795872949261,1.140177967237779,0.4702467545297915,0.8883774054627273,0.11740195811682155,0.13949847826138528,0.07601146272162472,0.08174407465499157,0.09452145593782862,0.006349911887517989,15.92182139554656,p
FHK_56,312.75600000000014,44.22497222222221,0.5708918998925406,7.0576762141666585,0.4792578729012661,1.161205812765984,0.33145409318066593,0.17899587743010778,0.07187865880670673,0.07713299507895692,0.08885862725058624,0.013952948984991364,17.909544746296294,p
FHK_562,313.36470833333334,44.10261111111111,0.06307850823836599,250.0,0.028457134866546024,1.3491294549206017,0.7546173352989263,-0.24703337965134065,0.03991752924693092,0.04268464865598058,0.048891846420103406,0.003955084056787633,14.129596097148287,s
FHK_566,313.6438750000001,44.552472222222214,0.453705065656823,7.2726028076776865,0.3690795565333817,0.8770022820843912,0.4999430315820782,0.05120783485475687,0.06072027258357435,0.06511313785923695,0.0749336304559589,0.010635847621775043,17.180451868404912,qps
FHK_567,313.8686666666666,44.72905555555555,0.7723102955541504,2.4277944271703507,0.6047505713416235,1.6921418957206091,0.1745125318929946,0.2847845384205233,0.06057036847044561,0.06495027028218626,0.07474206676162932,0.02288862429815594,16.907814559938842,p
FHK_569,313.7390000000001,44.645444444444436,0.6921143190443947,3.8619685258764886,0.5659664414740813,1.3442157967732586,0.2675971689062507,-0.09957019311286228,0.06076030159392826,0.0651528365098115,0.0749726581137641,0.009602335949550038,15.885364830674845,p
FHK_571,313.6909166666666,44.59666666666666,0.5494461717298161,0.9079928750129838,0.4865067519973603,1.1061549595045173,0.3675496978018343,0.1307337142699784,0.06076220896732443,0.06515472814659802,0.07497451778563066,0.011817917425777444,17.985530385889565,p
FHK_575,313.3562083333333,44.45452777777778,0.19157401259601986,13.388277847241303,0.17142946403470882,0.9302545404275828,0.7578233131248192,0.003803943928232437,0.06244110600042914,0.06696647776857609,0.07708046004695056,0.009749480128287141,17.404139577848106,qps
FHK_576,313.284625,44.834722222222226,0.44476484159103896,1.6481765869872227,0.4029976582551629,0.8239610843475609,0.14687521085707422,-0.2861514110075851,0.06542582993153256,0.07018059062080798,0.08080227528548987,0.015270442141935812,18.072639693,p
FHK_577,313.34925,45.113277777777775,0.07592245327857194,191.14715251466203,0.07267430916137216,1.1425780977112086,0.9418154790739642,0.6350744624190905,0.06977857150776025,0.07487261933443633,0.08624426368732911,0.08929239175593581,18.017617467741943,apd
FHK_579,314.99058333333335,44.78683333333335,0.15068141635585028,1.360431576396984,0.1387602063078123,0.5754380953215659,0.8446176444778818,0.22075508965969,0.07093310254183441,0.07611493773396989,0.08768049133767583,0.011514960663075944,15.293953728467152,l
FHK_580,313.4255833333333,44.44825,0.2777711481798169,6.87831654980067,0.2220427123769992,1.1662092282509493,0.6885542882884157,-0.042750523053663184,0.0624205098509675,0.06694605513792501,0.07706039013290178,0.013893931764192536,17.546147067405062,qps
FHK_62,312.7635833333333,44.1536111111111,0.5399576621427866,0.8854180041277956,0.5006186601917901,1.1412933058097412,0.397491776043415,0.012457041955958491,0.07164338896092193,0.07687937736274661,0.08856450863551013,0.00960212170175407,15.998682344649445,p
FHK_67,312.7834583333332,44.53055555555557,0.2132202897395203,6.311574572962956,0.19254505131628552,1.184584162335233,0.7568968596498877,-0.13403811999062687,0.062430219084653536,0.066955682566658,0.07706985127744706,0.032086858160802784,17.175922171518987,qps
FHK_75,312.8069166666665,44.539611111111114,0.1050985287275581,250.0,0.07576937284966609,4.188700409152967,0.8288658249624723,-0.23865356663684625,0.06242665599688527,0.06695214949828229,0.0770663792298527,0.007888862965230434,16.547669854113927,b
FHK_79,312.81516666666664,44.24861111111111,0.27281802946028383,6.609562065148813,0.2242766536374165,0.8667049592427741,0.7032805992621747,0.22387018582417006,0.07165858572156927,0.07689443238174082,0.0885792742676287,0.015908646500503866,15.457927763468636,qps
FHK_8,312.52520833333324,44.296944444444435,0.4724717927220589,1.3336183454122057,0.3928423802150523,0.7980464845491627,0.467247087511994,0.14586244393803358,0.060386321399077215,0.06473959602415927,0.07447261467667443,0.01879792424634779,17.930861225227964,qps
FHK_82,312.82383333333325,44.308305555555535,0.41286565284962745,7.1698532974698255,0.4012813212368712,1.158224318185959,0.5415476112917973,0.4448481806082776,0.062424196186714624,0.06694971041317425,0.07706398227240067,0.06099242254357929,17.210951628481016,qpd
FHK_86,312.83741666666657,44.43877777777776,0.5158711883398253,3.8400512469274233,0.4403448648131045,0.7916661455625676,0.4839201361269446,0.10122123192231997,0.062482128687635176,0.06700715500066988,0.07712043498960086,0.021141952295733568,15.12139472943038,qps
FHK_98,312.85299999999995,44.30516666666665,0.09548376208113037,2.6917832092747616,0.0822918398958683,0.7276715030768938,0.8970311938016787,0.3803036965148341,0.06277055908441387,0.06732362497950382,0.07749888523198048,0.033676525356592546,18.1333075066879,apd
GDR1_2065995748890512768,313.4822098612072,42.75857157120715,0.4037247077601761,1.2023809038000823,0.3758832751422408,0.8540042940512429,0.5031183671625095,-0.061486528744907815,0.06485155128071399,0.06957798286525027,0.08013670837554235,0.005434939529058362,15.126327520529802,qps
GDR1_2066790146043148928,313.063094833578,43.502067898891696,0.3029820191285023,250.0,0.08893456712352614,31.59030060687921,0.7097460199844141,0.10170968776206524,0.06530764352657979,0.07006343490696211,0.08068721755033974,0.030626959854600407,16.51341547033333,qpd
GDR1_2066844954118735744,313.0565416594131,43.677474814002274,0.22515329247526453,9.096729161457397,0.19282691353779147,0.8985310588435848,0.7295369674154663,-0.04039033995052894,0.06520377138419993,0.06996046998114896,0.08058609861298853,0.018626387881599104,17.179727661999998,qps
GDR1_2066855807501721472,312.72695122983924,43.773269174141255,0.15176132714923327,3.5960404131259973,0.14572919223644298,0.7805904016326558,0.8182842450453309,-0.02362397265702436,0.06589417790402137,0.07069565564317817,0.08142048569102624,0.009622465576257946,16.624553913804714,qps
GDR1_2067026815919131392,312.1477361340496,43.88704390388232,0.09167543028701064,103.31421126915043,0.08888580907028305,79.09967566028193,0.8921668809617347,-0.14004973345772162,0.06462829801138137,0.06934016288367048,0.07986661179226276,0.03343625504512912,16.43248228217822,s
GDR1_2067026953358039552,312.2407993910927,43.83196843673044,0.4440337819650461,3.5706759821235607,0.3804745814822521,1.3839995430402772,0.5306449464084901,0.031907662591947716,0.06461987369753337,0.069331811720623,0.07985840940737501,0.04110907224398714,18.190070663366345,qps
GDR1_2067030011373814272,311.9208388887532,43.72187408397071,0.2723805695521809,154.57809389678428,0.17116349209455742,111.87629617980477,0.7821404537305904,0.05997262261088177,0.06503672136602222,0.0697615443891332,0.08031699664963482,0.056326186728450786,18.004417798675497,qps
GDR1_2067032760152922112,311.90846247232747,43.8244836909553,0.1474674898603084,6.680736484614524,0.1161174549704758,13.859912783038142,0.8582779620105943,-0.2018581833408647,0.06489874924557977,0.06962477043897129,0.0801826610331901,0.03402648611355388,18.552596622516557,s
GDR1_2067034237622346240,311.85506950394415,43.80895436501861,0.21257045035174585,250.0,0.13906435798561256,4.6754344532673775,0.8715944085250505,-0.05341877512775376,0.06499126090560713,0.06969998205382458,0.08022003323872179,0.10922955454795052,17.42457244257426,l
GDR1_2067034546860024960,311.84317431163174,43.83650749979533,0.3877651061338214,8.26165514204786,0.3146493769071863,0.8898442572309165,0.5371779700665738,0.09841581144599984,0.0646666179445966,0.06937815018027557,0.07990392250263792,0.00739931073867793,16.38655536534653,qps
GDR1_2067059732550905600,312.68135869358946,44.264363962796075,0.2562894056100382,3.0938359927379504,0.20633613259662506,0.7541655159994702,0.7036261539759984,-0.0662734398043177,0.04015202823134066,0.042940000462589764,0.04919365159472322,0.01414646191308005,16.649337016091955,qps
GDR1_2067061691055800448,312.5413045611885,44.255897046358434,0.4967921188324715,211.01752396179336,0.08987554364313405,61.290601438934075,0.5034853998645563,0.02689726934797015,0.040834608504799176,0.04367560080344815,0.05004745571540392,0.031889480872476936,18.10320173222656,qpd
GDR1_2067062618768745728,312.6377938867216,44.26074778882028,0.25771116281631473,9.480335991080453,0.2431485629585194,1.1143526595488389,0.6982199160869714,-0.05821526221547529,0.039303284188763166,0.04202519786196116,0.048131544829451804,0.01696604713558671,17.495957253084107,qps
GDR1_2067062824937136000,312.6543514096502,44.30684138979343,0.4358176790188683,191.14715251466203,0.13995675082058762,134.25701682316483,0.5720603718755217,0.4855464861423546,0.06250376006797234,0.06702860430376896,0.07714151410152617,0.02086789168763394,14.797057259177215,qpd
GDR1_2067067807089176192,312.2990627247952,44.209140069320284,0.099773110975503,0.9118839944087016,0.0914232304143269,58.52444744338982,0.8855123336794467,0.14032200268430287,0.07472994008600088,0.0802159133344615,0.09245242044983656,0.01785274770704307,17.492141815891475,s
GDR1_2067069937403328128,312.1369366609665,44.199896751032334,0.13885927463414793,115.05598312370708,0.09010959259599376,13.055926460006967,0.8362540098485396,-0.16780930752750706,0.040357928411899904,0.0431615750806,0.04945017882509169,0.018546750932920887,17.987367584393066,qps
GDR1_2067074301079809408,312.38411283044843,44.28419106599425,0.2463975833785613,4.752594487428073,0.19349434043604333,1.2622982955416278,0.686107365212561,0.13687332051420611,0.05590285210789447,0.059906903582292136,0.06886560324359495,0.08062809479696309,17.360921175766016,qps
GDR1_2067120514926515200,312.1200287972347,44.403194018955965,0.4173647266383903,9.017099354611183,0.3493999988403538,1.1211226506227423,0.5246423231823361,0.013071655355351056,0.0609982192003005,0.06541744491417853,0.07529624746949977,0.0076217036370196094,16.55561252376543,qps
GDR1_2067128658184872064,312.34681680905624,44.57699362853485,0.2546220760987057,0.9209254187246996,0.2508998950170205,11.683182733640676,0.7323302129521091,0.13451057931223814,0.08280198052572986,0.089208888497402,0.10346660402355076,0.0163899664177101,17.435537612727273,qps
GDR1_2067128795623856256,312.3586594109029,44.591598598223285,0.09341833477433466,250.0,0.07644684016354743,7.193411379717557,0.8556209820265287,0.3054540930246705,0.0705441540528082,0.07583183666940954,0.08762854570643923,0.012308134455924285,18.356640868773233,apd
GDR1_2161843098061857280,315.1948747006565,42.92404720463947,0.2505866139854506,3.5456668576321446,0.2309565037282899,1.3873182600440042,0.7045349262710119,-0.03644516599511029,0.06496982698270144,0.06966235053318541,0.08014681912742012,0.0653437726173468,18.317500283552636,qps
GDR1_2162078393549548288,314.6652178869925,43.71918620169887,0.08663892267924071,0.5518872465277158,0.08647826041003857,1.235768149350822,0.6688696032227105,-0.0929082617032507,0.06495958427644948,0.06968507689225496,0.08024189193951026,0.004361243757579106,14.4734824602649,qpd
GDR1_2162091003573281920,314.15074819573965,43.359072063574246,0.13346326677706175,32.60770622317977,0.07424622259401914,1.251811136288718,0.8537364671583422,-0.1995948497399393,0.06718157122031232,0.07211225765635987,0.08312224166083018,0.019995399426259063,18.01416574013841,qps
GDR1_2162091278451209472,314.2148785903454,43.38047442503331,0.13576044929984382,121.98577217991892,0.1086089119375667,0.7817959002416871,0.738204877736457,-0.10630314989075654,0.06929136711015824,0.0743514560444701,0.08564801463950182,0.007950012984315344,17.180913789679714,qps
GDR1_2162117563651224960,314.3612272648295,43.59153144981275,0.2662205489668793,6.956136400980487,0.2380777968855613,1.1667029672768738,0.7089489665359745,0.03765139514252633,0.06493866412321353,0.06966433845864788,0.08022152329189358,0.013367785305583434,17.195405385430462,qps
GDR1_2162121961697794304,314.2639594847423,43.69569038789106,0.13898930440974772,200.49366411670584,0.08189423904081616,1.145257431109325,0.8411093727307694,0.2439887762299257,0.06501585029562737,0.06974085442194831,0.0802966753056551,0.05840474040798601,16.536406207615894,qpd
GDR1_2162122064777006080,314.30208780917013,43.68232215600878,0.08510061652280171,1.4370376455985137,0.08389936837248667,3.2576098149574686,0.9401193681441397,0.04253852943579447,0.06563096690940294,0.07040076255810057,0.08105572001198068,0.0576929662543649,18.530256577926423,s
GDR1_2162122339654917120,314.2815455457374,43.699905814840704,0.26969592160398426,7.152707035972966,0.25124556711165025,1.1586917302251398,0.6870384469248401,0.4293499754172435,0.0651528495898258,0.0698932712196344,0.08048311424144865,0.017603371156526028,16.748250714950167,qpd
GDR1_2162126187945624704,314.50575275109367,43.75559320151324,0.17616757693215818,250.0,0.07931089073576847,98.29888948300068,0.8029636008967805,0.2927479939902208,0.06492478409126698,0.06965057902198267,0.08020800924392169,0.037702268370301946,16.628129056291392,qpd
GDR1_2162126325384584576,314.53692232894724,43.783272613953606,0.22096959651222334,1.1995318282592613,0.20139017378880475,0.8532845566649009,0.7882942599627597,-0.022712168019222302,0.06492684633255334,0.06965262334424835,0.08021001710504916,0.022982457695169097,17.284203926158938,qps
GDR1_2162127562335172992,314.5252253995614,43.82579207636382,0.2985386364853708,0.7953063764324187,0.27961896574575,1.3364990548457123,0.6839632851362785,0.08275017515325765,0.06482193175739014,0.06954862102174361,0.08010787070093796,0.013547909267061729,17.015865100662253,l
GDR1_2162127974652045056,314.5254813603184,43.883630729713374,0.18625082505282764,4.14011553957902,0.1641640781026356,0.8036710459591853,0.7719764668549446,-0.02421886872932005,0.0655160421853147,0.07028684214030738,0.0809438441325886,0.017898836993307632,16.54455093311037,p
GDR1_2162128009011784832,314.5450978433306,43.885607658494436,0.31352639872318944,250.0,0.06014508454286061,41.24116082709653,0.6799466929638948,0.19980308170410044,0.06553911240143158,0.07030971062574673,0.08096630200048963,0.0231156185999888,15.738759987959865,u
GDR1_2162134880959435904,314.1945193774256,43.767239662532866,0.6706501164584731,3.3715123096417754,0.5132292198711859,0.7696133015745188,0.2160275648175984,-0.03255408190267313,0.06490289113191999,0.06962887632378931,0.08018669366899901,0.008242055742809794,17.128751480132447,p
GDR1_2162135327636039936,314.2472540277824,43.79804463179902,0.29088822241432033,210.93634990510398,0.11609948347594387,37.42957336981836,0.6866816189863842,-0.4282152312939677,0.06469563500015497,0.06942342417549968,0.07998491071302807,0.04850564967641633,17.989592233112578,b
GDR1_2162221536218867072,314.59855597445545,43.882055000647505,0.6028906230031847,18.995635170331266,0.5246654082652806,0.9475128014852152,0.3861002625297746,0.0393850269933367,0.06494905719407175,0.06967464124525956,0.08023164235986678,0.015138862951351147,17.01047079271523,p
GDR1_2162221639298015872,314.61260429407434,43.88890231742855,0.13973251673157971,182.4307119174757,0.07054498571410922,0.5726448635790148,0.8913728545567826,0.07509568927625512,0.06493352033881225,0.06965923936284928,0.08021651513026982,0.030700833836568606,17.64846815231788,s
GDR1_2162221673657763584,314.6267388988931,43.89975752674886,0.1903919708745325,6.446772245651842,0.17690717520264615,1.1796164940321618,0.8604817411091007,0.10876145015183784,0.06544528368547863,0.07021670275753375,0.08087496475761452,0.04841848880564696,18.6480362367893,s
GDR1_2162221673657766272,314.62700181220225,43.90262235999385,0.1947277208897662,167.3534413933319,0.12820708608129938,235.4646385744164,0.7086892717928774,0.08098849466053863,0.06498942772897333,0.06971466120380705,0.08027094887522665,0.011196857012161221,17.284063567880793,qps
GDR1_2162221776736976896,314.57094734880053,43.89535910826638,0.11636653856287756,106.01881179586056,0.10779435525451914,82.31514657401223,0.8666928509678871,0.33833835827903186,0.07507767810637274,0.08058291946427168,0.0928620526340416,0.017747860389940404,12.71868739143969,l
GDR1_2162221811096717952,314.5817321920033,43.89846388188703,0.135641729280171,250.0,0.06389897807034703,0.9490671205911908,0.8543773000367536,0.010429552749909756,0.06496414621960186,0.06968959921567375,0.08024633363639215,0.0154713853902834,16.332937650662256,qps
GDR1_2162223086709799296,314.72174296798727,43.9758002436749,0.154633473037634,106.01881179586056,0.1406941158385334,134.10379094114964,0.7985119957802332,0.5339192567998963,0.06546852921569585,0.0702397448308759,0.08089759279329267,0.023443410024659318,18.769012180936453,qpd
GDR1_2162224147560188672,314.6975081853883,44.026321614100105,0.22790758910288544,0.9081959945309552,0.2187080498630624,1.1055525178689034,0.7025192654496658,0.3550870391237541,0.040265281848587145,0.0430581834062197,0.049322888198770135,0.021465625166461874,18.83293866621881,qpd
GDR1_2162227205576431488,314.63997369544984,44.05985047413489,0.07901243797845665,6.652886451690831,0.07418566870354372,17.041065792837255,0.9330818265499016,0.014631744102198157,0.039106135993027334,0.04181328759789848,0.04788670196231136,0.0824209150927301,16.058203364126395,s
GDR1_2162231676644797824,314.8864393131778,44.14306109748972,0.1029096010600272,0.8387927498138132,0.08915966991157931,5.2787560798548565,0.8046662292755357,0.09836521249266596,0.0753508566434198,0.08087625162646313,0.09319984057660552,0.009328358899831522,18.335167832031253,qps
GDR1_2162235726791704960,314.7046177588673,44.27115999428571,0.07916597358478067,3.141719317746112,0.07694879063049623,1.1915374991475831,0.9642041206307456,0.30987094683723937,0.05050240088303304,0.05412246835074976,0.062227872095999635,0.08361257749100615,18.248531540601505,apd
GDR1_2162235795513138560,314.81188288335704,44.20792432338372,0.20280358874911306,56.092664659962146,0.13154978556920044,48.676516782019526,0.7865353734533218,-0.06806767266944035,0.07598712381742784,0.0815524544652333,0.09396425464394564,0.02474660780024604,18.634627979133857,qps
GDR1_2162239506362783488,314.4054311152652,44.112204802183285,0.06368740070242435,12.638092811855758,0.06199014569073344,11.493206500160914,0.9293931474594732,-0.12621662675776507,0.03916845694059266,0.04188053055583933,0.04796492130818944,0.022776590108416442,18.559317752327743,s
GDR1_2162240708953684992,314.5397046059057,44.184086431611995,0.14107563776956508,191.14715251466203,0.11325047292936848,143.76550140029855,0.8583926283533158,0.18640033907282602,0.03943517029166516,0.04215628646720846,0.04826103321008895,0.0476137070144411,18.411467504299065,apd
GDR1_2162251394832460672,314.55137913084803,44.34949107285121,0.7156493336541675,6.431558992790259,0.5715385153802512,1.1804509781522257,0.1552577367433946,0.1803249424219737,0.06061793120140613,0.06499744137246047,0.07478844240569912,0.009211608226079304,17.879340285321103,p
GDR1_2162872928138757248,313.3151536451038,43.73966973033053,0.29067461794456834,191.03616363398567,0.25109870118278144,138.6964754303501,0.709854697935805,-0.5085388453162565,0.06556732744164867,0.0703208562992882,0.08094003252379048,0.08041453696251742,17.450247625,b
GDR1_2162886568955114112,313.4279200391176,44.06351857361957,0.13832440333618592,0.9043521977751379,0.1230317284847216,1.1143526595488389,0.8517724855543961,0.30788684595808263,0.04019035786946305,0.04297809456537161,0.04923127294913792,0.032486223857233085,15.453546489272027,qpd
GDR1_2162886775113495552,313.51609850019895,44.029936251960095,0.1191403660107537,4.90179309050564,0.09670694406389058,1.101642811390678,0.8523987544075043,0.22058155846525448,0.0755888221503896,0.08113488087511689,0.09350398859696243,0.05683782520810742,16.716647277254904,qps
GDR1_2162902683672550912,314.0487983814546,44.18196083626438,0.17409716370675254,0.8155199444573179,0.17023587675258772,4.474952771346484,0.8143282645647754,0.4862021462199962,0.03950325935043207,0.04224009239500203,0.04837972190005524,0.04015271137865077,16.040120445676695,qpd
GDR1_2162903680105026176,313.92714208954806,44.23687717027233,0.3404268515947885,9.017099354611183,0.2578373531836358,1.1211226506227423,0.6280255477645059,0.5265427382700042,0.04023522850246202,0.043022689780772234,0.04927531524005812,0.03937868706639089,18.299030080268203,qpd
GDR1_2162904161141389696,313.98792998351576,44.259951032886626,0.19138320579264406,8.745172010390942,0.15571624677174845,0.8951795395538057,0.7158902172121697,0.5134096096944759,0.04172485515790278,0.04463195555092184,0.05115120866845892,0.04323311004504972,17.040008815599993,qpd
GDR1_2162909830498130048,313.76259600948583,44.18112215981157,0.17004976946146186,138.84866206827758,0.09269258114667613,22.524782108712248,0.8164960798411438,0.17751245505296745,0.03936769370204878,0.04209457461568667,0.04821200011280859,0.017540816378754133,16.323365861235956,qps
GDR1_2162924673904534272,313.22628231487136,43.871243289641264,0.1414455944541524,118.41887778030338,0.11477278824653593,0.5517368726171876,0.8397345610309449,0.43827011588659104,0.06517387756984147,0.06993083749496758,0.08055699775849452,0.04641087378908596,17.327595406333337,qpd
GDR1_2162930652500328832,313.0769060360245,44.087509519964286,0.07455963934582703,8.524816321607469,0.05874643789380277,1.1292303690688894,0.9105798325538468,0.004334394687484949,0.03996330184841989,0.042730141541079805,0.0489367778671881,0.016855193002394936,18.40657965,s
GDR1_2162931580213813632,313.16609292875387,44.09671588914086,0.08060466510025098,222.58683877368026,0.045378199325845615,0.6218910295657446,0.6388990526466775,-0.03998130643442623,0.04005803856942422,0.042835400299990084,0.04906544720959141,0.010079296852885422,18.677729346946567,s
GDR1_2162931786370808448,313.11680283929536,44.05861394172086,0.1957764864338888,154.72348245367584,0.13311155988202972,211.01752396179336,0.8036806420245328,-0.1628493122216612,0.04034634582259227,0.043150063953855636,0.04943881113465097,0.05649355850786405,14.862886073025047,qps
GDR1_2162932851524210816,313.15196438536617,44.19620838058371,0.34369939591862103,6.5881107852933525,0.34335561157264083,6.5141155044236045,0.6138814496657115,0.7039462495893466,0.039983689280551925,0.042755944681445536,0.04897459478397599,0.029325598535249107,17.33695864038095,qpd
GDR1_2162932993257907584,313.35294774701265,44.04186114412709,0.07293124088045205,1.1741445390867569,0.06795315645226638,0.7355088983812728,0.9199348787460804,-0.1771971584318581,0.07561682120500413,0.08116260755409728,0.0935311583422588,0.009648034240360582,12.729297376078431,s
GDR1_2162933882314931968,313.393035373416,44.12793432838515,0.36995281243151024,6.631153494621309,0.3086872899576523,1.1739654327925546,0.4125040301699637,0.03687253125333826,0.04006991884698543,0.042847207793005625,0.04907710860644545,0.007531275212403396,16.913563771946563,p
GDR1_2162935565942174208,313.41729718195745,44.17929426247285,0.07884580968871167,1.0669114577740049,0.07281129372651714,1.2456444632170969,0.9052465670566257,0.2815054754918692,0.040019563633826916,0.0427971612436342,0.049027681553468164,0.0444075933676283,17.357072902862598,apd
GDR1_2162936665453858432,313.38076414721843,44.2262346869474,0.07750764336026786,10.790611982995353,0.07538017082249439,1.1022507836265052,0.9107275980920668,-0.09095180211221468,0.040126351978698106,0.04290887759871111,0.04915044086517702,0.015298498001634703,17.280940823900572,s
GDR1_2162938074203123712,313.30835291416764,44.216048994754495,0.5678909855844085,7.268239032798978,0.4346707040879621,1.155715807830799,0.4337714085958486,0.4152459339857391,0.07549551863553641,0.08104248561565433,0.09341345017016292,0.030403489556584937,17.1272569027451,p
GDR1_2162939173714801152,313.27476939197817,44.26074820925187,0.08709760738323492,64.1981521629506,0.08031264421977842,103.46366329215404,0.9397472926248628,0.17524961537343514,0.040001870361396234,0.04280204920320823,0.049082521591927324,0.07034633583136589,18.7518296275,s
GDR1_2162939208074518912,313.2187268777803,44.240317136194896,0.15088406281579111,250.0,0.06802875887243122,0.9094166226070274,0.8136795971517392,0.5171296856882062,0.04076453275195917,0.043594336294236376,0.04994134283252249,0.06677362059807583,17.90623305700389,qpd
GDR1_2162939208074527616,313.22393503246906,44.249178733588536,0.12576993419075505,8.745172010390942,0.1044005011207679,0.8951795395538057,0.8953736865702596,0.3897638645043925,0.04092082610165302,0.04376128274065379,0.0501320618990101,0.08977530728793147,17.32986503671875,apd
GDR1_2162939792190072448,313.3288316946642,44.24402348085625,0.3711772054705204,9.037171278558985,0.3191823377681028,1.120813139703544,0.6192932899781427,0.20258675358099307,0.04102941090026418,0.04387503799912629,0.050257396208960727,0.023881029727679786,18.40965160176125,qps
GDR1_2162940067068027264,313.40123051637886,44.27395532006168,0.17348139945571608,1.1835481552062919,0.15014938423982707,6.341149015431255,0.8384625058604164,0.16413258431629224,0.05931848914846025,0.06358457940034895,0.07312446115469419,0.07094093925939146,18.302225167559524,qps
GDR1_2162940067068027392,313.3967863782052,44.281289838825465,0.39325006925170014,21.916791033608842,0.1128680447846476,20.583378573558488,0.506885267996522,-0.11554604180592587,0.05049465628080259,0.05409574224208279,0.062159282428936126,0.011628496359106507,17.707663938653365,qps
GDR1_2162941716335179008,312.9884250111627,44.03779365337419,0.3699116489342442,7.483116981783753,0.3488602446970769,1.1504628517786788,0.5895420670865348,0.2702931544889195,0.07568867101507099,0.08123375878399419,0.093600880976476,0.03729115350516745,17.973610135294113,qps
GDR1_2162942918926094208,312.95230917862733,44.088782803535345,0.052496343495862026,53.95913269495944,0.044781640566097895,1.2085633174678392,0.9175403480006398,0.030443430333829805,0.043584581683190224,0.04665423993995217,0.05353535177249773,0.009148294735043468,16.984882794291757,s
GDR1_2162944911791083136,313.09385664703177,44.23337851243401,0.24884565053519905,0.7491555955104011,0.19132028807709367,0.7505405510247652,0.7217371805911174,0.13510979594003653,0.040344522830738916,0.043142583577951935,0.04941880745677928,0.012942840921637987,15.987209324230768,qps
GDR1_2162945976943020416,313.0767383034075,44.27513466759154,0.07347817447756658,53.251373679280064,0.060565343805641075,1.0649524044740597,0.9366666114310014,0.1155031019382541,0.048831232833845835,0.05228972270315742,0.06003648447360961,0.05756754954183629,17.517297898325356,s
GDR1_2162946080022052992,312.8787451542417,44.116509859787705,0.06454388800535021,1.2049762665969446,0.06433062433616868,0.9285524295369064,0.925229340065076,0.5289828765368183,0.07167914201142461,0.0769147969812859,0.0885992474826564,0.023044815082861245,15.968770996309965,apd
GDR1_2162946526698717056,312.8904299532222,44.17068994339685,0.14998973982174388,9.569722650362934,0.11620327257228072,0.9031451178653108,0.7788451353890751,0.02609968842587057,0.0715469373995898,0.0767838260042982,0.08847079488334779,0.023602933296916897,17.398006147232472,qps
GDR1_2162946767216898432,312.95359237612575,44.184080404503575,0.13041078076502627,0.8061279849238034,0.11681188887157587,4.158665867994392,0.8049311822914333,-0.13120033213130305,0.04368729593934632,0.04676312622364976,0.05365801456397338,0.012541115820390593,17.39375896355932,qps
GDR1_2162947420052773760,312.8517155562052,44.21783703842847,0.07202272006424355,250.0,0.042679058000333316,125.92826641131731,0.7283511319329735,1.0141303978056972,0.07176931937059118,0.07737671857223585,0.08987406617845725,0.11473782890793878,18.207893335826768,apd
GDR1_2162947591850664960,312.82599171691106,44.21892964524781,0.4455922511953095,1.1416142328264312,0.4114934970370487,0.8852249444280771,0.5442911011591106,-0.1036524900229013,0.07163586648342933,0.07687192505747803,0.08855719959273367,0.03197384364693875,15.534116549446495,p
GDR1_2162947729289614848,312.8818772201587,44.216997522769105,0.13914313951746893,235.49834708820163,0.11945446600721404,1.1432215790226443,0.8137141221753553,0.3921381584087649,0.07240010655127421,0.07767025625166281,0.08943122989577787,0.026068295300068628,18.577878004832712,qpd
GDR1_2162947798009095808,312.8624501704055,44.22094146912779,0.13924936232658758,1.1119110718397691,0.13706040077861906,9.683854603705207,0.8113391643060103,-0.21147385156673545,0.07167985171504504,0.07691550006764454,0.08859993705778281,0.008154833457436252,16.540460474907757,l
GDR1_2162948107246789120,312.8483716815662,44.261805992122966,0.45119681165144004,6.7863357623442555,0.4056377823972336,1.168895387399113,0.5091873288223048,0.01343892608494143,0.06481023296192065,0.06952052009749209,0.08004375912634837,0.024316978278191684,17.922280920462047,qps
GDR1_2162948141606527616,312.8690904291109,44.2625428298529,0.10276142134686823,7.033223011417498,0.10035165731563653,211.01752396179336,0.9189828557259166,-0.30361965507644445,0.06479158465188023,0.06950203332476615,0.08002560108560879,0.021771901645913225,17.771286724752475,b
GDR1_2162948691363126144,312.97041974693065,44.2659479554346,0.09837542686280568,200.5914551690006,0.07039542901884857,43.08020766389971,0.8619658701084978,0.6138215391285251,0.041778542882879466,0.04470996944831482,0.05128309827836185,0.08630880670844493,18.495977467540325,apd
GDR1_2162949309837722880,313.00072099191436,44.333053725436564,0.14373535311437502,1.2483255423543391,0.13855797881871396,0.8301952494955537,0.8255184348702956,0.16349201302826674,0.062444753424554585,0.06697009446919194,0.07708401429246059,0.014468950267661209,17.805405756962024,qps
GDR1_2162949378557095680,312.922569534802,44.251955561685,0.20841178066766905,1.1705805296973055,0.1939752677783016,6.730086654581448,0.8280895027117297,-0.05254973599104347,0.05081158426656593,0.054438989243555634,0.06256099041855219,0.07272753749600344,17.250871053768847,qps
GDR1_2162949378557115136,312.9246367931808,44.26892642828634,0.057845985121412535,103.46366329215404,0.05485111433745715,8.560767851858872,0.9128249862227984,-0.06128134348276872,0.0481026474842234,0.05152315505751186,0.0591851279269314,0.013437439017815252,15.806769566903071,s
GDR1_2162951027824541312,313.19785316973656,44.26164443036425,0.13366180107197165,211.01752396179336,0.09313561945736196,0.8881297089707959,0.8862107944421497,-0.0167196448674883,0.04048804576658336,0.04330229216336808,0.04961451955881743,0.02606774458266592,18.507607537717604,s
GDR1_2162951474504020224,313.2076249187297,44.317265273447205,0.12615232222952935,8.623538619749432,0.1158767914775838,1.1310209968658291,0.8701931062602989,0.3692833426891314,0.06442320797316915,0.06910415878243087,0.07956247590374438,0.030188652521676133,15.59799658622951,apd
GDR1_2162951749379088640,313.14321933614536,44.294499503192384,0.25966243008166645,7.285653935475488,0.23298276866868384,0.8771917714784377,0.7272768524699164,0.06174094176048343,0.0623826201281941,0.06690848476399287,0.07702346884422474,0.02725593928170449,17.028982650316454,qps
GDR1_2162952470933669632,313.1180077764276,44.354053424749935,0.298732387679709,5.797807790626122,0.2655113107945965,0.8509012393055726,0.6798335055524184,0.14407420008948407,0.062395988564667534,0.06692174050629557,0.07703649554204277,0.03688894015599619,16.819040310126585,qps
GDR1_2162952711451794176,313.25749878643944,44.31827220058873,0.5131848828215514,8.264510977312852,0.4178107340191679,1.1342782811570875,0.4060329047234466,0.006738619609485184,0.0623950809750841,0.06692084056688491,0.0770356111515002,0.012929941803805852,17.298740671202527,p
GDR1_2162955185352996096,313.0539040561621,44.34816854948304,0.09335861291738344,250.0,0.06718694186265488,19.975719513061406,0.8888471973027935,0.11192413721246514,0.06280720626236368,0.0673446812148301,0.07748574952319473,0.0915973016518784,17.553402915238095,s
GDR1_2162955803828359040,313.0766347666336,44.417247815415685,0.09963990685294406,48.1942279966514,0.08069290213833924,0.9373422113916996,0.8631323487456863,0.12707209478094506,0.062344537143281815,0.06687072293309032,0.07698635968368972,0.03386376910562055,18.59538515886076,s
GDR1_2162956903341232128,313.02800205995027,44.465390588231315,0.06774329353550775,0.8863845671434731,0.06579874543056081,1.1546009962219093,0.914861896821236,0.5630318833207836,0.06264666046338578,0.0671854884742339,0.07732930852928065,0.036084312030355684,17.13692101174603,apd
GDR1_2162960820350057856,313.478159470982,44.328335578072405,0.26052828785542603,250.0,0.1843608259508524,182.5521800272541,0.6605692536873258,0.3196633195779239,0.06184070537654679,0.0663711567634606,0.07649545432164667,0.040996422455904666,18.368272074050637,qpd
GDR1_2162961267026674432,313.4896617057508,44.342379395681846,0.09295811360759734,6.8666828251444505,0.09011437189698,0.8728541296269459,0.8865356210837254,0.21535891198840945,0.0631199244737847,0.06770088873142119,0.07793789583512406,0.013638511577309751,16.743939964102562,s
GDR1_2162961541904548992,313.5959319846104,44.3209265814808,0.055767792921030346,40.101511508231546,0.05232605116187476,10.995179212256556,0.9003038855485209,-0.2849655462795853,0.06078937048725772,0.06518166562180469,0.0750010001479033,0.007052102629372642,14.83773164785276,b
GDR1_2162962985013647616,313.56699484966947,44.40291592301878,0.2617018113638032,95.01240309656285,0.2517315642586681,120.97299043496996,0.6948758109990095,-0.006227101085984994,0.06874917290637086,0.07387215916904984,0.08530572396449211,0.014527116973828628,16.188776685971224,qps
GDR1_2162965012238950656,313.4077230134428,44.405784683179455,0.720773233372397,14.435578111177776,0.5774555137192481,1.0711337957632578,0.21332560816816265,0.036096355390420526,0.062432604201899874,0.06695804758990087,0.07707217545495662,0.014426305448245262,17.702651426265824,p
GDR1_2162965287117378944,313.3769366489555,44.445401246216534,0.24636920560330586,182.5521800272541,0.08807051995500492,44.49670758594971,0.6934317557161993,0.4976951112993541,0.062288408866832415,0.06681506830951164,0.07693166749494126,0.040849957202647,17.857208163291137,qpd
GDR1_2162965699433784192,313.39769032411016,44.46339235085033,0.09024795675948896,106.16934447654829,0.08705268479215993,0.90962037968529,0.9231738191088368,-0.122860325643239,0.062354385363752686,0.06688048808650801,0.07699595603083619,0.03340281098060583,17.21367645189873,s
GDR1_2162966146109606528,313.4939417295994,44.42661241635336,0.1993371561311476,4.545090001979585,0.15466430924825494,1.2773907190442269,0.7875425717509689,0.227884482808774,0.0623620442259752,0.06688808235649711,0.0770034190346112,0.05603334283501736,18.14623255727848,qps
GDR1_2162966798944719488,313.5365549737283,44.503181058530046,0.11483929412738852,11.038808181154508,0.10488443959490633,73.68970159081064,0.831311429134723,-0.056082930826973486,0.10518921226679416,0.11352275190559262,0.13198997789890007,0.007650347655424345,16.708739242771088,qps
GDR1_2162967795377160064,313.49350340688306,44.54305795713624,0.0924490224608552,1.2498627757699885,0.08244291774810983,0.8313853133555525,0.8739626375579151,-0.1689898917920712,0.06247422315786452,0.06699931602806386,0.07711273133126323,0.005460592177604986,15.391868904113927,s
GDR1_2162969788241971712,313.6900622847246,44.52697728864731,0.2662712435329139,12.757230406864755,0.22072980258509395,0.9249560453316296,0.6592210501116273,-0.09508281885919996,0.06072129409165241,0.06511415093432735,0.07493462640399906,0.00785715047147015,17.190797483128836,qps
GDR1_2162969788241973632,313.68607457615644,44.52895151743057,0.09845043870847923,250.0,0.047738389929176415,0.6005487796806507,0.8380382360760638,-0.07140715597073394,0.06079839848253756,0.06519061916891784,0.07500980245530539,0.005417930351224504,14.161540622699382,qps
GDR1_2162975698125115392,313.72642956071644,44.72860375213026,0.1340080900265186,103.46366329215404,0.11517610410732344,56.1999786383041,0.7960339436681407,-0.16083681342232548,0.06071596889894922,0.06510886970479893,0.07492943446119399,0.02146196710833085,17.747421680368102,qps
GDR1_2162976419671618816,313.69025747381744,44.72828317522482,0.07184915092230246,65.22962318607287,0.058527579710470734,0.8991446871681449,0.8861338655532975,0.4008517980277287,0.061181954209798765,0.06559965783321249,0.07547536817539882,0.03476282377577049,17.59101980462963,apd
GDR1_2162978172018122240,313.2877317325571,44.50295916225333,0.09142480266848033,15.364299621954048,0.08994545127216677,1.0694408564953413,0.9240922556809966,-0.05811037145057695,0.0624702394163671,0.06699536582881647,0.07710884932383373,0.02739970825891784,17.779741533227853,s
GDR1_2162984631649047936,313.2637373528789,44.663571185242866,0.1740261439756177,4.76934392739261,0.16853969721283102,1.2611219633713602,0.7825796857527522,0.25250855664898497,0.06239643252748451,0.06692218072693759,0.07703692815674938,0.011065340339522405,17.495358950632912,qps
GDR1_2162988101982678912,313.6231402254145,44.75750335500434,0.10493996227304267,0.9302545404275828,0.08323193758536894,13.892217593911386,0.8765275846736971,0.11210663655621317,0.06071608537635403,0.06510898522056391,0.0749295480239407,0.03786730725055098,16.58704143128834,s
GDR1_2162988754817727232,313.6121692637456,44.79805822787978,0.15539405887997446,11.591652357794953,0.14667055617390007,1.0909949827718617,0.8275308193228347,0.5773711723377204,0.06091704782677805,0.06532257268654773,0.0751711565416273,0.07288549019046704,15.681671987692306,qpd
GDR1_2162989201494332800,313.57383253288066,44.811134999192745,0.2735990862191621,9.038308843730665,0.20628043827215908,0.8983386116976076,0.6981672002396797,0.04763577190049573,0.07431882189262254,0.07987732329525606,0.0922718280677496,0.0068256534857060345,14.531002381176473,qps
GDR1_2162989510731974016,313.60174372573124,44.80487816338861,0.3133915623473513,8.230999823334924,0.2840126079028237,1.134595274557999,0.666877858179725,0.5924413639311088,0.061281538609119016,0.06571287380345096,0.07561867503445681,0.05929634196938738,17.102169000309598,qpd
GDR1_2163017101601143040,314.020203173375,44.58231171364184,0.09565319674377484,18.51789992578989,0.09471045132210283,1.057187610639691,0.8971669370475381,-0.10577820458330144,0.06060741273679869,0.06498700949472322,0.07477818640259118,0.013840268140554996,17.635630671253818,s
GDR1_2163020881172468608,314.2669830495015,44.63076131524417,0.3997599308909871,3.2760848987170137,0.33654318209529904,0.7645330490567465,0.5414205026501429,0.2354227974416568,0.060530427285770384,0.06491065819817966,0.07470312299881918,0.006063347100793046,15.300166646788993,qps
GDR1_2163069500202546688,313.76662345958664,44.74070007403486,0.08257782456273834,0.9460794746476904,0.08121737968286936,44.01430309531518,0.9170974004275269,0.06206171395552989,0.06929490113482943,0.07435495787307381,0.08565145081499778,0.02440071014604766,17.419238013523135,s
GDR1_2163135367823138944,312.8169403422865,44.249996064152405,0.08067202462304389,93.89242691968781,0.0782676038149694,66.294780717726,0.8995257054854455,0.32639221499552057,0.07185845114642539,0.07711297641334683,0.08883899446350885,0.039841447403936386,17.05020224222222,apd
GDR1_2163135573981345152,312.7565367275058,44.26166089652195,0.6970810634277158,7.364955092999716,0.5409734801814116,1.1536167486101196,0.2591275822430877,-0.0019961565751963404,0.06484448733205359,0.06955447785297465,0.08007711321293626,0.013636759563168949,15.458944435973596,p
GDR1_2163135573981345280,312.7561119042319,44.259557343227584,0.4678125347904841,5.529332057656911,0.3683978710706836,1.216895140473136,0.4652233820507264,0.1944746680123744,0.06518987793890252,0.06992997735180963,0.08051916456288018,0.009445448018105198,16.425334344518273,qps
GDR1_2163135677060562176,312.7737481103964,44.2756174992443,0.10707563742797332,10.48409170772308,0.10536065193058827,1.1052515430634993,0.8801639102128681,0.2022585148736756,0.06356218309985119,0.06817063262337468,0.07846860056387338,0.0548681633610284,14.880948977096775,s
GDR1_2163136123738466688,312.80038267902404,44.313240837133534,0.06975932068373167,98.37397089427752,0.061398008083727175,76.19262372712728,0.8861833915754722,0.005947886454337955,0.06421538656235481,0.06888194422151697,0.07930838129487898,0.016778855443188686,17.856060620915038,s
GDR1_2163136192456870016,312.83106326015115,44.325146090175686,0.06659762340106849,1.0848727409527652,0.04359044248028013,0.5992191983707367,0.9090818792983196,0.3137587827965285,0.06253597335328144,0.06706054654614499,0.07717290522174428,0.06969119087839948,17.171662231012654,apd
GDR1_2163136364255498624,312.7190342985914,44.27888878470984,0.06227569008213881,8.615267332984464,0.05192684873165021,0.8936032553953769,0.9427829866339325,0.3785815818845355,0.049214931721166144,0.052705924847146535,0.060524915252561526,0.01627203893248598,14.763744509661837,apd
GDR1_2163136742213531520,312.74588223129325,44.33173518582862,0.1818626524163268,5.499372497373977,0.15069448996022458,1.217990376958686,0.7093887572288495,0.2185160419484647,0.06244216676457817,0.0669675295973766,0.07708149371195057,0.009516250445833542,17.571178858544304,qps
GDR1_2163136746511218176,312.7478393033757,44.32750211468454,0.2827657624386247,6.84353303886362,0.2365246693640922,0.8704213420537362,0.7181476298861764,0.14840045999416832,0.06255576343096284,0.06709535889245585,0.0772407390711125,0.02918331125385978,17.589087183174602,qps
GDR1_2163137360688842752,312.7746285220051,44.39641897681263,0.12973996876544086,250.0,0.04162455320947527,5.5672436951149225,0.8366923760364444,-0.022970037848265342,0.0624088970797785,0.06693454022496713,0.07704907412831591,0.012746827211753804,18.35151021582279,s
GDR1_2163137738645105280,312.8444553863257,44.3521006870259,0.17133971461643732,7.7590743757567875,0.15862994931284688,3.8841374288495203,0.6769984456757938,0.18588196940750307,0.062481991004403985,0.06700701847653782,0.07712030082201005,0.02287632447243696,16.11277988386076,qps
GDR1_2163138116611233408,312.9531889678755,44.39470490406047,0.13085196305603128,8.85967772606117,0.12965862136233613,1.1236049055128912,0.8119699253192678,-0.07232499811382395,0.06233745039062969,0.06686369596258804,0.07697945419711748,0.030811348117489232,18.112394731962024,qps
GDR1_2163138288400926464,312.8865953964193,44.39665464404827,0.056932365700028735,0.9222246108370092,0.05431045556967439,0.8500104744532185,0.943884221645448,-0.02371697566044321,0.06239302609089741,0.0669188030039142,0.07703360879348084,0.030735301676401133,16.514140796835445,s
GDR1_2163138361418522624,312.9135525014715,44.40778696773347,0.06559440757250883,250.0,0.06398747517380071,149.04334991629088,0.9411499539772032,0.1944457566515969,0.06250434698635374,0.06702918628268845,0.07714208603738004,0.045359977738223936,14.83070555063291,s
GDR1_2163138597639123456,312.8326758152813,44.38512183346858,0.10128551821144313,57.80021916823475,0.09337526011333523,50.59674942699856,0.8981539147488576,0.7170925506974046,0.06303430818754012,0.06758514651633761,0.07775587615486368,0.057718258407240125,17.823620213375797,apd
GDR1_2163138601937119360,312.81884032151413,44.3827735529161,0.28359138767575903,2.4248942512376948,0.23697009439748626,1.69355363781508,0.6933403472430967,-0.2579137799240841,0.06247229632054911,0.0669974054140653,0.0771108536995874,0.009987324260824269,15.311396306962028,b
GDR1_2163139151692568576,312.8685210789231,44.433620803815266,0.3126231622564201,191.14715251466203,0.08938876134055176,118.5725175096208,0.6246197608147127,0.12327097800947588,0.06255548395947146,0.06707989305095798,0.0771919180237942,0.07054657496559298,17.900429102215192,qps
GDR1_2163139804527939968,312.70243444677425,44.3512518624165,0.3433806560538379,6.22448359083773,0.27723945931638194,1.187355735820126,0.5982993492117571,0.10805548316865067,0.0623915867985984,0.06693257096528568,0.07708077297809872,0.04016652869050187,18.500785217777782,qps
GDR1_2163139873247408384,312.6685306707504,44.339344334403286,0.3862395703030876,1.2433555447546472,0.37607571243376503,0.8324080869896887,0.5569902644302461,0.04898202436661096,0.062306054583591675,0.06683256507685657,0.07694886162558773,0.016376464628193144,18.230372762974685,qps
GDR1_2163139937669407872,312.6557508284225,44.34805504775345,0.19289694252248216,0.8559242273144894,0.19041511637403888,1.1939904918572704,0.7988581578915938,-0.06665640441106661,0.06247584316461911,0.06700092239525929,0.07711430996880107,0.009869623213356368,15.324809871202529,qps
GDR1_2163140246906862080,312.7287237613243,44.38283520549869,0.09430710634065284,18.950077636919293,0.09049341916005982,22.156005845974665,0.8770605725987239,0.32410304064157724,0.062480730400001065,0.06700576848475749,0.07711907240648977,0.08331558643993554,17.635158098101265,s
GDR1_2163140281266601728,312.7448012775342,44.38816458154733,0.10011191250562773,4.44555224809608,0.09796441068345027,4.421345313718585,0.8346602633492676,-0.045550630680943116,0.06244975926433957,0.0669750581456964,0.07708889225770786,0.019362174707956342,18.044684586075945,qps
GDR1_2163140315626343168,312.7693628453087,44.3972432622505,0.384152953949015,191.14715251466203,0.34843207835452783,125.92826641131731,0.4733320005378767,0.26628112584407965,0.06249216994730869,0.06701711173326172,0.0771302198689239,0.033455684445598766,14.460411889556957,qpd
GDR1_2163140315626344064,312.76289490947937,44.40076132666685,0.2573028179605879,8.383979932449611,0.2399947596638053,0.8912492102860242,0.6945428704815894,0.20596613055839472,0.06295805435555696,0.06752491384034429,0.07773072442328395,0.02879272366732178,16.862320221725238,qps
GDR1_2163140315626346880,312.7638913920373,44.40428515934821,0.25312925579706474,250.0,0.12385735879565472,149.04334991629088,0.6928503353263801,-0.10963387841772597,0.06257482931612812,0.06709907574157609,0.07721076990882912,0.029398816780713675,16.650278862658226,l
GDR1_2163140453064444544,312.7123320321692,44.39623822222878,0.17202009995781953,250.0,0.14809288794904324,143.76550140029855,0.8308689487317771,0.25261915755231185,0.06262441474355243,0.06716343048408244,0.07730763221236399,0.04342232147237254,18.008952876190477,qpd
GDR1_2163140968460295680,312.6154861844204,44.39139410498164,0.14847390238745958,250.0,0.08380254819042966,182.5521800272541,0.7274876804363712,-0.3261123599862721,0.06247879332873894,0.06700384772145042,0.07711718479830308,0.007140615666578855,15.265812181329114,b
GDR1_2163141208978477312,312.63467375634264,44.43817851699804,0.1347425624990202,211.01752396179336,0.08622426600301478,44.49670758594971,0.7773494227504044,-0.042725550430769865,0.062402591364720435,0.06692828765363812,0.07704292957459834,0.008280610907535572,17.764991392405065,qps
GDR1_2163143481019730688,312.78355402499403,44.530803726734895,0.2132202897395203,6.311574572962956,0.19254505131628552,1.184584162335233,0.7568968596498877,-0.13403811999062687,0.062430219084653536,0.066955682566658,0.07706985127744706,0.032086858160802784,17.175922171518987,qps
GDR1_2163143717240796032,312.7537272945984,44.530465728732146,0.07173623146074412,1.1648707730234251,0.07166936505785082,0.8737934421029389,0.914376892635624,0.4491274651215769,0.06253665179717874,0.0670612192829588,0.07717356635348067,0.08399306344592268,15.958055012658226,apd
GDR1_2163144473153865856,312.94164656473293,44.47646401982018,0.3210965901160611,10.621232087814507,0.2778035498353391,0.9116629834959018,0.6627870174478294,0.030358752489889368,0.06247129738431716,0.06699641488871519,0.07710988027364096,0.02634504867215064,17.764639197151894,qps
GDR1_2163144541882323584,313.011144384048,44.45799695989046,0.2315718115734145,4.104015137835293,0.20910400983231053,0.8021461144817803,0.7450622359114151,0.4864188054593226,0.06259012916473883,0.06712943435578282,0.0772742245099522,0.017923306784728494,18.032306264444443,qpd
GDR1_2163144576233088640,313.0152968094033,44.47723291815445,0.0606321558835341,0.5725975236342206,0.059830963943160925,1.1925875464746347,0.9046756737722396,-0.034915086048425435,0.06242840638659083,0.06695388514057597,0.07706808489499606,0.018753929503992718,18.22164661107595,s
GDR1_2163144644952565120,313.00412135165266,44.478171669720055,0.1108572901950739,19.87791410366512,0.10409370006526072,0.949620158601988,0.8849063081650892,-0.12236451376324164,0.06244156267828521,0.06696693059958875,0.07708090505809753,0.01213703133803201,16.920486928797473,s
GDR1_2163144851111005056,312.99458089748686,44.50758285888877,0.1385945364103791,182.5521800272541,0.06990080249092344,77.71629140056233,0.8134175291426107,0.3683175310056652,0.06299732908971628,0.06754847923147046,0.07771984330177767,0.04068918894855536,18.228984302866237,qpd
GDR1_2163145984982389632,312.916507636757,44.553945873148145,0.2212789525007719,182.5521800272541,0.1984406376894923,122.13974396777736,0.7068129260939614,0.4901433166783781,0.06227044406873405,0.06679725519337185,0.0769141625488567,0.05485782057927791,16.54426884177215,qpd
GDR1_2163148596322501760,312.8736830348407,44.538787089797324,0.052735251368026224,31.9072007562635,0.03608116011667238,84.16050659803662,0.8532143138274375,-0.3852343810311182,0.06270224998200775,0.06724060913967839,0.0773834758446212,0.004146240893526909,13.942275634603176,b
GDR1_2163148768121199360,312.84503454566214,44.56183160166629,0.10583951513605504,250.0,0.07078727390405386,1.2475583427826438,0.8622441777929001,-0.1502548682009823,0.06242814765951101,0.06695362859330421,0.07706783277864437,0.007541721904246841,16.66576390474684,s
GDR1_2163149214797802752,312.88916795656144,44.58175004168541,0.2605279592483542,250.0,0.08288265689243357,84.16050659803662,0.693449158419866,0.0646830841699346,0.06251561650711603,0.06704036096808867,0.07715306789675927,0.03281433212445445,16.369284096518985,l
GDR1_2163149317877028224,312.88799831442975,44.61655320862664,0.07744644431729705,0.9035471196438168,0.0773438537558063,74.85061548357119,0.8866618176798672,0.4992151705135336,0.062480858312377416,0.06700589532027193,0.07711919705266702,0.03735019736891304,18.18091062974684,apd
GDR1_2163149661474923520,312.84865725313716,44.589583827644724,0.08129116476584229,60.379073546562395,0.08041093344129746,0.8053284513977168,0.9517600407485026,0.08833447359857723,0.0620664175615251,0.06662547203811382,0.076812892461289,0.06596244390142313,18.67234145382166,l
GDR1_2163155055959979392,312.6678481482751,44.51358919827957,0.14547244137380794,250.0,0.12159294390225993,118.5725175096208,0.7619319851803791,0.1985971744127054,0.06282840535236478,0.06738098197267267,0.07755524743866914,0.028277392265328705,14.808467292038216,qps
GDR1_2163155227752761088,312.70038599475987,44.56016414568739,0.1676174356337265,0.8619208438382044,0.16210922349625514,6.351068849651961,0.7869111510922819,0.13033774143288085,0.06245002716340781,0.06697532378838524,0.07708915331349467,0.023819177892881176,18.26475209556962,qps
GDR1_2163156052385630336,312.7257984084001,44.635609332751294,0.7519093561873511,9.547218333188756,0.6314630472461813,0.9029442510887266,0.23915235654477096,-0.08160466078973003,0.06243393265595491,0.06695936485236988,0.07707346996778225,0.02211203943253884,16.690521618670886,p
GDR1_2163169761929937280,312.6906807725453,44.91994973521836,0.14291074860905806,250.0,0.08989691794272135,1.1412933058097412,0.8117446057427015,0.3944195386168013,0.06281412178361973,0.06739769052416973,0.07763999057747584,0.040023697159262135,18.24938069134615,qpd
GDR1_2163215391652091520,312.60242541317564,44.92092749329559,0.195865119684573,0.9100281678783224,0.1779201568395136,10.403494325744287,0.7525209169658904,-0.011089380243647914,0.06271867758967463,0.0672721826531771,0.0774483356521119,0.011242188877546936,17.890102136942673,qps
GDR2_2067027228235955584,312.21539449689067,43.85037700947687,0.2950573580731436,5.615449049902626,0.21543793242774686,1.2124601418708487,0.6987346227055323,0.0122996769755236,0.06476823220540813,0.06947888322228897,0.08000286272965712,0.016041189443547342,18.018390788448844,qps
GDR2_2162926254452857472,313.1646322654713,43.998398325633936,0.4855590064899237,8.743228892173807,0.3916857983405489,1.1255236831565063,0.4589795685941885,0.02817629254548458,0.06573613505420328,0.07052194775566814,0.08121219236861997,0.018742773562005443,18.005319249664424,p
GDR2_2162948455142499968,312.9943655202102,44.2490878988824,0.07086768454742855,1.0719822769486054,0.06552890725919616,122.13974396777736,0.9236825237753888,-0.07322159799638799,0.04090486037796853,0.04374541611752175,0.05011639433542669,0.015989122248035566,16.939160590625,s
GDR2_2162951684957670144,313.11151769035183,44.285138743533935,0.09713496497864237,250.0,0.06867418954351576,87.80071304079061,0.8212936361688531,-0.18448134507080344,0.051472204242064,0.05514344023342535,0.06336296622435485,0.007480761343510075,14.00024013918575,qps
GDR2_2163136059317926016,312.8130652914013,44.304877026551296,0.1467321735727644,0.8066084675227408,0.13461192963706353,4.223561238599742,0.8452928145475219,0.13443653392284735,0.06246654569191545,0.06699170320645463,0.07710524993159415,0.019692126742014003,16.240582676265824,qps
GDR2_2163137120170654720,312.758957326272,44.33585049865385,0.09523855717601074,160.85371518038602,0.0845774625775669,49.97393905873302,0.8739534406535364,-0.2420204456739607,0.06254159601094776,0.06711199691915888,0.07732500297848599,0.05510884826069424,18.52074329776358,b
GDR2_2163139804529410944,312.70289201218,44.348121718414774,0.201279511710912,0.912892955033662,0.18529930576883416,10.790611982995353,0.7906503511423998,-0.02490972676941856,0.062448382131829065,0.06697369261221964,0.07708755030337028,0.012404196123103315,16.43917278607595,qps
PSO_J205647.351+434127.587,314.19732404391516,43.69100543901369,0.04528493931425997,0.6009406190940284,0.04488846466600333,0.55514022841163,0.902250739549946,-0.1009072885343116,0.06497519736509738,0.06970055439396097,0.08025709351557897,0.007515080214594964,13.25320285397351,s
PSO_J205818.503+435346.014,314.5771034612672,43.896088894135396,0.2450130358092752,250.0,0.07730279390059434,125.77421670489605,0.7338850409986445,0.08779041384532366,0.06474156106779416,0.06946895005569928,0.08002962284944384,0.0413606616594539,18.066858266887415,qps
