ID,POW1,PER1,POW2,PER2,Q,M,90%_FAP,95%_FAP,99%_FAP,NU
2MASS_J20505039+4450115,0.5234780286014231,222.58683877368023,0.2710753843623772,160.85371518038605,0.47588203026815484,0.30191147579045136,0.06489175676415157,0.06961783874121924,0.08017585300420789,0.09050679476113911
GDR1_2162967795377160064,0.09244902246085519,1.2498627757699885,0.08244291774810983,0.8313853133555525,0.8739626375579151,-0.1689898917920712,0.06247422315786453,0.06699931602806386,0.07711273133126323,0.005460592177604986
2MASS_J20532233+4438526,0.2689345496401239,2.430701548636463,0.26234192366539244,0.7071388663071233,0.6584172151890357,-0.12859208066967562,0.06264999561259736,0.06718879548358153,0.0773325583250071,0.007150874930612856
GDR1_2163140315626344064,0.2573028179605879,8.38397993244961,0.23999475966380523,0.8912492102860242,0.6945428704815894,0.20596613055839472,0.06295805435555696,0.06752491384034429,0.07773072442328395,0.02879272366732178
GDR1_2162909830498130048,0.17004976946146183,138.8486620682776,0.09269258114667613,22.52478210871225,0.8164960798411438,0.17751245505296745,0.03936769370204878,0.04209457461568667,0.04821200011280859,0.01754081637875413
GDR1_2162931786370808448,0.19577648643388879,154.72348245367584,0.13311155988202972,211.01752396179336,0.8036806420245328,-0.16284931222166119,0.04034634582259227,0.04315006395385564,0.04943881113465097,0.05649355850786405
GDR1_2162962985013647616,0.2617018113638032,95.01240309656285,0.2517315642586681,120.97299043496997,0.6948758109990095,-0.006227101085984994,0.06874917290637086,0.07387215916904984,0.08530572396449211,0.014527116973828627
GDR1_2163140246906862080,0.09430710634065285,18.950077636919293,0.09049341916005982,22.156005845974665,0.8770605725987239,0.32410304064157724,0.062480730400001065,0.06700576848475749,0.07711907240648977,0.08331558643993554
GDR1_2162961541904548992,0.055767792921030346,40.10151150823155,0.05232605116187476,10.995179212256554,0.9003038855485209,-0.2849655462795853,0.060789370487257716,0.06518166562180469,0.0750010001479033,0.007052102629372642
GDR1_2163069500202546688,0.08257782456273834,0.9460794746476903,0.08121737968286936,44.01430309531518,0.9170974004275267,0.06206171395552989,0.06929490113482942,0.07435495787307381,0.08565145081499777,0.02440071014604766
GDR1_2163136192456870016,0.06659762340106849,1.0848727409527652,0.04359044248028013,0.5992191983707367,0.9090818792983196,0.31375878279652847,0.06253597335328144,0.06706054654614499,0.07717290522174428,0.06969119087839948
GDR1_2162134880959435904,0.670650116458473,3.3715123096417754,0.5132292198711859,0.7696133015745188,0.21602756481759838,-0.03255408190267313,0.06490289113191999,0.06962887632378931,0.08018669366899901,0.008242055742809793
GDR1_2162128009011784832,0.31352639872318944,250.0,0.060145084542860605,41.24116082709654,0.6799466929638948,0.19980308170410044,0.06553911240143158,0.07030971062574673,0.08096630200048963,0.023115618599988796
GDR1_2066790146043148928,0.3029820191285023,250.0,0.08893456712352614,31.590300606879218,0.709746019984414,0.10170968776206524,0.06530764352657979,0.07006343490696211,0.08068721755033974,0.030626959854600403
GDR1_2163139937669407872,0.19289694252248218,0.8559242273144894,0.19041511637403888,1.1939904918572704,0.7988581578915938,-0.06665640441106661,0.062475843164619106,0.06700092239525929,0.07711430996880107,0.009869623213356367
GDR1_2163145984982389632,0.2212789525007719,182.5521800272541,0.1984406376894923,122.13974396777735,0.7068129260939614,0.4901433166783781,0.06227044406873405,0.06679725519337185,0.0769141625488567,0.05485782057927791
GDR1_2162886568955114112,0.13832440333618592,0.9043521977751381,0.1230317284847216,1.1143526595488389,0.851772485554396,0.30788684595808263,0.04019035786946305,0.04297809456537161,0.049231272949137914,0.03248622385723308
GDR1_2162988754817727232,0.15539405887997443,11.591652357794953,0.14667055617390007,1.0909949827718617,0.8275308193228347,0.5773711723377204,0.06091704782677805,0.06532257268654773,0.0751711565416273,0.07288549019046704
2MASS_J20533662+4439529,0.33095984255378846,3.2087630887765997,0.2685894214958955,0.7608079801959173,0.44376914107176285,0.41262135527035826,0.0624292428352362,0.06695471454209201,0.07706889997170893,0.009986539680120613
GDR1_2163141208978477312,0.1347425624990202,211.01752396179336,0.08622426600301478,44.4967075859497,0.7773494227504044,-0.04272555043076986,0.06240259136472044,0.06692828765363812,0.07704292957459834,0.008280610907535572
GDR1_2162240708953684992,0.14107563776956508,191.14715251466205,0.11325047292936848,143.76550140029855,0.8583926283533158,0.18640033907282597,0.03943517029166516,0.04215628646720846,0.04826103321008895,0.0476137070144411
GDR1_2067120514926515200,0.4173647266383903,9.017099354611183,0.3493999988403538,1.1211226506227425,0.5246423231823361,0.013071655355351056,0.0609982192003005,0.06541744491417852,0.07529624746949976,0.007621703637019609
GDR1_2162961267026674432,0.09295811360759734,6.86668282514445,0.09011437189698,0.8728541296269459,0.8865356210837254,0.21535891198840942,0.0631199244737847,0.06770088873142119,0.07793789583512406,0.013638511577309751
GDR1_2162989201494332800,0.27359908621916207,9.038308843730665,0.20628043827215908,0.8983386116976076,0.6981672002396797,0.04763577190049573,0.07431882189262254,0.07987732329525606,0.0922718280677496,0.006825653485706034
GDR2_2162948455142499968,0.07086768454742855,1.0719822769486054,0.06552890725919616,122.13974396777735,0.9236825237753887,-0.07322159799638799,0.04090486037796853,0.043745416117521745,0.05011639433542669,0.015989122248035566
GDR1_2162091278451209472,0.13576044929984382,121.98577217991892,0.1086089119375667,0.7817959002416871,0.738204877736457,-0.10630314989075654,0.06929136711015824,0.0743514560444701,0.08564801463950182,0.007950012984315344
GDR1_2067062824937136000,0.4358176790188683,191.14715251466205,0.13995675082058762,134.25701682316483,0.5720603718755217,0.48554648614235457,0.06250376006797234,0.06702860430376896,0.07714151410152617,0.02086789168763394
2MASS_J20510895+4416420,0.1793197293269349,1.1904892992814269,0.1750424217508796,6.149062663729158,0.7836237938229438,0.2442378059061161,0.06392245735318966,0.06855947440000791,0.07892065916535608,0.017123680865759123
GDR1_2162952711451794176,0.5131848828215514,8.264510977312852,0.4178107340191679,1.1342782811570877,0.4060329047234466,0.006738619609485184,0.062395080975084095,0.06692084056688491,0.0770356111515002,0.012929941803805852
2MASS_J20505363+4424305,0.12990905839347047,5.340230268367138,0.11272275526097496,1.2264531420839329,0.8592732523890276,0.34033183715763715,0.06298536006125278,0.0675519880838058,0.07775732802962472,0.028553835885102713
2MASS_J20512059+4420322,0.1438642253295526,1.6237859092888862,0.14181119586407498,1.6051677464109664,0.8095383894053254,-0.11860452719567341,0.06260305111734876,0.06714224720012632,0.07728681555534835,0.007038260460115807
2MASS_J20510029+4424364,0.7086421774449121,7.008938672886845,0.5714321437983009,1.1625358542380206,0.23683408260659494,0.12064017897730991,0.06289587747626801,0.06744788391527409,0.07762098985348308,0.020705552942281415
GDR1_2162978172018122240,0.09142480266848031,15.364299621954048,0.08994545127216678,1.0694408564953413,0.9240922556809966,-0.05811037145057695,0.0624702394163671,0.06699536582881647,0.07710884932383374,0.027399708258917833
GDR1_2067067807089176192,0.099773110975503,0.9118839944087016,0.0914232304143269,58.52444744338982,0.8855123336794467,0.14032200268430287,0.07472994008600087,0.0802159133344615,0.09245242044983656,0.01785274770704307
GDR1_2163140968460295680,0.14847390238745958,250.0,0.08380254819042966,182.5521800272541,0.7274876804363712,-0.3261123599862721,0.06247879332873894,0.06700384772145042,0.07711718479830307,0.007140615666578855
GDR1_2162984631649047936,0.1740261439756177,4.76934392739261,0.16853969721283102,1.2611219633713602,0.782579685752752,0.252508556648985,0.06239643252748451,0.06692218072693759,0.07703692815674937,0.011065340339522405
GDR1_2163143717240796032,0.07173623146074412,1.1648707730234253,0.07166936505785082,0.8737934421029389,0.914376892635624,0.4491274651215769,0.06253665179717874,0.0670612192829588,0.07717356635348067,0.08399306344592267
GDR1_2162221811096717952,0.135641729280171,250.0,0.06389897807034702,0.9490671205911907,0.8543773000367536,0.010429552749909756,0.06496414621960186,0.06968959921567375,0.08024633363639215,0.0154713853902834
GDR1_2067128658184872064,0.2546220760987057,0.9209254187246995,0.25089989501702054,11.683182733640674,0.7323302129521091,0.13451057931223814,0.08280198052572986,0.089208888497402,0.10346660402355075,0.0163899664177101
GDR1_2162951474504020224,0.12615232222952935,8.623538619749432,0.1158767914775838,1.1310209968658287,0.8701931062602989,0.3692833426891314,0.06442320797316915,0.06910415878243086,0.07956247590374438,0.03018865252167613
GDR1_2162947591850664960,0.4455922511953095,1.1416142328264312,0.4114934970370487,0.885224944428077,0.5442911011591106,-0.1036524900229013,0.07163586648342932,0.07687192505747802,0.08855719959273368,0.03197384364693875
GDR1_2162935565942174208,0.07884580968871167,1.066911457774005,0.07281129372651714,1.2456444632170969,0.9052465670566255,0.2815054754918692,0.04001956363382691,0.042797161243634196,0.049027681553468164,0.0444075933676283
GDR1_2162988101982678912,0.10493996227304268,0.9302545404275827,0.08323193758536894,13.892217593911385,0.8765275846736971,0.11210663655621315,0.06071608537635403,0.06510898522056391,0.0749295480239407,0.037867307250550986
GDR1_2163137738645105280,0.17133971461643732,7.759074375756787,0.15862994931284688,3.8841374288495203,0.6769984456757938,0.18588196940750307,0.062481991004403985,0.06700701847653782,0.07712030082201005,0.022876324472436965
GDR1_2162965287117378944,0.24636920560330583,182.5521800272541,0.08807051995500492,44.4967075859497,0.6934317557161993,0.49769511129935406,0.06228840886683241,0.06681506830951164,0.07693166749494126,0.040849957202646996
2MASS_J20511455+4413379,0.1611251355974823,235.49834708820163,0.12454646884288681,154.72348245367584,0.8162451231014634,0.10119856559395933,0.0716674864719293,0.07690325012567371,0.08858792253564718,0.007355554428609012
GDR1_2162949378557115136,0.05784598512141254,103.46366329215404,0.05485111433745715,8.560767851858872,0.9128249862227985,-0.06128134348276872,0.0481026474842234,0.05152315505751186,0.0591851279269314,0.013437439017815252
GDR1_2163139873247408384,0.3862395703030876,1.2433555447546472,0.37607571243376503,0.8324080869896887,0.5569902644302461,0.04898202436661096,0.06230605458359168,0.06683256507685657,0.07694886162558773,0.016376464628193144
GDR1_2162969788241973632,0.09845043870847925,250.0,0.04773838992917641,0.6005487796806507,0.8380382360760638,-0.07140715597073394,0.06079839848253756,0.06519061916891784,0.07500980245530539,0.005417930351224504
GDR1_2162942918926094208,0.052496343495862026,53.959132694959436,0.044781640566097895,1.208563317467839,0.9175403480006398,0.030443430333829808,0.043584581683190224,0.04665423993995216,0.05353535177249774,0.009148294735043468
GDR1_2162955185352996096,0.09335861291738343,250.0,0.06718694186265488,19.975719513061406,0.8888471973027935,0.11192413721246514,0.06280720626236368,0.0673446812148301,0.07748574952319473,0.09159730165187839
2MASS_J20511374+4422252,0.2810204808195674,2.0763971415352636,0.2381789862896601,1.9184282758406064,0.4461851170838893,-0.1411884111549158,0.06273558826187862,0.06728895014342202,0.0774648120975765,0.01079203824751848
GDR1_2162944911791083136,0.24884565053519905,0.7491555955104011,0.19132028807709367,0.7505405510247652,0.7217371805911174,0.13510979594003653,0.04034452283073891,0.043142583577951935,0.049418807456779276,0.012942840921637989
GDR1_2162117563651224960,0.2662205489668793,6.956136400980485,0.2380777968855613,1.1667029672768738,0.7089489665359745,0.03765139514252633,0.06493866412321353,0.06966433845864788,0.08022152329189357,0.013367785305583434
GDR1_2163138361418522624,0.06559440757250883,250.0,0.06398747517380071,149.04334991629088,0.9411499539772031,0.1944457566515969,0.06250434698635374,0.06702918628268845,0.07714208603738004,0.045359977738223936
GDR1_2162902683672550912,0.17409716370675257,0.8155199444573179,0.17023587675258772,4.474952771346484,0.8143282645647754,0.48620214621999625,0.03950325935043207,0.04224009239500203,0.04837972190005524,0.040152711378650764
GDR1_2163135573981345152,0.6970810634277158,7.3649550929997165,0.5409734801814116,1.1536167486101196,0.2591275822430877,-0.0019961565751963404,0.06484448733205359,0.06955447785297465,0.08007711321293626,0.013636759563168947
GDR1_2162221673657766272,0.1947277208897662,167.3534413933319,0.12820708608129938,235.46463857441637,0.7086892717928774,0.08098849466053863,0.06498942772897333,0.06971466120380705,0.08027094887522665,0.011196857012161218
GDR1_2162945976943020416,0.07347817447756658,53.25137367928006,0.06056534380564108,1.0649524044740597,0.9366666114310014,0.1155031019382541,0.048831232833845835,0.05228972270315742,0.06003648447360961,0.057567549541836294
GDR1_2162965012238950656,0.720773233372397,14.435578111177772,0.5774555137192481,1.0711337957632578,0.21332560816816265,0.036096355390420526,0.062432604201899874,0.06695804758990087,0.07707217545495662,0.014426305448245264
GDR1_2163136123738466688,0.06975932068373168,98.37397089427752,0.06139800808372718,76.19262372712728,0.8861833915754722,0.005947886454337955,0.06421538656235481,0.06888194422151697,0.07930838129487898,0.016778855443188686
GDR1_2163135677060562176,0.10707563742797331,10.48409170772308,0.10536065193058827,1.1052515430634993,0.8801639102128681,0.20225851487367558,0.06356218309985119,0.06817063262337468,0.07846860056387338,0.0548681633610284
GDR1_2162949309837722880,0.14373535311437502,1.2483255423543391,0.13855797881871396,0.8301952494955537,0.8255184348702956,0.16349201302826674,0.062444753424554585,0.06697009446919194,0.07708401429246059,0.014468950267661209
GDR1_2163155055959979392,0.14547244137380796,250.0,0.12159294390225993,118.5725175096208,0.7619319851803791,0.1985971744127054,0.06282840535236478,0.06738098197267268,0.07755524743866914,0.028277392265328702
GDR1_2066844954118735744,0.22515329247526458,9.096729161457397,0.19282691353779147,0.8985310588435848,0.7295369674154663,-0.04039033995052894,0.06520377138419992,0.06996046998114896,0.08058609861298853,0.018626387881599104
GDR1_2162969788241971712,0.2662712435329139,12.757230406864755,0.22072980258509395,0.9249560453316296,0.6592210501116273,-0.09508281885919996,0.06072129409165243,0.06511415093432735,0.07493462640399906,0.00785715047147015
GDR1_2163155227752761088,0.1676174356337265,0.8619208438382044,0.16210922349625514,6.351068849651961,0.786911151092282,0.13033774143288085,0.06245002716340781,0.06697532378838524,0.07708915331349467,0.023819177892881176
DPP2017_409,0.17730428765164524,3.340383194835033,0.16410376170569718,0.7694818898199798,0.7829138396941134,-0.2990826371195796,0.1542468152270829,0.16648490024599402,0.1933663464924705,0.008342859224634782
GDR1_2162966798944719488,0.11483929412738851,11.038808181154508,0.10488443959490633,73.68970159081064,0.831311429134723,-0.05608293082697349,0.10518921226679415,0.11352275190559262,0.13198997789890007,0.007650347655424345
GDR1_2162941716335179008,0.3699116489342442,7.483116981783753,0.34886024469707694,1.1504628517786788,0.5895420670865348,0.2702931544889195,0.07568867101507099,0.08123375878399419,0.09360088097647601,0.03729115350516745
GDR1_2163215391652091520,0.195865119684573,0.9100281678783223,0.1779201568395136,10.40349432574429,0.7525209169658904,-0.011089380243647914,0.06271867758967463,0.0672721826531771,0.0774483356521119,0.011242188877546935
GDR1_2065995748890512768,0.40372470776017605,1.2023809038000823,0.3758832751422408,0.8540042940512429,0.5031183671625095,-0.06148652874490781,0.06485155128071399,0.06957798286525027,0.08013670837554235,0.005434939529058362
GDR1_2163140315626343168,0.384152953949015,191.14715251466205,0.34843207835452783,125.92826641131732,0.47333200053787666,0.26628112584407965,0.06249216994730869,0.06701711173326172,0.0771302198689239,0.03345568444559877
GDR1_2162936665453858432,0.07750764336026786,10.790611982995351,0.07538017082249439,1.1022507836265052,0.910727598092067,-0.09095180211221468,0.040126351978698106,0.04290887759871111,0.04915044086517702,0.015298498001634703
GDR1_2162126325384584576,0.22096959651222337,1.1995318282592613,0.20139017378880475,0.8532845566649009,0.7882942599627597,-0.022712168019222302,0.06492684633255334,0.06965262334424835,0.08021001710504916,0.022982457695169097
GDR1_2162221536218867072,0.6028906230031847,18.995635170331266,0.5246654082652806,0.9475128014852151,0.3861002625297746,0.0393850269933367,0.06494905719407175,0.06967464124525956,0.08023164235986677,0.015138862951351148
GDR1_2162946526698717056,0.14998973982174388,9.569722650362934,0.11620327257228072,0.9031451178653107,0.7788451353890751,0.026099688425870578,0.0715469373995898,0.0767838260042982,0.08847079488334779,0.023602933296916897
GDR1_2163136742213531520,0.18186265241632682,5.499372497373976,0.15069448996022458,1.217990376958686,0.7093887572288495,0.2185160419484647,0.06244216676457817,0.0669675295973766,0.07708149371195058,0.009516250445833542
GDR1_2163136364255498624,0.06227569008213881,8.615267332984464,0.05192684873165021,0.8936032553953769,0.9427829866339325,0.3785815818845355,0.049214931721166144,0.05270592484714653,0.06052491525256152,0.01627203893248598
2MASS_J20510663+4421407,0.5366501168903007,1.3974247735885625,0.46626150433088415,0.581954444149615,0.4212279555452859,-0.028496854183791706,0.06247239851314327,0.06699750674622117,0.07711095328246058,0.008795557534264583
GDR1_2163017101601143040,0.09565319674377484,18.517899925789894,0.09471045132210282,1.057187610639691,0.8971669370475381,-0.10577820458330144,0.06060741273679869,0.06498700949472323,0.07477818640259117,0.013840268140554996
GDR2_2162951684957670144,0.09713496497864237,250.0,0.06867418954351576,87.80071304079061,0.821293636168853,-0.18448134507080344,0.051472204242063994,0.05514344023342535,0.06336296622435485,0.007480761343510075
GDR1_2163138601937119360,0.28359138767575903,2.4248942512376948,0.23697009439748623,1.69355363781508,0.6933403472430967,-0.25791377992408415,0.062472296320549105,0.0669974054140653,0.0771108536995874,0.009987324260824267
GDR1_2162078393549548288,0.08663892267924071,0.5518872465277158,0.08647826041003857,1.235768149350822,0.6688696032227105,-0.0929082617032507,0.06495958427644948,0.06968507689225496,0.08024189193951026,0.004361243757579106
GDR1_2162948141606527616,0.10276142134686823,7.033223011417497,0.10035165731563653,211.01752396179336,0.9189828557259166,-0.30361965507644445,0.06479158465188022,0.06950203332476615,0.08002560108560879,0.021771901645913222
GDR1_2163138116611233408,0.13085196305603128,8.85967772606117,0.12965862136233613,1.1236049055128912,0.8119699253192678,-0.07232499811382395,0.06233745039062969,0.06686369596258804,0.07697945419711748,0.030811348117489232
GDR1_2162938074203123712,0.5678909855844085,7.268239032798977,0.434670704087962,1.155715807830799,0.4337714085958486,0.4152459339857391,0.07549551863553641,0.08104248561565432,0.09341345017016293,0.030403489556584937
GDR1_2162127974652045056,0.18625082505282764,4.14011553957902,0.1641640781026356,0.8036710459591853,0.7719764668549446,-0.02421886872932005,0.0655160421853147,0.07028684214030737,0.0809438441325886,0.017898836993307632
2MASS_J20511262+4418454,0.045442845041704726,0.5923991976895105,0.04530590680336344,3.173646375871295,0.9120008395917325,-0.14384332113791481,0.06377820415259579,0.06840058222939413,0.0787294290163517,0.013838350474564482
GDR1_2163144541882323584,0.23157181157341455,4.104015137835293,0.20910400983231053,0.8021461144817803,0.745062235911415,0.48641880545932265,0.06259012916473883,0.06712943435578282,0.0772742245099522,0.017923306784728494
GDR1_2162947798009095808,0.13924936232658758,1.1119110718397691,0.13706040077861906,9.683854603705207,0.8113391643060103,-0.21147385156673543,0.07167985171504504,0.07691550006764454,0.08859993705778281,0.008154833457436252
GDR1_2162949378557095680,0.20841178066766902,1.1705805296973057,0.1939752677783016,6.730086654581448,0.8280895027117297,-0.05254973599104347,0.05081158426656593,0.054438989243555634,0.06256099041855219,0.07272753749600344
GDR1_2162940067068027392,0.39325006925170014,21.916791033608835,0.11286804478464761,20.583378573558488,0.506885267996522,-0.11554604180592588,0.05049465628080259,0.05409574224208279,0.06215928242893613,0.011628496359106509
GDR1_2163135573981345280,0.4678125347904841,5.529332057656912,0.36839787107068356,1.216895140473136,0.4652233820507264,0.19447466801237442,0.06518987793890253,0.06992997735180963,0.08051916456288018,0.009445448018105198
GDR1_2067069937403328128,0.13885927463414793,115.05598312370707,0.09010959259599377,13.055926460006969,0.8362540098485396,-0.16780930752750703,0.040357928411899904,0.0431615750806,0.04945017882509169,0.018546750932920887
2MASS_J20505543+4417461,0.1674076065507877,0.901540681529933,0.16586940753358925,9.370923785241644,0.8101752600451981,0.17797395323247414,0.05523617343188581,0.05921033588374308,0.06810232793783548,0.013782499379621954
GDR2_2067027228235955584,0.2950573580731436,5.615449049902626,0.21543793242774692,1.2124601418708487,0.6987346227055323,0.0122996769755236,0.06476823220540813,0.06947888322228897,0.08000286272965713,0.01604118944354734
GDR1_2162989510731974016,0.31339156234735127,8.230999823334924,0.2840126079028237,1.134595274557999,0.666877858179725,0.5924413639311088,0.06128153860911901,0.06571287380345096,0.07561867503445681,0.05929634196938738
GDR1_2163020881172468608,0.3997599308909871,3.276084898717014,0.33654318209529904,0.7645330490567465,0.5414205026501429,0.23542279744165673,0.06053042728577039,0.06491065819817966,0.07470312299881918,0.006063347100793046
GDR1_2162939208074518912,0.15088406281579111,250.0,0.06802875887243122,0.9094166226070274,0.8136795971517392,0.5171296856882062,0.04076453275195917,0.043594336294236376,0.04994134283252249,0.06677362059807582
GDR1_2163148596322501760,0.052735251368026224,31.9072007562635,0.03608116011667238,84.16050659803663,0.8532143138274375,-0.3852343810311182,0.06270224998200775,0.06724060913967839,0.0773834758446212,0.004146240893526909
2MASS_J20582381+4353114,0.17812789754549527,41.66545507268604,0.16780147001009965,89.59976392202053,0.810453276606121,0.4802873034077813,0.06516709970476557,0.06990739731241309,0.08049698792011707,0.040614771967770295
GDR1_2163144473153865856,0.3210965901160611,10.621232087814507,0.2778035498353391,0.9116629834959018,0.6627870174478294,0.030358752489889368,0.06247129738431716,0.06699641488871519,0.07710988027364096,0.026345048672150633
GDR1_2162251394832460672,0.7156493336541675,6.431558992790259,0.5715385153802512,1.180450978152226,0.1552577367433946,0.1803249424219737,0.06061793120140613,0.06499744137246047,0.07478844240569912,0.009211608226079304
GDR2_2163139804529410944,0.20127951171091202,0.9128929550336619,0.18529930576883416,10.790611982995351,0.7906503511423998,-0.024909726769418553,0.062448382131829065,0.06697369261221964,0.07708755030337028,0.012404196123103317
GDR1_2162886775113495552,0.1191403660107537,4.90179309050564,0.09670694406389058,1.101642811390678,0.8523987544075043,0.22058155846525443,0.0755888221503896,0.08113488087511689,0.09350398859696243,0.05683782520810742
GDR1_2067059732550905600,0.2562894056100382,3.0938359927379504,0.20633613259662506,0.7541655159994702,0.7036261539759984,-0.0662734398043177,0.04015202823134066,0.042940000462589764,0.04919365159472322,0.01414646191308005
GDR1_2163149317877028224,0.07744644431729705,0.9035471196438168,0.0773438537558063,74.85061548357119,0.8866618176798672,0.4992151705135336,0.062480858312377416,0.06700589532027192,0.07711919705266702,0.037350197368913034
GDR2_2162926254452857472,0.48555900648992373,8.743228892173807,0.3916857983405489,1.1255236831565065,0.4589795685941885,0.02817629254548458,0.06573613505420328,0.07052194775566814,0.08121219236861998,0.018742773562005443
2MASS_J20512139+4424054,0.0953077356863345,3.573061698125612,0.09188413013776153,0.7796556308683844,0.8784083510459302,-0.2480327270351282,0.06254327691878149,0.06706778867683597,0.07718002242633681,0.007809850596611503
GDR1_2067074301079809408,0.2463975833785613,4.752594487428073,0.19349434043604333,1.2622982955416278,0.686107365212561,0.13687332051420611,0.05590285210789447,0.059906903582292136,0.06886560324359495,0.08062809479696309
GDR1_2162965699433784192,0.09024795675948895,106.16934447654826,0.08705268479215993,0.9096203796852899,0.9231738191088367,-0.122860325643239,0.06235438536375269,0.06688048808650801,0.07699595603083619,0.03340281098060583
GDR1_2163156052385630336,0.7519093561873511,9.547218333188756,0.6314630472461813,0.9029442510887266,0.23915235654477096,-0.08160466078973003,0.06243393265595491,0.06695936485236988,0.07707346996778225,0.022112039432538838
PSO_J205647.351+434127.587,0.04528493931425997,0.6009406190940284,0.04488846466600333,0.55514022841163,0.902250739549946,-0.1009072885343116,0.06497519736509737,0.06970055439396097,0.08025709351557898,0.007515080214594964
GDR1_2162924673904534272,0.1414455944541524,118.41887778030338,0.11477278824653592,0.5517368726171876,0.839734561030945,0.43827011588659104,0.06517387756984148,0.06993083749496758,0.08055699775849452,0.04641087378908596
GDR1_2162946767216898432,0.13041078076502627,0.8061279849238034,0.11681188887157587,4.158665867994392,0.8049311822914333,-0.13120033213130303,0.043687295939346324,0.04676312622364976,0.05365801456397338,0.012541115820390593
GDR1_2162122339654917120,0.26969592160398426,7.152707035972966,0.25124556711165025,1.15869173022514,0.6870384469248401,0.4293499754172435,0.0651528495898258,0.0698932712196344,0.08048311424144865,0.017603371156526028
GDR1_2163144644952565120,0.1108572901950739,19.877914103665116,0.10409370006526072,0.949620158601988,0.8849063081650892,-0.12236451376324166,0.06244156267828521,0.06696693059958875,0.07708090505809752,0.01213703133803201
GDR1_2163135367823138944,0.08067202462304389,93.89242691968781,0.0782676038149694,66.294780717726,0.8995257054854455,0.32639221499552057,0.07185845114642539,0.07711297641334683,0.08883899446350885,0.039841447403936386
GDR1_2162932851524210816,0.34369939591862103,6.588110785293351,0.34335561157264083,6.5141155044236045,0.6138814496657115,0.7039462495893466,0.039983689280551925,0.042755944681445536,0.04897459478397598,0.029325598535249107
GDR1_2162976419671618816,0.07184915092230246,65.22962318607287,0.058527579710470734,0.8991446871681449,0.8861338655532975,0.4008517980277287,0.061181954209798765,0.06559965783321249,0.07547536817539882,0.03476282377577049
GDR1_2162221639298015872,0.13973251673157971,182.43071191747575,0.07054498571410923,0.5726448635790148,0.8913728545567826,0.07509568927625512,0.06493352033881225,0.06965923936284928,0.08021651513026982,0.030700833836568606
GDR1_2162951749379088640,0.25966243008166645,7.285653935475487,0.23298276866868384,0.8771917714784377,0.7272768524699164,0.06174094176048342,0.062382620128194094,0.06690848476399287,0.07702346884422474,0.027255939281704493
GDR1_2162904161141389696,0.19138320579264406,8.745172010390942,0.15571624677174845,0.8951795395538057,0.7158902172121697,0.5134096096944759,0.04172485515790278,0.04463195555092184,0.05115120866845892,0.04323311004504972
GDR1_2162956903341232128,0.06774329353550775,0.8863845671434731,0.06579874543056081,1.1546009962219093,0.9148618968212361,0.5630318833207836,0.06264666046338578,0.0671854884742339,0.07732930852928065,0.036084312030355684
GDR1_2163136746511218176,0.28276576243862467,6.84353303886362,0.2365246693640922,0.8704213420537362,0.7181476298861764,0.14840045999416832,0.06255576343096284,0.06709535889245585,0.0772407390711125,0.02918331125385978
GDR1_2163149661474923520,0.08129116476584229,60.37907354656238,0.08041093344129746,0.8053284513977168,0.9517600407485026,0.08833447359857723,0.062066417561525096,0.06662547203811382,0.076812892461289,0.06596244390142313
GDR1_2162948107246789120,0.45119681165144004,6.7863357623442555,0.40563778239723364,1.168895387399113,0.5091873288223048,0.01343892608494143,0.06481023296192065,0.06952052009749209,0.08004375912634837,0.024316978278191684
2MASS_J20475581+4329019,0.07704099154885172,1.1670391735927426,0.07269591692979066,0.8057496987729384,0.9296843382924853,-0.01871885547554755,0.06492486027886542,0.06966726941982057,0.08026115591318697,0.07228772449697304
GDR1_2067062618768745728,0.25771116281631473,9.480335991080453,0.2431485629585194,1.1143526595488389,0.6982199160869714,-0.05821526221547529,0.039303284188763166,0.042025197861961155,0.048131544829451804,0.01696604713558671
2MASS_J20522880+4418297,0.38409814333745346,0.9067760633247606,0.3757439653083921,1.1109982325762475,0.5953235365527495,0.30249472192608146,0.06259752663844574,0.06713676936543274,0.07728143254175127,0.038296737790552655
GDR2_2163136059317926016,0.1467321735727644,0.8066084675227408,0.13461192963706353,4.223561238599741,0.845292814547522,0.13443653392284735,0.062466545691915454,0.06699170320645464,0.07710524993159415,0.019692126742014003
GDR1_2067026815919131392,0.09167543028701064,103.31421126915043,0.08888580907028305,79.09967566028192,0.8921668809617347,-0.14004973345772162,0.06462829801138138,0.06934016288367048,0.07986661179226276,0.03343625504512912
GDR1_2162126187945624704,0.17616757693215818,250.0,0.07931089073576846,98.29888948300069,0.8029636008967805,0.2927479939902208,0.06492478409126698,0.06965057902198267,0.08020800924392169,0.037702268370301946
GDR1_2162933882314931968,0.36995281243151024,6.63115349462131,0.3086872899576523,1.1739654327925546,0.41250403016996373,0.03687253125333826,0.04006991884698543,0.042847207793005625,0.04907710860644545,0.007531275212403396
GDR1_2162121961697794304,0.13898930440974772,200.49366411670582,0.08189423904081616,1.145257431109325,0.8411093727307694,0.24398877622992568,0.06501585029562738,0.06974085442194831,0.0802966753056551,0.05840474040798601
GDR1_2163138288400926464,0.056932365700028735,0.9222246108370091,0.05431045556967439,0.8500104744532185,0.9438842216454479,-0.023716975660443212,0.062393026090897405,0.0669188030039142,0.07703360879348084,0.030735301676401133
GDR1_2162952470933669632,0.298732387679709,5.797807790626123,0.2655113107945965,0.8509012393055726,0.6798335055524184,0.14407420008948407,0.06239598856466754,0.06692174050629557,0.07703649554204278,0.03688894015599619
GDR1_2162951027824541312,0.13366180107197165,211.01752396179336,0.09313561945736196,0.888129708970796,0.8862107944421497,-0.0167196448674883,0.04048804576658336,0.04330229216336808,0.04961451955881743,0.026067744582665916
GDR1_2162091003573281920,0.13346326677706177,32.607706223179775,0.07424622259401914,1.251811136288718,0.8537364671583422,-0.1995948497399393,0.06718157122031232,0.07211225765635987,0.08312224166083018,0.019995399426259063
GDR1_2162975698125115392,0.1340080900265186,103.46366329215404,0.11517610410732342,56.199978638304096,0.7960339436681407,-0.16083681342232548,0.06071596889894922,0.06510886970479893,0.07492943446119399,0.02146196710833085
GDR1_2162947420052773760,0.07202272006424355,250.0,0.04267905800033332,125.92826641131732,0.7283511319329735,1.0141303978056972,0.07176931937059117,0.07737671857223585,0.08987406617845725,0.11473782890793878
GDR1_2067026953358039552,0.4440337819650461,3.570675982123561,0.380474581482252,1.383999543040277,0.5306449464084901,0.031907662591947716,0.06461987369753337,0.069331811720623,0.07985840940737501,0.04110907224398714
GDR1_2163148768121199360,0.10583951513605504,250.0,0.07078727390405386,1.2475583427826438,0.8622441777929,-0.1502548682009823,0.062428147659511005,0.06695362859330421,0.07706783277864437,0.007541721904246841
GDR1_2161843098061857280,0.2505866139854506,3.5456668576321446,0.2309565037282899,1.3873182600440042,0.7045349262710119,-0.03644516599511029,0.06496982698270144,0.06966235053318541,0.08014681912742012,0.0653437726173468
GDR1_2067034546860024960,0.3877651061338214,8.26165514204786,0.3146493769071863,0.8898442572309165,0.5371779700665738,0.09841581144599983,0.0646666179445966,0.06937815018027557,0.07990392250263793,0.00739931073867793
GDR1_2067061691055800448,0.4967921188324715,211.01752396179336,0.08987554364313405,61.290601438934075,0.5034853998645563,0.02689726934797015,0.040834608504799176,0.04367560080344815,0.05004745571540391,0.03188948087247694
GDR1_2162127562335172992,0.29853863648537077,0.7953063764324187,0.27961896574574996,1.3364990548457125,0.6839632851362785,0.08275017515325765,0.06482193175739014,0.06954862102174361,0.08010787070093796,0.013547909267061727
GDR1_2162903680105026176,0.34042685159478847,9.017099354611183,0.2578373531836358,1.1211226506227425,0.628025547764506,0.5265427382700042,0.04023522850246201,0.04302268978077224,0.04927531524005812,0.03937868706639089
2MASS_J20511252+4418093,0.472168564946883,0.8865781330366234,0.4563833125707707,1.1393715264850852,0.45243688883927996,0.03957310550207112,0.06243907686685212,0.06696446572778994,0.07707848275225433,0.009976779712767635
GDR1_2163149214797802752,0.2605279592483542,250.0,0.08288265689243358,84.16050659803663,0.693449158419866,0.0646830841699346,0.06251561650711603,0.06704036096808867,0.07715306789675928,0.032814332124454455
GDR1_2163140315626346880,0.25312925579706474,250.0,0.12385735879565472,149.04334991629088,0.6928503353263801,-0.10963387841772596,0.06257482931612812,0.06709907574157609,0.07721076990882912,0.029398816780713675
GDR1_2067034237622346240,0.21257045035174585,250.0,0.13906435798561256,4.6754344532673775,0.8715944085250505,-0.053418775127753754,0.06499126090560713,0.06969998205382458,0.08022003323872179,0.10922955454795051
2MASS_J20515226+4418213,0.13174320050182406,0.662699130096249,0.08879106058323008,0.668152331368701,0.8561810230389204,0.038542422776210325,0.06267939332659825,0.06721794521664727,0.0773612038385942,0.028009108608460658
GDR1_2162223086709799296,0.154633473037634,106.01881179586057,0.1406941158385334,134.10379094114964,0.7985119957802332,0.5339192567998963,0.06546852921569585,0.0702397448308759,0.08089759279329267,0.02344341002465932
GDR1_2162946080022052992,0.06454388800535021,1.2049762665969446,0.06433062433616868,0.9285524295369064,0.925229340065076,0.5289828765368183,0.07167914201142461,0.0769147969812859,0.0885992474826564,0.023044815082861252
GDR1_2162872928138757248,0.29067461794456834,191.03616363398575,0.25109870118278144,138.6964754303501,0.709854697935805,-0.5085388453162565,0.06556732744164867,0.0703208562992882,0.08094003252379048,0.08041453696251742
GDR1_2162960820350057856,0.26052828785542603,250.0,0.1843608259508524,182.5521800272541,0.6605692536873258,0.3196633195779239,0.06184070537654679,0.0663711567634606,0.07649545432164667,0.04099642245590467
GDR1_2066855807501721472,0.15176132714923327,3.5960404131259973,0.14572919223644298,0.780590401632656,0.8182842450453309,-0.023623972657024365,0.06589417790402138,0.07069565564317817,0.08142048569102624,0.009622465576257946
GDR1_2162939792190072448,0.37117720547052035,9.037171278558985,0.3191823377681028,1.120813139703544,0.6192932899781427,0.20258675358099307,0.04102941090026419,0.043875037999126294,0.050257396208960727,0.02388102972767978
GDR1_2162940067068027264,0.17348139945571608,1.1835481552062919,0.15014938423982707,6.341149015431255,0.8384625058604164,0.16413258431629224,0.05931848914846025,0.06358457940034895,0.07312446115469419,0.07094093925939146
GDR1_2162227205576431488,0.07901243797845665,6.652886451690831,0.07418566870354372,17.041065792837255,0.9330818265499016,0.014631744102198155,0.039106135993027334,0.04181328759789848,0.04788670196231136,0.0824209150927301
GDR1_2162224147560188672,0.22790758910288542,0.9081959945309552,0.2187080498630624,1.1055525178689034,0.7025192654496658,0.3550870391237541,0.040265281848587145,0.043058183406219704,0.049322888198770135,0.021465625166461874
2MASS_J20470481+4349114,0.07911585980784805,31.838653130425584,0.07107826272542178,1.1125375829330764,0.9111595799876201,0.12492324306354025,0.06623436978490184,0.07105002062578188,0.08180641330240258,0.03180899729498902
GDR1_2163144576233088640,0.0606321558835341,0.5725975236342206,0.059830963943160925,1.1925875464746347,0.9046756737722395,-0.034915086048425435,0.06242840638659083,0.06695388514057597,0.07706808489499606,0.018753929503992718
GDR1_2162939173714801152,0.08709760738323492,64.1981521629506,0.08031264421977842,103.46366329215404,0.939747292624863,0.17524961537343514,0.04000187036139624,0.04280204920320823,0.049082521591927324,0.07034633583136589
GDR1_2162955803828359040,0.09963990685294406,48.1942279966514,0.08069290213833924,0.9373422113916995,0.8631323487456863,0.127072094780945,0.06234453714328181,0.06687072293309033,0.07698635968368972,0.03386376910562055
GDR1_2067032760152922112,0.1474674898603084,6.680736484614524,0.11611745497047579,13.85991278303814,0.8582779620105943,-0.2018581833408647,0.06489874924557978,0.06962477043897129,0.0801826610331901,0.03402648611355388
GDR1_2162931580213813632,0.08060466510025097,222.58683877368023,0.04537819932584561,0.6218910295657446,0.6388990526466775,-0.03998130643442623,0.04005803856942422,0.04283540029999008,0.04906544720959141,0.010079296852885422
GDR1_2162947729289614848,0.13914313951746893,235.49834708820163,0.11945446600721404,1.1432215790226445,0.8137141221753553,0.39213815840876487,0.07240010655127421,0.07767025625166281,0.08943122989577787,0.026068295300068628
GDR1_2162932993257907584,0.07293124088045205,1.1741445390867569,0.06795315645226638,0.7355088983812728,0.9199348787460804,-0.1771971584318581,0.07561682120500413,0.08116260755409727,0.09353115834225881,0.009648034240360582
GDR1_2162122064777006080,0.08510061652280171,1.4370376455985137,0.08389936837248667,3.2576098149574695,0.9401193681441395,0.04253852943579447,0.06563096690940294,0.07040076255810057,0.08105572001198068,0.057692966254364896
2MASS_J20483292+4351190,0.37052260380722896,250.0,0.17351682452328254,191.03616363398575,0.6406015875585829,-0.6920295638104588,0.06946071150020865,0.0745002679573202,0.0857520602129099,0.06848117602246345
GDR1_2162221776736976896,0.11636653856287757,106.01881179586057,0.10779435525451914,82.31514657401223,0.8666928509678871,0.33833835827903186,0.07507767810637274,0.08058291946427168,0.09286205263404161,0.017747860389940404
GDR1_2067030011373814272,0.27238056955218093,154.57809389678428,0.17116349209455742,111.87629617980477,0.7821404537305904,0.05997262261088178,0.06503672136602222,0.0697615443891332,0.08031699664963483,0.056326186728450786
2MASS_J20475256+4345137,0.3392257010610453,1.1984669028074513,0.3272564387194685,0.8538242458989768,0.5203361280137043,0.2660667052373756,0.06471614355260873,0.06942724613940522,0.07995214442691476,0.009571418978909828
2MASS_J20475256+4345137,0.3392257010610453,1.1984669028074513,0.3272564387194685,0.8538242458989768,0.5203361280137043,0.2660667052373756,0.06471614355260873,0.06942724613940522,0.07995214442691476,0.009571418978909828
GDR1_2067128795623856256,0.09341833477433466,250.0,0.07644684016354743,7.193411379717558,0.8556209820265287,0.30545409302467047,0.0705441540528082,0.07583183666940954,0.08762854570643923,0.012308134455924283
GDR1_2163169761929937280,0.14291074860905803,250.0,0.08989691794272135,1.1412933058097412,0.8117446057427015,0.3944195386168013,0.06281412178361973,0.06739769052416972,0.07763999057747584,0.040023697159262135
GDR1_2163139804527939968,0.3433806560538379,6.22448359083773,0.27723945931638194,1.187355735820126,0.5982993492117571,0.10805548316865068,0.062391586798598395,0.06693257096528568,0.07708077297809872,0.04016652869050187
GDR1_2163140453064444544,0.17202009995781953,250.0,0.14809288794904324,143.76550140029855,0.8308689487317771,0.25261915755231185,0.06262441474355242,0.06716343048408244,0.07730763221236399,0.04342232147237254
2MASS_J20505838+4414444,0.1216269300790299,3.4224571213602113,0.09575119629034089,0.7738597517245508,0.8610274234971073,-0.12049622910901524,0.07165325745464408,0.07688915380919921,0.0885740971550639,0.008710201613969445
GDR1_2163140281266601728,0.10011191250562772,4.44555224809608,0.09796441068345027,4.421345313718585,0.8346602633492676,-0.045550630680943116,0.06244975926433957,0.0669750581456964,0.07708889225770786,0.019362174707956342
GDR2_2163137120170654720,0.09523855717601074,160.85371518038605,0.0845774625775669,49.97393905873302,0.8739534406535364,-0.24202044567396072,0.06254159601094776,0.06711199691915887,0.077325002978486,0.05510884826069424
GDR1_2163137360688842752,0.12973996876544083,250.0,0.041624553209475265,5.5672436951149225,0.8366923760364444,-0.022970037848265342,0.0624088970797785,0.06693454022496713,0.07704907412831591,0.012746827211753804
GDR1_2163143481019730688,0.2132202897395203,6.3115745729629555,0.19254505131628552,1.184584162335233,0.7568968596498877,-0.13403811999062687,0.062430219084653536,0.066955682566658,0.07706985127744706,0.032086858160802784
GDR1_2163138597639123456,0.10128551821144312,57.800219168234754,0.09337526011333523,50.59674942699856,0.8981539147488576,0.7170925506974046,0.06303430818754013,0.06758514651633761,0.07775587615486367,0.057718258407240125
GDR1_2163139151692568576,0.3126231622564201,191.14715251466205,0.08938876134055176,118.5725175096208,0.6246197608147127,0.12327097800947588,0.06255548395947146,0.06707989305095798,0.0771919180237942,0.07054657496559298
GDR1_2162948691363126144,0.09837542686280568,200.5914551690006,0.07039542901884858,43.080207663899714,0.8619658701084978,0.6138215391285251,0.04177854288287947,0.04470996944831482,0.05128309827836185,0.08630880670844493
GDR1_2163144851111005056,0.1385945364103791,182.5521800272541,0.06990080249092344,77.71629140056233,0.8134175291426107,0.3683175310056652,0.06299732908971628,0.06754847923147046,0.07771984330177766,0.04068918894855536
GDR1_2162930652500328832,0.07455963934582704,8.524816321607469,0.05874643789380278,1.1292303690688894,0.9105798325538467,0.004334394687484949,0.03996330184841989,0.042730141541079805,0.0489367778671881,0.016855193002394936
2MASS_J20523394+4429168,0.5464894477771146,8.615267332984464,0.4567713703197781,0.8937999872656999,0.2916550467353051,0.02831569449578791,0.06243774001906095,0.06696314014146276,0.07707718005801192,0.008445860053699983
GDR1_2162939208074527616,0.12576993419075505,8.745172010390942,0.1044005011207679,0.8951795395538057,0.8953736865702596,0.38976386450439254,0.04092082610165302,0.04376128274065379,0.0501320618990101,0.08977530728793146
GDR1_2162966146109606528,0.19933715613114758,4.545090001979585,0.15466430924825494,1.2773907190442269,0.7875425717509689,0.22788448280877394,0.062362044225975195,0.06688808235649711,0.0770034190346112,0.056033342835017354
2MASS_J20564400+4346000,0.34705718290375354,1.3221008839953343,0.31722577239488897,0.5693441773516424,0.5361735712022242,0.10947338590121254,0.0651494673569622,0.06988991842666795,0.08047982136386321,0.015061133966143246
GDR1_2162135327636039936,0.29088822241432033,210.93634990510398,0.11609948347594388,37.42957336981835,0.6866816189863842,-0.42821523129396766,0.06469563500015497,0.06942342417549968,0.07998491071302807,0.04850564967641633
2MASS_J20570162+4341387,0.2152664186831532,0.7478687958438732,0.1891126261354155,0.5994285277735598,0.6437208678305392,-0.06722968531268515,0.06508988641690545,0.06983085631706208,0.08042181505882044,0.01131573974488305
GDR1_2162239506362783488,0.06368740070242435,12.638092811855758,0.06199014569073343,11.493206500160914,0.9293931474594733,-0.12621662675776507,0.03916845694059266,0.04188053055583933,0.04796492130818944,0.02277659010841644
PSO_J205818.503+435346.014,0.2450130358092752,250.0,0.07730279390059434,125.77421670489605,0.7338850409986445,0.08779041384532366,0.06474156106779416,0.06946895005569928,0.08002962284944384,0.0413606616594539
GDR1_2162221673657763584,0.1903919708745325,6.446772245651842,0.17690717520264615,1.1796164940321618,0.8604817411091007,0.10876145015183783,0.06544528368547863,0.07021670275753375,0.08087496475761452,0.048418488805646955
GDR1_2162235726791704960,0.07916597358478067,3.141719317746111,0.07694879063049623,1.1915374991475831,0.9642041206307456,0.30987094683723937,0.05050240088303304,0.05412246835074976,0.06222787209599964,0.08361257749100615
GDR1_2162235795513138560,0.20280358874911306,56.092664659962146,0.13154978556920044,48.67651678201953,0.7865353734533218,-0.06806767266944035,0.07598712381742784,0.0815524544652333,0.09396425464394563,0.024746607800246033
GDR1_2162231676644797824,0.1029096010600272,0.8387927498138132,0.08915966991157931,5.278756079854856,0.8046662292755357,0.09836521249266596,0.0753508566434198,0.08087625162646313,0.09319984057660552,0.009328358899831522
FHK_8,0.4724717927220589,1.3336183454122057,0.3928423802150523,0.7980464845491627,0.467247087511994,0.14586244393803358,0.060386321399077215,0.06473959602415927,0.07447261467667443,0.01879792424634779
FHK_15,0.1045037002569486,250.0,0.08378532830881578,22.52478210871225,0.9170863581484111,0.3440814917202933,0.0625219498972384,0.0670466410681679,0.0771592396405117,0.023448444978006765
FHK_21,0.07713786092281712,174.69689679726775,0.044394382377198345,118.5725175096208,0.8969788915133429,-0.16172796175715595,0.06245937272773948,0.06698459064517423,0.07709826016632156,0.009097294209946169
FHK_22,0.08334853936073056,182.5521800272541,0.07800255071660173,36.496538232819404,0.8988103935094082,-0.14260772655308734,0.06247918603140457,0.06700423711796573,0.07711756747321993,0.01085626997550556
FHK_24,0.08170431241730211,3.2240521420866752,0.0709813112815898,1.4436372344804498,0.9064341364131006,-0.04268772271678268,0.04034455367211623,0.043148282862639824,0.04943705224024261,0.019249132298435466
FHK_26,0.3567952833722357,13.704636645102322,0.2825865788177844,0.9294027056701561,0.6488829988081418,0.1327783673813873,0.06242257389394608,0.06694810178939134,0.07706240143325528,0.028136081706705895
FHK_28,0.32268291363997625,1.0530742956270078,0.2228133181102816,18.774808223488236,0.637760698486838,0.05424610212868282,0.0522248050331359,0.05596069885627847,0.06432375931820379,0.012081719964463864
FHK_32,0.23836447127920668,211.01752396179336,0.18759612927530325,65.22962318607287,0.7387325634929262,-0.46857775077595304,0.06241321911100691,0.06693882583348572,0.07705328570430267,0.022280570590935907
FHK_35,0.10871219273455554,79.23302012848106,0.10086239162096959,6.1677460258366406,0.8891105192676295,0.22739616578559668,0.06276411177624443,0.06731723222898914,0.07749260339534453,0.022760282045924406
FHK_36,0.3178697046066887,31.172234287671092,0.2012689887182741,34.047915786856834,0.6723642199752009,0.37185619249257185,0.06250630880705907,0.06703113159315809,0.07714399777858721,0.057117785850019316
FHK_40,0.19237952423823032,6.5245843293751955,0.18163931964234872,0.8650429207348485,0.8153791890348335,-0.1775783811268132,0.05482194122167121,0.05875343831871944,0.06755092548939845,0.017880272058494913
FHK_43,0.11565870404636683,4.638563420470115,0.11252564201801007,0.8207960008787125,0.8831585199982136,-0.004545653934578636,0.054562697966507416,0.058473623444109536,0.0672254568542004,0.01734375031588612
FHK_44,0.18631001026559396,2.207354572399734,0.15717798805376815,1.819550831167784,0.8109366472117661,-0.031285445085537204,0.06249454555776756,0.0670194673476776,0.07713253482823645,0.020109216166139244
FHK_45,0.20422763837963534,35.229730743007565,0.07713592236217776,31.9072007562635,0.7273756268691969,-0.10164470789148058,0.062435666306106787,0.06696108389767629,0.07707515932500493,0.007435349395118315
FHK_46,0.5740278128060218,4.878227901262148,0.47328998254946214,0.8279941458308299,0.30022096909689566,0.18142150480160746,0.07165116461364698,0.07688708048805173,0.08857206368676082,0.0074126636567757465
FHK_47,0.1216269300790299,3.4224571213602113,0.09575119629034089,0.7738597517245508,0.8610274234971073,-0.12049622910901524,0.07165325745464408,0.07688915380919921,0.0885740971550639,0.008710201613969445
FHK_48,0.42394407489440067,7.220862551658569,0.3656631946937975,1.157233886079025,0.5610013054915802,-0.024166562426455995,0.062464144834776435,0.0669893225660251,0.07710291039103574,0.01327144913380724
FHK_56,0.5708918998925406,7.0576762141666585,0.47925787290126604,1.161205812765984,0.33145409318066593,0.17899587743010778,0.07187865880670673,0.07713299507895692,0.08885862725058624,0.013952948984991363
FHK_62,0.5399576621427866,0.8854180041277956,0.5006186601917901,1.1412933058097412,0.397491776043415,0.012457041955958491,0.07164338896092193,0.07687937736274661,0.08856450863551012,0.00960212170175407
FHK_67,0.2132202897395203,6.3115745729629555,0.19254505131628552,1.184584162335233,0.7568968596498877,-0.13403811999062687,0.062430219084653536,0.066955682566658,0.07706985127744706,0.032086858160802784
FHK_75,0.1050985287275581,250.0,0.07576937284966609,4.188700409152967,0.8288658249624723,-0.23865356663684625,0.062426655996885266,0.06695214949828229,0.0770663792298527,0.007888862965230434
FHK_79,0.27281802946028383,6.609562065148813,0.2242766536374165,0.8667049592427741,0.7032805992621747,0.22387018582417015,0.07165858572156927,0.07689443238174083,0.0885792742676287,0.015908646500503866
FHK_82,0.41286565284962745,7.169853297469825,0.40128132123687116,1.158224318185959,0.5415476112917973,0.4448481806082776,0.06242419618671462,0.06694971041317425,0.07706398227240067,0.06099242254357929
FHK_86,0.5158711883398253,3.840051246927423,0.4403448648131045,0.7916661455625676,0.4839201361269446,0.10122123192231995,0.062482128687635176,0.06700715500066988,0.07712043498960086,0.02114195229573357
FHK_98,0.09548376208113037,2.691783209274762,0.0822918398958683,0.7276715030768938,0.8970311938016787,0.3803036965148341,0.06277055908441388,0.06732362497950382,0.07749888523198048,0.033676525356592546
FHK_101,0.14546191613865872,182.55118311718255,0.13774670532280128,8.99694083622924,0.8793312674913631,-0.07705652889948178,0.06224217974094369,0.06681513995726406,0.07703333970952865,0.06436373179424987
FHK_115,0.26867457535472167,6.292011060769418,0.21649269771167373,0.8608243081009507,0.7093870585485773,0.005674124979552212,0.06266154892678245,0.06720025132867724,0.07734381599220513,0.013279157164520985
FHK_118,0.760277328564897,4.416535527230109,0.6190689284812205,0.8135588683402495,0.11365685490964816,0.24354151109054611,0.06244325847423187,0.06696861211115518,0.0770825575322613,0.010309777492830572
FHK_123,0.09328588371604293,0.9487325053844858,0.09018068617726605,19.496086020110877,0.9170091572529424,-0.16139223648449755,0.07302179681529856,0.07837038285954437,0.09030392047558156,0.03189954309780708
FHK_127,0.531917043552378,1.356962746469088,0.4905034795431369,0.5748696462508005,0.4395211087721642,0.03701844013138673,0.0959007892934316,0.1034378124428962,0.1201691993498531,0.010031587374708053
FHK_130,0.3220181930910142,8.214345951571262,0.24717409684533262,1.1349124451868584,0.5843234988187506,-0.005427432256361047,0.06247581208582763,0.06700089157813106,0.07711427968364387,0.0070598206451841375
FHK_133,0.7694538890576772,3.7722587346534295,0.6152632347241338,0.7887438690653018,0.15409875355498792,0.0854529911088212,0.062437027753114015,0.06696243387565716,0.0770764859891349,0.010424188617510375
FHK_134,0.3259936995786412,6.242051875309272,0.3197749804175417,0.8599661777564873,0.6086663137556902,0.2577065063966013,0.08855432404099506,0.09535841689504704,0.11048872372391563,0.019525717280170614
FHK_137,0.7242686346432929,2.1754194557133077,0.5630430560029372,0.6837948156248262,0.2455775808342626,0.14247172791852136,0.062445595407190885,0.06697092935974824,0.07708483476604532,0.01454548372835691
FHK_138,0.29921545390729265,6.421386329003201,0.26358698285355614,1.1832032220750346,0.6985750578168695,0.18570330264458113,0.06244637536586497,0.06697170274885145,0.0770855948003109,0.026638907331919457
FHK_142,0.04268853215297562,36.82760438119742,0.0400425146050175,191.14715251466205,0.8904049387819742,-0.4899361785763663,0.06250195703632719,0.06702681644656662,0.07713975709734264,0.004195797221486862
FHK_146,0.10746161487655127,47.628829600931866,0.08285258922809058,44.01430309531518,0.8750612331854497,0.48994086648189217,0.06325534372490776,0.06785073344216043,0.07811960272677991,0.019080215627158573
FHK_150,0.8324784051930689,1.9058203052605305,0.6812003384610846,0.6546842105877341,0.1198571016334133,0.12785232436462493,0.06244270585349363,0.06696806414532827,0.07708201902899356,0.012319890577406631
FHK_153,0.1808115360846293,4.154410343904903,0.14209384929190244,0.5674752123176251,0.7966730719084313,0.021764816450060925,0.062490584109332975,0.06701553924401864,0.07712867451957493,0.011744985505060137
FHK_155,0.04848475282941866,3.7000616987028834,0.043695145380820415,0.8831068310318513,0.9446047241865514,-0.20817036489571653,0.047440872622605865,0.050790889075850255,0.05829638790853854,0.008349459737889673
FHK_158,0.1988246429767527,1.261905941062194,0.1798555004178363,4.758164547142576,0.7394578198355893,-0.0818607750648907,0.06263622378748888,0.06717513986506354,0.07731913897213685,0.006294217307619669
FHK_163,0.16868881504912642,54.68595864493645,0.16787177391125757,64.1981521629506,0.8038272770499597,0.730044314492756,0.06270160444675943,0.06723996904685964,0.07738284681927464,0.026344706387669992
FHK_164,0.24230363620991302,0.9100281678783223,0.22020944015848584,1.1055525178689034,0.7424111892945936,0.46926374818610833,0.06244317274499082,0.06696852710403806,0.07708247399308764,0.02466748634266543
FHK_165,0.05018408615478865,235.49834708820163,0.04724121796324996,182.5521800272541,0.9428606698785552,-0.09644248283457113,0.05234942400791021,0.05608439480528703,0.06444558913488216,0.007376069817003667
FHK_172,0.5868574410979482,3.535720408626076,0.4639104142880085,1.388820057258084,0.3501411970364657,0.33247950083074385,0.06244011713173993,0.06696549722974693,0.07707949644102494,0.01491205002565858
FHK_179,0.0909803236812071,191.14715251466205,0.06853120338919383,134.25701682316483,0.891535976247431,-0.07183895702391802,0.05306767172807088,0.056880665275852164,0.06541475545305134,0.023911818639234955
FHK_181,0.2370740271567162,211.01752396179336,0.1304483516325901,12.878635565947379,0.7516133287940805,0.11805940206262648,0.06239836611203496,0.06692409801352968,0.07703881231776173,0.017645343133428457
FHK_182,0.4602242578072114,0.8850319689008562,0.40968120668062036,1.1419353403806205,0.3855888291930691,0.19579281871903154,0.03942352080461971,0.042155440587697816,0.048284092141091126,0.009463477620069239
FHK_183,0.506093654468698,3.2113011864287797,0.4191716870508715,1.4462085100674518,0.3396589291818168,0.10778210330263192,0.062438388330166045,0.06696378299123669,0.07707781180611115,0.008406019426933255
FHK_192,0.6765109287193373,7.229315899809352,0.5325698561079304,0.8763652678719751,0.18597855155510276,0.2860346966187988,0.0649259857408364,0.06965177023023768,0.08020917920650224,0.011789972235006111
FHK_200,0.5430684974006601,1.4329369802862646,0.45044983498911156,0.5880232835199688,0.3666485344420128,-0.0682648272841232,0.062467543483202256,0.06699269259592432,0.07710622224036258,0.006607205105449762
FHK_203,0.06763635426322949,0.9159824529253767,0.06545355159154988,10.906565442770127,0.8999130751493274,0.029952722223969438,0.03999128426015412,0.042763493170754105,0.048982049965322495,0.017298234494587093
FHK_210,0.08042665256771117,250.0,0.05988795260062461,0.9454185337568285,0.8951428138649127,0.25148134183494225,0.062311828693719845,0.06683829045536233,0.07695448798682632,0.05753143701481848
FHK_213,0.14488026800043746,8.937695418499297,0.12348354221948961,0.8971577322141989,0.8332527994739293,0.05822266095738357,0.062376781967844255,0.06690269582540224,0.07701777994280468,0.021148864569988567
FHK_216,0.7453395109527697,10.649091830785405,0.643141618975323,1.100159928638653,0.17096604038933835,0.12094207784279039,0.04019657972581107,0.042984278211653924,0.04923737989364234,0.010985937098055029
FHK_217,0.5326313424800019,6.441763938480225,0.4438729031980263,1.1797649166283997,0.36020579251636836,0.13597254044365786,0.06243916998952719,0.0669645580660175,0.07707857349586864,0.013459291589996902
FHK_226,0.8523845871481462,8.977221807130642,0.6998100876356116,0.8975544203618187,0.1364481347133468,0.11011482930444615,0.06236994114452784,0.066895912682622,0.07701111402610204,0.016457854859248836
FHK_234,0.09033460811764393,1.3017033351517817,0.08498836562058444,4.316628779146503,0.8795810083085416,0.40474675276957156,0.06541799116341046,0.07018964919498272,0.08084839744177734,0.022702439768465702
FHK_251,0.34268001091999173,4.116498968066785,0.2745725354588429,0.802621860714101,0.6038816379363717,0.05273046134640773,0.06247128319914644,0.06699640082298215,0.0771098664507256,0.009779090133424977
FHK_253,0.04784147677755688,0.9493980896141139,0.047736584748979294,0.9382086688456898,0.8953020588423539,-0.3182309066672929,0.06269334751958629,0.06723178173728278,0.07737480107869256,0.005509999277458701
FHK_255,0.18790316681247968,2.3262444668902043,0.15900190199028236,1.7452432049141975,0.8010245478777307,0.03323537092995267,0.03998718917428626,0.04275942315047143,0.04897803025320779,0.03450048844497463
FHK_272,0.17286943368936036,174.69689679726775,0.07626276966505206,143.76550140029855,0.782494348606803,0.25696477774437476,0.06240036095435885,0.06692607604203779,0.07704075617198332,0.013723789001988344
FHK_278,0.298640467726088,250.0,0.09919456595624884,18.645806724513356,0.6748076322306811,0.1245374970136099,0.06527202012501404,0.07002812249572969,0.08065253800618892,0.008667220706669336
FHK_281,0.7228527372615152,2.778363005585506,0.6521192544784931,1.5553567647991426,0.19908986102759166,0.27095143323218485,0.06245755854029712,0.06698279173583338,0.07709649231611143,0.011762676881111492
FHK_282,0.7284322382705675,1.453457054191017,0.5991464345438676,3.1761292021249754,0.14810495501785684,0.08457805780655837,0.03992205497832425,0.04268914671495668,0.048896288942258205,0.007955785134643139
FHK_285,0.3251498879057731,222.58683877368023,0.11758364081228243,0.8700482701794474,0.6435814921205213,-0.0925241640583243,0.03992914260400281,0.04269619101052556,0.048903246274169976,0.038873442053637894
FHK_286,0.5392792058137527,43.080207663899714,0.36372516243224456,38.577310263183065,0.318320128283691,0.2005251945535469,0.06242524921960008,0.06695075457367028,0.0770650083981098,0.010039281477049388
FHK_300,0.12471611077359815,4.675960874922382,0.10980287839224148,0.8217928707857042,0.8788321397256184,0.05327808184517131,0.062408718260197164,0.06693436291238683,0.07704889987883147,0.015091629881079106
FHK_323,0.7269255585792017,2.8890831624137294,0.6173072060292494,0.7413579326043611,0.1328138874862455,0.2170514231160079,0.039914127391091195,0.042681267602929375,0.04888850711603071,0.009550766643966159
FHK_327,0.13709769355063794,4.236699813522004,0.11714962676918883,1.3082367303172495,0.9022030689263616,0.07468054676085552,0.11188093224280632,0.12075199952863697,0.14038758062524748,0.03600765220935905
FHK_344,0.28899994942019247,0.8455045803745623,0.26025096027998973,1.2190490571643384,0.7036384657995763,0.10714227773599302,0.07927015538395557,0.08530707005774735,0.09875336087928417,0.05280399821862643
FHK_348,0.029129989976703824,0.8191399146159303,0.02797473298391635,4.580989590179887,0.9564564975666853,-0.20456864098175567,0.03922650598018702,0.04194354667769342,0.0480390080062974,0.008071305796370004
FHK_361,0.2573126811093423,12.482661553981027,0.2034017311125982,1.0837143817332628,0.5867197892392176,0.36091664967366516,0.03926489528041442,0.041981703713191806,0.04807669916662987,0.032758040806016075
FHK_362,0.13492612003487087,1.696384200654421,0.11797196127176132,0.6280481384446727,0.8452371597603036,-0.19500909141084177,0.03933714638714526,0.04206421264240266,0.04818200988340404,0.024032193837811727
FHK_371,0.5760018456428645,12.64792576544081,0.4826799642196248,0.9243721361789459,0.2422430157110926,-0.01033424727436935,0.06525243016858322,0.07000870362234564,0.08063346725692513,0.007687565654047288
FHK_372,0.5526328671383188,4.1374749852794155,0.423512271151533,0.8035750481562527,0.381335554378327,0.09937255904857976,0.060598314662635294,0.06497798632600495,0.07476931537605755,0.012597151342868844
FHK_390,0.10217719125871798,200.5914551690006,0.059238702082365535,55.43263254041358,0.8599267847893263,-0.14347301441028393,0.06058615909606294,0.06496593085359077,0.07475746319964846,0.011276940782656751
FHK_405,0.1377514023813196,111.87629617980477,0.11890532462640434,84.02294972665877,0.8529426366884875,0.4681726522655773,0.06493447261365842,0.06967679783394723,0.08027051365597564,0.026955064139917856
FHK_408,0.5631414094698145,1.4100200116820754,0.551883173640656,0.7731394596500119,0.40436268682325005,0.19422670337798684,0.07546883283942214,0.08103922676599704,0.09346137715293762,0.013661644701283724
FHK_409,0.4291058643591367,12.919619080386301,0.375542020306889,0.9257997448043225,0.4916960770349775,0.296573705002915,0.03935705914899418,0.04208938292900571,0.04821884470125386,0.05534107750636372
FHK_418,0.31013195977808294,2.6995468647476453,0.263592313481822,1.581235192229202,0.6727507057166152,0.22220433234655546,0.06491152426471,0.06963743442340778,0.08019509910232563,0.014160313886563332
FHK_430,0.6466054495045108,7.294421476721811,0.5387807017296484,1.155386093122876,0.3043839988629275,0.22684158419199246,0.06492596913474881,0.06965175376844177,0.08020916303830723,0.01323979618334685
FHK_431,0.49948436392184903,3.5542929794807274,0.413815435295377,0.7787583128260672,0.42457691231759714,0.022688319556666402,0.03918164131642391,0.041893635235760555,0.04797786614769859,0.008434992563311832
FHK_434,0.20198902831503007,3.773631022782858,0.17434705364518252,1.3552839323379144,0.7919367616695832,0.04109325645701071,0.0651495905775403,0.0698900405746761,0.08047994132901404,0.014157806620068122
FHK_438,0.08487332065075921,1.6448134230675036,0.07852811395769375,0.715750430366183,0.8800172698164397,-0.13042307577373907,0.06492157307165554,0.0696473959042436,0.0802048828996738,0.014978356647969305
FHK_442,0.4619570598936727,4.529032924024422,0.3651343222421421,1.2790914672295597,0.5251306296678319,-0.13432617554659754,0.06502853956741965,0.06975343357981434,0.08030903033709844,0.031144866293975632
FHK_444,0.27024011068077824,182.43071191747575,0.07973746796761723,82.31514657401223,0.5579468935230308,-0.13108249792630733,0.06524388368028645,0.07003402386477255,0.08073307118496055,0.053686861747422425
FHK_451,0.196525170041912,148.89495763028842,0.19173054452337593,15.044083152263013,0.8186822258381358,-0.1019747963079476,0.06503589072260363,0.06976072095242333,0.08031618788216044,0.033038052018615774
FHK_455,0.13632801459832228,2.8738719167162468,0.11265229509468544,0.604258157332489,0.8247219988882863,0.049721399176478144,0.06494994728368397,0.06967552360328791,0.08023250898467506,0.009483008438708139
FHK_456,0.314398105720081,1.142994842687346,0.3114799919395994,7.8303617688151705,0.6648804301817521,0.1902349005806914,0.06491590511879664,0.06964177720554061,0.08019936441970416,0.01817361762400364
FHK_459,0.2300472391348742,2.449709693483524,0.20861773021561755,1.6816957192615056,0.7338641536306783,0.1996792375027284,0.06495458387418525,0.06968011992049537,0.08023702334788096,0.011817974889236695
FHK_460,0.2645361914016767,8.540412290609753,0.22769395327825595,0.8929835917454453,0.8061174221638382,0.4599120865459438,0.0650708456694474,0.06981198146474782,0.080403277755492,0.042232867049683154
FHK_464,0.02980710352189864,1.216895140473136,0.02822641108576303,6.797698602106465,-0.952252434479908,0.14053887093306605,0.03984406861391548,0.04260611703177657,0.04880199689000389,0.012315042828719761
FHK_468,0.2036427580009352,1.2868134875150354,0.16120433486227814,0.5627774379013465,2.7420753609195017,0.010704080999682205,0.0657146031731878,0.07050060456801051,0.08119123329912417,0.010220686366930742
FHK_473,0.29627896857671665,250.0,0.1731693452488842,134.25701682316483,0.6915889056974311,-0.4123334175019056,0.03991091994639032,0.04266706282519271,0.048849953489822705,0.102797287135461
FHK_479,0.06789176909944215,98.29888948300069,0.05790029117967774,76.12597204581206,0.8892883673884521,-0.5658932967019836,0.07507974267850198,0.08058496405998126,0.09286405639179154,0.011269057235070561
FHK_485,0.1029096010600272,0.8387927498138132,0.08915966991157931,5.278756079854856,0.8046662292755357,0.09836521249266596,0.0753508566434198,0.08087625162646313,0.09319984057660552,0.009328358899831522
FHK_489,0.35890514445785165,1.682325220921806,0.2648355265042385,2.448291540971244,0.5764275679798836,-0.08114909233721773,0.06249689684919201,0.06702179884843153,0.0771348260911211,0.007930182231186566
FHK_490,0.25773696884930875,0.5728399018679062,0.25233026730804237,1.346444833363981,0.6955248908817139,0.023097977739376586,0.06240714231914297,0.06693280025273513,0.07704736421457528,0.012324063036473331
FHK_493,0.3026168287632712,224.32583444626843,0.2367120145203198,1.1559032944876382,0.6476842787439648,-0.45129059696512736,0.1384597422391039,0.14945733197421207,0.173684237549567,0.0063055700597426075
FHK_496,0.3009122210496438,6.139763365271739,0.21429094246519947,0.8577325538165479,0.6510820278235748,-0.05599679179262192,0.0667105686576494,0.07157419330725504,0.08243647231313947,0.021603863310886002
FHK_500,0.24849919665768372,0.7162459511475784,0.23969244789104477,0.6213199843467203,0.7257171947974316,0.253082096064931,0.07199536077304769,0.07724860644661094,0.08897201146335308,0.02317649478326586
FHK_506,0.17749202960472316,3.4141465270965146,0.1451863152144841,0.7718133703287626,0.8022999349235284,0.24017008182155505,0.06491268542269735,0.06963858549009298,0.08019622963641107,0.019330206477859664
FHK_510,0.6210072057609303,10.297939234567894,0.47031557494078036,1.1043496010908265,0.2749307286819827,0.22249467032641282,0.03995338045609216,0.04272028074854842,0.04892703872084334,0.015303026358398576
FHK_511,0.3844570680122337,11.531506830885776,0.33399232503077125,1.0918417172689712,0.5030621244549445,0.06427453569927993,0.07559676503552115,0.08114274648324721,0.09351169619899076,0.011901923998025109
FHK_514,0.4180034213160638,3.6436096937919698,0.3611993345762789,0.7829635637349729,0.49983130390141556,-0.05294190137078939,0.06240628393201581,0.06693194909987944,0.07704652776583053,0.009195561787371962
FHK_517,0.3100590527543059,1.3907230461675097,0.26092304031896935,0.5807889100762562,0.6250668018799438,-0.27503734203996777,0.062468555374312174,0.06699369596661416,0.07710720828917521,0.006303958071179826
FHK_524,0.07313510511591827,1.079966738816558,0.07217203331484168,40.90968861937276,0.9466036831109516,0.19420650155505384,0.0503460742740265,0.05392939028374021,0.06195354327480501,0.059170376611176245
FHK_530,0.3687146063137987,11.591652357794953,0.2789312672964277,0.9182614082223904,0.6003134722403357,-0.47850055142977255,0.06244719959509734,0.06697252003570353,0.0770863979744281,0.013053122762407497
FHK_531,0.36805667369062195,5.326218318395965,0.3136855738369426,0.839986018205041,0.5491820247101367,-0.06199422832701519,0.06241435778717389,0.06693995491415608,0.07705439528105695,0.008905486808593734
FHK_532,0.4693871248017115,4.112329261196109,0.413762421323095,1.316749361695647,0.4962728138828363,-0.03906233461719053,0.06242244918017149,0.06694797812643341,0.07706227990626238,0.012167151885849358
FHK_543,0.7141795872949261,1.140177967237779,0.4702467545297915,0.8883774054627273,0.11740195811682155,0.13949847826138528,0.07601146272162472,0.08174407465499157,0.09452145593782862,0.006349911887517989
FHK_562,0.06307850823836599,250.0,0.028457134866546024,1.3491294549206017,0.7546173352989263,-0.24703337965134062,0.03991752924693092,0.04268464865598058,0.048891846420103406,0.003955084056787633
FHK_566,0.45370506565682295,7.272602807677686,0.36907955653338165,0.8770022820843912,0.4999430315820782,0.05120783485475687,0.060720272583574354,0.06511313785923695,0.0749336304559589,0.010635847621775045
FHK_567,0.7723102955541504,2.4277944271703507,0.6047505713416235,1.692141895720609,0.1745125318929946,0.28478453842052326,0.060570368470445606,0.06495027028218626,0.07474206676162932,0.02288862429815594
FHK_569,0.6921143190443947,3.8619685258764886,0.5659664414740813,1.3442157967732586,0.2675971689062507,-0.09957019311286228,0.06076030159392826,0.0651528365098115,0.0749726581137641,0.009602335949550038
FHK_571,0.5494461717298161,0.9079928750129838,0.4865067519973603,1.1061549595045173,0.3675496978018343,0.1307337142699784,0.06076220896732442,0.06515472814659803,0.07497451778563066,0.011817917425777445
FHK_575,0.19157401259601983,13.388277847241302,0.17142946403470882,0.9302545404275827,0.7578233131248192,0.0038039439282324364,0.06244110600042914,0.06696647776857609,0.07708046004695056,0.009749480128287141
FHK_576,0.44476484159103896,1.6481765869872227,0.40299765825516287,0.823961084347561,0.14687521085707422,-0.2861514110075851,0.06542582993153256,0.07018059062080798,0.08080227528548987,0.015270442141935814
FHK_577,0.07592245327857194,191.14715251466205,0.07267430916137216,1.1425780977112086,0.9418154790739642,0.6350744624190905,0.06977857150776025,0.07487261933443633,0.08624426368732911,0.08929239175593581
FHK_579,0.15068141635585028,1.3604315763969839,0.1387602063078123,0.5754380953215659,0.8446176444778818,0.22075508965968993,0.07093310254183441,0.07611493773396989,0.08768049133767583,0.011514960663075943
FHK_580,0.2777711481798169,6.87831654980067,0.22204271237699913,1.1662092282509493,0.6885542882884157,-0.042750523053663184,0.062420509850967504,0.06694605513792501,0.07706039013290177,0.013893931764192536
