ID,odr slope,odr slope error,intercept,intercept error,angle,angle error,pythag
2MASS_J20470481+4349114,2.0405528149915684,0.19030904407889593,17.303389464522844,0.30955361466439335,63.89222249193016,2.109068089473183,1.5380317546278877
2MASS_J20475256+4345137,0.9926701401240223,0.055333652149535284,18.255825265795316,0.136543378576091,44.78924333141908,1.59380261546209,0.9268186788745424
2MASS_J20475581+4329019,4.209269359843434,0.25860968316265365,11.932664638282931,0.45878444234902993,76.635935068261,0.7818490360877356,2.1971652088869567
2MASS_J20483292+4351190,-6.87384274261176,10.441220391307667,33.20906412789006,18.602860659283216,-81.72273183740614,81.25371129374193,1.3735424246673462
2MASS_J20505039+4450115,15.226011559546555,2.5027829306820912,-13.720653357587377,5.347962203210545,86.24237702459337,0.5955580108488022,2.9001788540771423
2MASS_J20505363+4424305,2.4673023710247364,0.2611832969475225,13.652272730894897,0.5897193099120992,67.93723991788885,2.099158483765211,0.9188071082632565
2MASS_J20505543+4417461,1.306532813718502,0.1126895905469728,17.159636545055843,0.22766108679811836,52.57011573997446,2.3882871069696483,0.7392749709988096
2MASS_J20505838+4414444,1.1287297344016558,0.23107121272071934,14.802694480658364,0.43266301868681367,48.4605935410581,5.736285701978221,0.2835905747484635
2MASS_J20510029+4424364,1.8086073176601403,0.16526438746250527,16.737749064144133,0.3258175217074317,61.061284300570286,2.179338474481459,1.444668933853486
2MASS_J20510663+4421407,2.556231420847181,0.6349196683401068,13.494279214144496,0.8830139163970445,68.63451272503993,4.69344256165093,0.3109905532987309
2MASS_J20510895+4416420,1.112193882254347,0.08251336043559954,17.99713886267169,0.16421137421312615,48.040532346351064,2.104527650968003,0.9145588964967416
2MASS_J20511252+4418093,1.5983260546997835,0.17309726849161533,16.36564947687733,0.32783356084402016,57.96765549164523,2.7822986789133957,0.6141732924492949
2MASS_J20511262+4418454,0.6792698828783336,0.20472382955971774,13.482816271152776,0.2671165488707512,34.18708391339282,7.714201419640449,0.33973008431061
2MASS_J20511374+4422252,1.0459402650912868,0.05988754971875282,18.622420763944504,0.12088521630128035,46.286323424458224,1.6324790942319123,0.7315294342746057
2MASS_J20511455+4413379,1.6322621256333143,0.11249017698384545,16.015165398693746,0.23193415278517193,58.50641891323412,1.7617439332377771,0.5410726044034616
2MASS_J20512059+4420322,1.091504444138712,0.07226794845268159,16.79509570530497,0.13836321371048577,47.5051235989532,1.885121792674461,0.41304235174173237
2MASS_J20512139+4424054,1.1387591819516345,0.2835943212222421,12.990614605559015,0.30039278435565375,48.71204118098752,6.84476499916694,0.22099864698391666
2MASS_J20515226+4418213,1.6373348429114667,0.10104100412661676,16.917898652016305,0.2009934736061929,58.585558518125346,1.5648440889157822,1.2023919166922317
2MASS_J20522880+4418297,2.9670827141119025,0.5441394397101456,14.348298336201776,1.1020272740978765,71.37456865260766,3.0899058217034057,1.758374051298388
2MASS_J20523394+4429168,1.3252500973663017,0.09592760462288685,16.628816288632773,0.22770512493437067,52.96272453824951,1.9896425347877291,0.5876142066244964
2MASS_J20532233+4438526,1.0284354883562397,0.08827379431682209,15.466135785180661,0.2036914515960362,45.803144467317985,2.460164314266368,0.31852254326425145
2MASS_J20533662+4439529,1.3517102992632797,0.09692164169413897,15.892526412342956,0.2235993696124634,53.50583473697754,1.9653306693589976,0.604233889948572
2MASS_J20564400+4346000,1.2529935088193356,0.09154919521205662,17.61083064627785,0.16436776587947222,51.407026962207375,2.0147376804621735,0.5980686035187827
2MASS_J20570162+4341387,1.0079822674246708,0.07068496081695474,18.54344666762121,0.1325484606527052,45.227764867779705,2.0181451982393246,0.8136301948385185
2MASS_J20582381+4353114,3.6602377592858373,0.10312571091099065,9.909792577788114,0.12686047853293658,74.71933848639152,0.41001646911702555,1.218736055824502
DPP2017_409,0.7278448925517134,0.14892676551410683,17.8068457080633,0.3513268323819876,36.04880796104117,5.502222438445133,0.478464677391462
FHK_101,-19.383282165345804,14.016860589274275,57.382037927803516,27.415073070283945,-87.0466803590012,1.5691694184550142,2.117807312123981
FHK_115,4.185191879170411,0.6682721796071824,9.070167562895577,1.2399280256830973,76.561832243473,2.023411398155871,0.4407821119234671
FHK_118,1.401758756299424,0.12786919559647847,17.267147514089203,0.26369557202685456,54.49633357862143,2.46829144319597,0.7960855223254282
FHK_123,2.2566084448147743,0.1303484599407374,14.514638826039373,0.25188699669166414,66.09981349437942,1.2226933712857975,1.315639685943452
FHK_127,1.9475092544817667,0.7359363482920538,13.814424178043081,1.4447539167742534,62.8205618409666,8.248331992830897,0.778884258886937
FHK_130,1.1831262482322236,0.10322314164437651,15.046732605756166,0.2194578407197696,49.79489237729816,2.4662761982558847,0.23922970681921857
FHK_133,2.5637240558708507,0.47097141148594757,14.144116266276866,0.811388758422785,68.69135230818246,3.472222422273513,0.5835094856133235
FHK_134,1.3771691457872843,0.18617347187860445,17.611748358331866,0.40623238445280485,54.01557638529037,3.6048200842959575,1.1056047512617684
FHK_137,1.8861430225290023,0.30355458734087193,14.519561435822652,0.643550254757602,62.06824178874227,3.7942046549165647,0.747029170349718
FHK_138,2.638210380225834,0.45304591155335894,14.943442741268667,0.9415418561414359,69.24104540293139,3.161953195246371,1.237495312517221
FHK_142,0.985578160011938,0.07091315225418904,14.667908951835173,0.11610042929226605,44.58385116421844,2.0542297633997317,0.2069435477235447
FHK_146,4.54273205096681,0.4235505989335211,9.275104817939347,0.7874672479980802,77.58537610147798,1.1110988262924621,0.7695129281260323
FHK_15,5.4990046203699645,0.7345142075016424,6.764845200652649,1.389122562934555,79.69332812483444,1.3368649793069818,0.6821731527417036
FHK_150,1.3527010592944042,0.1865416411748685,16.459481038163098,0.44872536851788514,53.52590315524039,3.704821512440767,0.8507016625363136
FHK_153,1.2722852105920344,0.24311989025360392,14.695543176369313,0.4430772702652588,51.83310330737068,5.179403688940768,0.3169767756868262
FHK_155,0.9109238107300484,0.07836019593353111,14.811881909781626,0.12943105870427551,42.331134628931416,2.444226825478341,0.30848667999251406
FHK_158,0.7997156675764321,0.1204376745671844,16.288974459342402,0.21390384149975183,38.64987258008926,4.185836479823258,0.2344210517841563
FHK_163,3.6589457101373295,0.3221482105888154,8.465106990805705,0.6877298216825269,74.71419496437026,1.26853456876567,0.9453924462443917
FHK_164,2.7819301761713575,0.3144810763810093,13.334658454247435,0.7249185008518051,70.22837986663782,2.0459381376388794,1.1137338227195073
FHK_165,0.8114717030269789,0.09049524275863219,13.155566078281625,0.11042749351476555,39.058352090760486,3.117939567945962,0.2067218078045154
FHK_172,3.425282078626016,0.496366605469136,11.387357413491515,0.9717397656284925,73.72500629997569,2.1954805427730104,0.488986159072729
FHK_179,1.7171763330883034,0.10272512724031624,17.16485786424953,0.2139898493199226,59.785558625596586,1.4791543084069672,1.347593713511618
FHK_181,2.7329302447017922,0.25875630032388663,13.157130348831771,0.5176073154923486,69.90204209575249,1.7393075484929728,0.8190386411690956
FHK_182,1.451562065859575,0.09612946082980289,16.639671590809208,0.1957953832618049,55.43653787173478,1.768192007597651,0.6692435476721931
FHK_183,1.4391067059605223,0.13838032937778844,16.201755106197577,0.27524133572900666,55.20550937215336,2.570860959765526,0.3929857862970293
FHK_192,2.1369518758193786,0.21333236857050897,15.224187422451898,0.4298118855332893,64.92246199976822,2.187185651299674,0.5924931174155036
FHK_200,1.3630441871901802,0.13088884192551797,14.830524356425395,0.2898352472101138,53.734293489956094,2.6098341850608784,0.3663405799806422
FHK_203,1.401657116311673,0.06928180530153583,17.45048325793163,0.14839136580086887,54.494373212041246,1.338658837591453,1.1320400489908036
FHK_21,1.2186789338619513,0.07823060893157252,16.923721358840417,0.18610702263865875,50.62904354473917,1.801506739969879,0.6590764194625799
FHK_210,7.718020760166325,2.831754538606195,4.369502776919026,5.42848595905418,82.61749179802234,2.4724343854067974,2.261031207273835
FHK_213,1.339992410428632,0.09721169434961918,17.54373888081171,0.21971668498605545,53.26701768339107,1.9948371061120231,1.32789193815429
FHK_216,4.155662833095275,0.29053209488747056,10.650631183622618,0.499598971265681,76.46984310227334,0.9028371018150555,0.5213525121224742
FHK_217,1.1624063618188107,0.0648884119544666,16.898881618569447,0.18458265786204286,49.295104886874654,1.5790621500502495,0.7650606936960763
FHK_22,0.909649909399971,0.060052631328827655,18.067577257023622,0.1549104238841359,42.29122001623665,1.8828519603407534,0.7809745160769664
FHK_226,3.0481465751090244,0.5070357475413112,13.162014744508284,1.043479463849624,71.83697891337255,2.7823147183350376,0.8253734415320234
FHK_234,1.2686064756431361,0.20680918623380684,17.712216879268713,0.4530868887164452,51.75246911220671,4.5135151902580315,1.333948259012188
FHK_24,0.8079154438928251,0.12851057523158388,16.580488586530247,0.2591220744795386,38.93527992446117,4.479192644865995,0.6885901891462387
FHK_251,1.5889082977189974,0.12455424386609437,14.621527040941967,0.28197818057529034,57.81520938013734,2.0167535447874276,0.46415409707556493
FHK_253,0.8889095018567723,0.10759900086595137,14.324195792075642,0.12394196376454936,41.63419899355245,3.4412684107824507,0.19579598560256825
FHK_255,1.889886480165055,0.16629868460169384,16.30319364473423,0.3589983259147562,62.115236636000425,2.0758718395200737,1.7756536237688596
FHK_26,4.5229264366514865,1.252561654700309,9.782169749263417,2.356514080765974,77.53270950455514,3.2150649206035524,0.6807786320467403
FHK_272,1.114580135006487,0.06633937872357287,17.069712391460698,0.18765869987928596,48.10158230515776,1.6902420416514972,1.0960854191358735
FHK_278,4.083076203906561,0.9262802140878592,8.719704427526962,1.7125500653902384,76.23838125302619,2.9133693627170314,0.2959189826518759
FHK_28,1.3289234442939153,0.13469711652379956,15.89668915783115,0.2850573430122276,53.03894831769328,2.7790953034817614,0.4606911790094456
FHK_281,2.6114802136954958,0.3199025162954825,13.082535458418617,0.6746405225346255,69.04692673838736,2.3044145345780143,0.48645257333814007
FHK_282,1.6675542076573149,0.11170708731578594,15.15276497955735,0.2281747336995794,59.04969904516018,1.683769750730267,0.4077790752707194
FHK_285,3.900189335836994,0.2924873532847876,10.331120145671537,0.7340118134647522,75.61927447071825,1.0228095594509496,1.6243967715726328
FHK_286,1.2058436987559085,0.06182979308124925,17.666519888109196,0.13961828061774284,50.33125622602717,1.4345113234772897,1.2628270317442938
FHK_300,1.3345235431330589,0.09604409422885074,16.38711899942306,0.26278056638625635,53.15463816067548,1.9757484701049866,0.8287344235458393
FHK_32,1.9361835024995053,0.06461022681513018,14.939790288192524,0.1205508943456195,62.68455236700247,0.7807899892776213,1.082478446214274
FHK_323,1.3078852751836547,0.08239396307959912,16.517785742949435,0.1903737710642961,52.59872264137679,1.7321498075188133,0.7665338751554484
FHK_327,2.015349249106075,0.2605145286458064,16.252667158808066,0.49475692523767556,63.60976318815133,2.939894573581946,1.5156413086655625
FHK_344,3.0975863182437022,0.34530221517918047,11.732865470989946,0.814044911664241,72.10825985178266,1.8738956378518816,2.1310927162584767
FHK_348,0.8405961295671078,0.0388483768794991,16.014571393873418,0.09921923167354496,40.05027901317466,1.3045181195616757,0.3467909648768403
FHK_35,1.7768924308776093,0.2123813608947781,15.622235641421556,0.44954543463668895,60.6300491085662,2.9205280270830887,0.7211788842850425
FHK_36,7.779149233437515,0.5449934063765327,4.06895724971693,0.8874032768711035,82.67487089647766,0.5064934443327324,1.7931578755938147
FHK_361,1.4867316976306288,0.10499052199500347,16.475149433880333,0.2934578786492441,56.07457915847877,1.8789680591282807,1.6982052040338451
FHK_362,1.6016971100191677,0.13798057824170862,16.141930254985475,0.35120786709612783,58.021909645914626,2.2061384571686475,1.6973389648322454
FHK_371,1.6084238750408446,0.18193076601264402,15.747330581064674,0.33557764154956793,58.12968160448135,2.913716068349865,0.3362699038350732
FHK_372,2.518503882472089,0.3575523140537209,13.975523291877789,0.736512564032771,68.34389670499264,2.790135022922465,0.5892140669156916
FHK_390,0.8889917901368407,0.043402921300688624,18.50042996449686,0.08247007420824737,41.63683268307388,1.388939285768127,0.6458079306333981
FHK_40,2.041957073751405,0.14979204427030535,15.218249614766979,0.2637910980506373,63.90779482586545,1.6571813323965288,0.9765070514564439
FHK_405,3.4387383931176716,0.3653813895229523,12.530546532882909,0.7167466826500792,73.78534067678274,1.6254382369928004,1.0362795606164004
FHK_408,4.63608887522854,0.8052079180369849,9.87882491599811,1.069692940838891,77.82784186110511,1.986684272967272,0.30160980609441745
FHK_409,16.7755991180223,40.8184041213503,-20.513584396455535,99.35609232830274,86.58861267972908,88.5963366206924,2.2767117749155594
FHK_418,5.332301999476385,1.2079697841521027,7.931460852398274,2.077150238467474,79.37833455507068,2.2228691618251504,0.46169341742048775
FHK_43,7.648023602837109,7.329518191454582,3.8133538638943847,13.373009491993177,82.55068019961169,4.639121196199037,0.7223535596872096
FHK_430,2.535420672763344,0.5063493204411518,14.258835228314032,0.8728812415820588,68.47513495734705,3.818311192295234,0.6525505705826441
FHK_431,2.381244279946248,0.23243954760730912,13.90382255724502,0.36835454792185285,67.22010178387633,1.9698742591904708,0.33930883597443207
FHK_434,2.3025838389790043,0.15577919471297919,12.826644282348791,0.2355226252755056,66.52494807338802,1.418363310032389,0.5640333079019246
FHK_438,1.2801854693675836,0.10846234090735729,18.089128202630143,0.23167706684102818,52.00529482757454,2.3437478976209842,1.032225967294377
FHK_44,1.3338685346535788,0.11036414581390608,16.854281725980798,0.25345982548467383,53.14113883758267,2.2577471311007398,1.1016732696694522
FHK_442,2.4114821277382363,0.1061438051864334,15.329921756243913,0.15769308210244937,67.47705859831416,0.896201378227522,1.6291943870013148
FHK_444,-18.96312356263016,39.95003300479862,58.833810240104,81.31664785804836,-86.9813643708224,88.47477058323838,1.6306030523579744
FHK_45,1.1284208679621968,0.09804895001770897,16.23355678994882,0.1929841540595021,48.45282446312634,2.4577365153056623,0.33529129364822363
FHK_451,4.971823381764521,0.7648104402242706,6.724692284893535,1.8863959783435629,78.62763652876468,1.703388421659081,1.446668736538864
FHK_455,1.8835166692398952,0.1642950193109547,14.555983422401473,0.3274939905529708,62.035194489933346,2.078508264862798,0.37011858795041147
FHK_456,2.417953238389,0.29606271545853957,14.069903132023,0.5224613276035752,67.53133697229772,2.4358701888440284,0.6846240363494974
FHK_459,2.525934580710442,0.24959386523432547,12.710342622864342,0.4683852122922092,68.40173044476927,1.9214881771273493,0.5786723124403171
FHK_46,2.501439915875383,0.33648373974349743,12.916620740842063,0.4760542086406545,68.2099633594647,2.636589511190726,0.24179351758158893
FHK_460,2.5369991225418653,0.4971479632134501,14.676869497805908,1.0683630404383209,68.48727875052273,3.8190737255032525,1.7724711996562217
FHK_464,0.9657201103651092,0.02504479418613076,19.30357305900496,0.03826236604447608,44.00092899523274,0.7418590832173545,1.0929025310006302
FHK_468,0.9747687494340576,0.038512775935288124,19.10559272267315,0.06274454921263484,44.26798236784231,1.1302249644448419,0.8408918897934116
FHK_47,1.1493964506124796,0.23465005135768807,14.76538835226383,0.43889646069206556,48.97601522022385,5.706934824983306,0.2835905747484635
FHK_473,-7.787935975095206,1.0399455759000822,27.93218805769925,1.2617880597270457,-82.6830459041815,0.9411710599087543,2.999684282906437
FHK_479,0.4846105798954667,0.25888189268976647,12.949290124199232,0.2501756433372604,25.855318553991257,11.691416568623163,0.17014767486878665
FHK_48,2.6832320049532505,0.28101123264940164,12.833208414931265,0.4749865919212919,69.56033259589398,1.9454645804509139,0.5384054324510644
FHK_485,0.8630219358310123,0.044697420991467396,18.628072469498377,0.10090535421950442,40.794913468875315,1.472395413639675,0.7922533422964073
FHK_489,1.3092056032933894,0.13985949781794338,14.256717299901194,0.3232361312744505,52.62661332939154,2.93371818894093,0.3263663922156513
FHK_490,1.3464413662304289,0.08773468088372949,16.592309448915668,0.22218163825000303,53.398782435134336,1.7686880919171282,0.7134925440397478
FHK_493,1.011409386583342,0.3110781188138947,15.525286575020875,0.5447525140068343,45.324987508233484,8.667238838818811,0.25780606734366834
FHK_496,0.9923236824585784,0.2334019533894806,17.293365036773515,0.4940939935992521,44.779243425773394,6.588427593080864,0.7100939666378274
FHK_500,2.78129232859796,0.3457886804411996,14.189605414791462,0.6961168494026388,70.22420102728957,2.226014401152577,0.8619857451046441
FHK_506,2.8367713291795638,0.4956890924696462,12.934047195309198,1.244089131248355,70.58176118515365,3.104353200968592,0.8056444864037907
FHK_510,1.0215632750448516,0.06195953799495485,18.09006385275833,0.15875305512656013,45.6111299010274,1.737437948778738,1.0775505778369627
FHK_511,1.224114939248059,0.08171103678316682,17.131970777791892,0.2158308615704012,50.75403805352517,1.86687011558229,0.8316895516482227
FHK_514,1.1585344803602688,0.08756888073468239,17.498895659936135,0.2245762664439983,49.20057055927625,2.1396466249183135,0.7207525719602907
FHK_517,1.4999802578079664,0.16195037084300057,14.485322777201194,0.3624490264329143,56.30958389257966,2.8359485532110194,0.40081731947924737
FHK_524,2.63142864738375,0.5898929351040614,14.67387863512743,1.173495661262134,69.19212232969575,3.9642449308742123,2.146602744130701
FHK_530,1.8971225805153735,0.31699540266555637,15.359685023352398,0.6515490000998527,62.205654281946046,3.7226233612170585,0.7605422569096981
FHK_531,1.3456333807338867,0.10154937565223965,16.426166176187365,0.2629130451300501,53.382318122267534,2.0680164761179802,0.574813057904833
FHK_532,1.2026471278704878,0.07644530863651144,16.04649390371511,0.2158532823276076,50.256507585216525,1.7907900491744448,0.8058917093965926
FHK_543,1.9753898485566124,0.21888863268803882,14.20802883231163,0.3819418380564903,63.150135612492996,2.5115781993922637,0.37570635350997034
FHK_56,1.5341957059436815,0.10900268527714752,16.766148908362382,0.2310848271600925,56.9033966719979,1.8633868296466138,0.7921953574610275
FHK_562,0.8783783832759642,0.04735390355388758,14.281644562428244,0.05877882321015715,41.295372712620015,1.5311241841835566,0.19922289700818097
FHK_566,1.399017257717168,0.09277816346699141,16.229550146767494,0.22002821036455078,54.44329059449458,1.7920644456953383,0.7344673392212054
FHK_567,3.4736844589595575,1.0130390031379148,12.632616194377562,1.7467464377332877,73.9400136008019,4.276315906007416,0.7006858366705028
FHK_569,3.130026451162947,0.4907730369834866,12.486081440151075,0.7832432682349211,72.28204063759766,2.518860566798754,0.36547219812298887
FHK_571,1.2324207798427707,0.10261187246694925,17.39636254410567,0.2542143134360515,50.943738690761094,2.3352411395721124,1.0890771250465778
FHK_575,1.1707207391576584,0.0668406657632159,16.91384005062268,0.19343324130484163,49.49688644442004,1.6134631655788645,0.7213974997920879
FHK_576,1.1982578616592945,0.09269545146366842,17.627559765804143,0.20479176910984798,50.153484753719496,2.140343600322933,1.2889094300538062
FHK_577,7.497106532133027,2.428053835397799,4.970228051502486,4.680638199745682,82.40245971594247,2.195774078350685,2.7669796621019054
FHK_579,6.905682335053786,3.987055815257993,9.232876358625774,4.09619576698392,81.7603712441733,3.8092734560525656,0.2072090492963029
FHK_580,0.9972218785523804,0.08313996658662826,17.54921822059001,0.22130033969616214,44.92030185156176,2.3828473916714095,0.7904376082168612
FHK_62,2.7107511080905393,0.22184207070624606,13.094626552439284,0.3789249386893552,69.75090911514127,1.5216481097754169,0.33883780324336027
FHK_67,4.267149505600386,0.8246103606627828,10.300522701245004,1.7347179667568753,76.81082931706854,2.3354701121461945,0.8191371853155837
FHK_75,1.5097474887503801,0.09746308565061879,15.501807558882192,0.19785207168598973,56.48100536280075,1.6882443825031619,0.45181676265754733
FHK_79,3.108816554367789,0.6160276421598854,11.438763869465625,1.1740150108731005,72.16878587782746,3.1751719520583155,0.5094524639622621
FHK_8,1.1269300996661964,0.0949379975598117,17.668446099338162,0.1876409300672197,48.41522453211013,2.381543743477333,0.8704938429758272
FHK_82,5.817569666775839,0.8545788731965973,7.790253620901118,1.679981429808922,80.24656848263848,1.3754498070334402,2.4573703511570733
FHK_86,3.831278190112655,0.4110132446747021,10.311305673509597,0.6969604102150564,75.371619372455,1.478894410364599,0.8259112975882207
FHK_98,2.184545547984821,0.4367410087142274,15.6420237305528,0.9056594214477114,65.40353526437355,4.263832954099233,1.601447894907309
GDR1_2065995748890512768,2.5886865710162317,0.3144896691782606,12.790429350488825,0.4621491037239842,68.87863875285571,2.3487126141174413,0.3069361650400542
GDR1_2066790146043148928,4.023844171952806,0.3409821987337358,9.394593344739555,0.7979797711056378,76.0436710933143,1.1301820481484013,1.0327488991816105
GDR1_2066844954118735744,1.897401642036844,0.1485175621167102,15.172579152199503,0.33011968632500466,62.20913082343893,1.8386430080056566,0.6613485084044295
GDR1_2066855807501721472,1.791817416461456,0.1626900862601225,15.30783238440344,0.26874481041297127,60.83443803505971,2.22079791509547,0.49211976311860683
GDR1_2067026815919131392,2.4859927858688433,0.06561006464660957,14.241878784760468,0.09749982476246277,68.08735622517864,0.523083142429337,1.5340697097776883
GDR1_2067026953358039552,2.2491534677343195,0.5776394808796003,15.503731720278491,1.2409115446275214,66.02950360672489,5.147636037571372,1.6032795568912583
GDR1_2067030011373814272,4.329878782660189,0.31161426240940093,11.467397014006528,0.6014865728328065,76.99536748678746,0.9001746527920319,2.3201592812183063
GDR1_2067032760152922112,1.6624181003984733,0.07700794481710982,17.35846779429619,0.13927549897492852,58.9716864506217,1.1742813756057513,1.5402954098169945
GDR1_2067034237622346240,5.702950513056132,0.6667781126329015,10.232005698738789,0.9777270345394289,80.05441664477613,1.1304209529470817,3.1544397822925143
GDR1_2067034546860024960,1.9533825769643691,0.14964897503887808,14.78234549214817,0.2536834554215135,62.89061596451333,1.763545088356352,0.3373266856797673
GDR1_2067059732550905600,1.7966637108956107,0.16820898814063334,15.187133679642836,0.31204445843504836,60.90024693640029,2.273137802596866,0.6138799763243276
GDR1_2067061691055800448,2.7203168102914956,0.19512722619893053,14.22450256798443,0.4318120138301911,69.8163578897654,1.3135634519669022,1.3146610645321113
GDR1_2067062618768745728,1.4077695442604998,0.06838127478688061,16.674094022752563,0.13792250969694564,54.61216381700586,1.3113908001364998,0.8043003749113358
GDR1_2067062824937136000,3.3666225555800717,0.15095301433426633,10.386064582002428,0.28265690827052126,73.45681162260212,0.696962048553691,0.8181596053937731
GDR1_2067067807089176192,1.4908555488589084,0.1830333401060733,16.27552649458376,0.45032051532716544,56.14803779063797,3.248112387967919,0.7409772839340006
GDR1_2067069937403328128,1.8402359199476268,0.09751813544649879,16.45003640698143,0.17555802791153496,61.479963269304406,1.2740410045305948,1.069357370717092
GDR1_2067074301079809408,3.6275135489918644,0.25581882114956866,12.140446982881958,0.49366718684339705,74.58801666098644,1.0322342522629437,3.103093102194984
GDR1_2067120514926515200,1.7221126084529343,0.1396417708909612,14.986123485875709,0.3042915565017035,59.85703081431822,2.0001816227769567,0.394750997814138
GDR1_2067128658184872064,2.3901101846657236,0.24791888280945296,14.353815550451051,0.5451981867219597,67.29601648809394,2.1049625417047375,0.8695243013756995
GDR1_2067128795623856256,1.1318406001581818,0.13039275237218861,18.05837555679014,0.2840204429994504,48.53886713989093,3.259078465390456,0.8958699208960129
GDR1_2161843098061857280,-11.45589046445841,6.43842115827643,39.499696644267246,11.082651715252137,-85.01121963351392,2.4410536740818336,2.168785060317433
GDR1_2162078393549548288,1.024179513971002,0.09083602571364141,14.441611188771029,0.12853121714864635,45.684384896288265,2.5106548193397047,0.15022901767734756
GDR1_2162091003573281920,1.8902738978185796,0.2462604437798036,16.39692363918048,0.4465346916249162,62.12009117665412,3.0825835233330627,1.1846834353535824
GDR1_2162091278451209472,0.9482903080027886,0.0382534384014227,17.297025982174475,0.08145596950003586,43.47966605736877,1.1525669181340548,0.4003448185609249
GDR1_2162117563651224960,0.9619896494955472,0.048410174351947555,17.290469865560112,0.11376547700030848,43.89012653179511,1.438330256476993,1.0151057637642755
GDR1_2162121961697794304,3.9795924003177077,0.3025938167270321,11.803730523292892,0.49276208811518085,75.8946438413376,1.0201868553996771,2.394573492047038
GDR1_2162122064777006080,3.316186644648443,0.3915213125781225,15.225270648544498,0.5451293669999782,73.21925284953247,1.838003355444413,2.193194018399422
GDR1_2162122339654917120,3.108852212167695,0.41747971520929417,12.865863097729449,0.7744827255425895,72.16898327571514,2.180272939692239,0.5949182552934948
GDR1_2162126187945624704,3.7084445788431086,0.4197450739243218,11.60445510379446,0.7793696144173108,74.9088577754343,1.6023542843007794,1.206206212356009
GDR1_2162126325384584576,2.9202526458743607,0.42086846398801514,13.260312318053618,0.8870537518920054,71.09694263254796,2.478295132438284,0.6473763085638987
GDR1_2162127562335172992,4.949472752163895,0.9621452806941924,10.755247501869118,1.5103490192227493,78.57762871488906,2.103979065626279,0.4702018861124491
GDR1_2162127974652045056,1.9789132502537867,0.256722249896846,14.91090815078206,0.43487784177202915,63.191258446551046,2.985903381040184,0.36213850586172164
GDR1_2162128009011784832,4.1437303208546155,0.7039336711794748,9.599925545353809,1.3707151012630807,76.4323187220303,2.067418709292604,0.6960930374571862
GDR1_2162134880959435904,2.191878212927146,0.20679317010965748,15.091088791461559,0.35645911821234577,65.47611729722122,2.0514942227647053,0.4195515592304105
GDR1_2162135327636039936,2.5414552749422707,0.148246596979847,15.676091774645467,0.22380908876284344,68.52158518917628,1.1382854550773631,1.905745420337571
GDR1_2162221536218867072,4.690175530917175,0.9467991070842317,10.061240618239315,1.7897912869770867,77.96409399746827,2.2787251724663546,0.6423201560327418
GDR1_2162221639298015872,1.7085819940251243,0.1602669637693347,16.378668901522282,0.288199811277833,59.66038650965777,2.333987604817131,1.0224985194226328
GDR1_2162221673657763584,3.9438836781993314,0.7058368386494593,13.121272047421048,1.3134212433682375,75.77209544792363,2.3414845840068006,1.8272997242254614
GDR1_2162221673657766272,1.4476480745434823,0.15574345749313756,16.453377969083963,0.2868823785853891,55.364228857930236,2.873998122041366,0.44851906766519534
GDR1_2162221776736976896,4.0920905346401995,0.382199816402524,7.538532940480222,0.6428463785442102,76.26754650206749,1.2098827748278698,0.4895809829239131
GDR1_2162221811096717952,2.201288406064651,0.12508719059851958,14.153843617702762,0.22799989140606414,65.56867952466916,1.2266869614470695,0.8191588781853187
GDR1_2162223086709799296,1.6340471761412374,0.1496021264692794,17.647094720627557,0.2513002437550025,58.53430829133267,2.32163550481354,1.2893478436838972
GDR1_2162224147560188672,1.4529962862952779,0.12849253829390062,18.093954139990245,0.20630295259965692,55.46296818136026,2.3217519283404893,1.5793330842467361
GDR1_2162227205576431488,2.773398607816803,0.08915885363073461,14.450846652837992,0.08550731910640685,70.17229638862993,0.5881060892829658,2.9291492703729087
GDR1_2162231676644797824,0.8612876885759926,0.042868009884150515,18.630143935607368,0.09696258777569078,40.737915575828595,1.4052881646466437,0.7922533422964073
GDR1_2162235726791704960,5.7778866175818955,1.3156584268996112,7.454543412173449,2.8832656061221384,80.18087723596474,2.1205636257239076,2.4235686402891337
GDR1_2162235795513138560,1.8037239392726412,0.2921232311081794,17.18112104077941,0.5309178507249026,60.99563858569492,3.9404024889428504,1.1163952315964016
GDR1_2162239506362783488,1.8608801071122314,0.1367731254155241,16.839019060717483,0.27038070167921724,61.74729743781744,1.7501273657634628,1.3017150841755705
GDR1_2162240708953684992,4.047674067955105,0.5303848913024367,12.55934318429966,1.0114376096613018,76.12265113058587,1.7335318265764745,2.1189180448890172
GDR1_2162251394832460672,1.4303112504077762,0.09989761407446973,16.931857554663544,0.21977751908083043,55.04073515744066,1.8641735554545262,0.7152467796880171
GDR1_2162872928138757248,3.237106373412868,0.5348505861449466,14.02811035803904,0.8414719556840913,72.8331465886983,2.9443903514863994,3.434354600414285
GDR1_2162886568955114112,4.107638581614652,0.35174047395908614,9.54290897286768,0.6529165817140754,76.31756943540677,1.1296678327686076,1.106887010288967
GDR1_2162886775113495552,3.5769331584950033,0.2826199738485178,11.879299639834201,0.5263016871330342,74.38064971960628,1.1739714284741865,2.1432592226903386
GDR1_2162902683672550912,5.657249614978333,0.5357990319198263,7.827433561245719,0.9405945848708437,79.97569848050723,0.9388819985208187,1.366741091780686
GDR1_2162903680105026176,2.300164611997821,0.36453542232527913,15.352697361948588,0.8077401357586123,66.50293368531513,3.253913177613353,1.933293417907385
GDR1_2162904161141389696,3.4831800979285856,0.23221550364152055,12.130481057275269,0.4557021867972155,73.98154670705257,1.0128908123998939,1.804677729589992
GDR1_2162909830498130048,2.854223853656778,0.17176394199879663,12.120849334520276,0.39049915185046835,70.6916852967263,1.0715565477054707,0.8397407869700757
GDR1_2162924673904534272,3.6201071463825905,0.289763471658246,11.898736744067085,0.5901613236910173,74.55798863212749,1.1675923540619093,1.792284575567068
GDR1_2162930652500328832,1.28430977843428,0.05310821633585605,17.74434278357979,0.12700391260885446,52.09466380916494,1.1473402392315608,1.473417881216639
GDR1_2162931580213813632,0.9474897696422604,0.027654824901536146,18.77747173895936,0.05132819063297056,43.45550617764908,0.8364251794087386,1.286974188390908
GDR1_2162931786370808448,5.960359077449352,0.27915654147217506,5.136316467168058,0.5433747695861406,80.47589532063887,0.43609597221120755,1.2740908675858775
GDR1_2162932851524210816,4.8045959162629295,0.615827353945217,9.238476611390492,1.3062669410544587,78.24265471004968,1.461523314165716,1.3199347391444562
GDR1_2162932993257907584,0.3163173451894746,0.07811797420917353,13.267427847779475,0.06074422577773131,17.553066353492184,4.062563279376729,0.20132612315133994
GDR1_2162933882314931968,1.3658694976501016,0.07835748378892793,16.22928472466209,0.14769086137098597,53.790859510283,1.56787605023229,0.34987024882292844
GDR1_2162935565942174208,2.682473534272744,0.17953600016090965,13.451997045183983,0.40243203434940256,69.55503492191595,1.254539414932067,1.795321951116231
GDR1_2162936665453858432,1.6508664212047321,0.06551555644657003,15.863756977169004,0.14178062049675777,58.79492682568672,1.007072798369542,0.9190811579015358
GDR1_2162938074203123712,1.7638306686800136,0.2205791263815029,15.520852960144815,0.449345740945188,60.449024565878766,2.958594730090075,1.480482666700878
GDR1_2162939173714801152,2.1435302181036366,0.1847608675014596,16.30620373134716,0.3786688435491925,64.99000111036477,1.8948640726978108,2.616521954896465
GDR1_2162939208074518912,5.934767480269352,0.8204229830588838,6.765511900250297,1.799474077958787,80.43558308682277,1.2731653665082856,2.189674967132126
GDR1_2162939208074527616,5.266697160490429,0.4290683100888444,8.176753276038895,0.9099622634123872,79.24909355891127,0.8519626030915706,4.161436436037848
GDR1_2162939792190072448,1.4886667223109868,0.08347960044483793,17.213245197835995,0.20032066626906087,56.10908299981928,1.487089486522147,1.2760373682858224
GDR1_2162940067068027264,3.0062579551169604,1.6133727837651812,14.268727511798094,3.1879646606437193,71.60083830341915,8.031011624250501,2.249276087642773
GDR1_2162940067068027392,1.2061809180058636,0.07352304458441627,17.245615069936086,0.16286158192190747,50.339128279851245,1.7126300049404959,0.6546420135639514
GDR1_2162941716335179008,3.8107266035085847,0.8723267834476902,12.621717507988265,1.6441319237256629,75.2961368035797,3.0947863405379485,1.2094495193022838
GDR1_2162942918926094208,1.264264661273453,0.051147297953796356,16.44558494299492,0.10339786109458693,51.65693247544987,1.1277000478064008,0.5345744850850828
GDR1_2162944911791083136,2.9590168674038244,0.3122906421655094,12.651960316390618,0.5292825058012394,71.32731284439261,1.8040358748708158,0.47795351447735174
GDR1_2162945976943020416,2.9364462671672205,0.21295690701548664,13.328348847998534,0.45236467661940694,71.19384151934601,1.2622278646680063,1.9230873253392413
GDR1_2162946080022052992,5.4027346307650985,0.7404848772386345,9.38635817769811,1.1085424217270692,79.51371513706796,1.4081722131947554,0.5591135255365913
GDR1_2162946526698717056,2.80685143139885,0.24594337644162811,13.778614731971699,0.49204017833797664,70.39047955881307,1.5693816706417087,0.8618930965687849
GDR1_2162946767216898432,1.3043935695310287,0.06769605073386731,16.777579192968496,0.13662375582456932,52.52479057631171,1.436809095347164,0.5515351755318535
GDR1_2162947420052773760,5.553629919155944,2.60387065130836,7.594666570360655,5.331376630569343,79.79228626571354,4.93439258133228,2.4301190249457107
GDR1_2162947591850664960,5.994967861696107,0.8631857704418251,6.789747332955638,1.5092154548297056,80.52987823971307,1.3273699878702627,0.620834684781907
GDR1_2162947729289614848,1.7408803918134423,0.25726571359408734,16.885177534763102,0.5753673401847195,60.125992540356904,3.601319018966288,1.2430715319077463
GDR1_2162947798009095808,1.2784955922813726,0.09616859002659905,16.003110073602635,0.18466049673725227,51.968573812745376,2.0913374611198083,0.4271299783336521
GDR1_2162948107246789120,1.717798106089409,0.1116068395081975,16.533830175707926,0.21368855572339562,59.79457800015596,1.614827315722561,1.160595632988105
GDR1_2162948141606527616,1.6176988685814644,0.05881360909143141,16.624163625253956,0.10889542142698794,58.27721760925295,0.9299755346096172,1.2280030886087265
GDR1_2162948691363126144,3.081394811590741,0.3479833799082921,13.438420724397805,0.7545716037522894,72.02028289150614,1.909501499046676,2.8015609347203503
GDR1_2162949309837722880,1.2106944534380806,0.09285494511343684,17.310605521964497,0.20950565783709862,50.44423921701324,2.1485624073555942,0.817013748870069
GDR1_2162949378557095680,3.1867450490908507,0.10184452361557761,12.982302741357731,0.195496248194182,72.57815244467793,0.5227714752641816,2.821123565267647
GDR1_2162949378557115136,2.1027844460260416,0.1289413683267796,13.940189985121798,0.22053887810791295,64.5661123721385,1.3616750276980696,0.7052447242431169
GDR1_2162951027824541312,1.0786072421416617,0.06653563586819333,18.329460089397863,0.14822138178553246,47.16573766461124,1.7538690944707422,1.401400312966171
GDR1_2162951474504020224,4.015882031239785,0.4639567580186379,10.442930441588608,0.7892067474487643,76.01708504067955,1.5241658277492032,0.8784117340530013
GDR1_2162951749379088640,2.3888188813006206,0.16235865193996468,14.420933027499363,0.3028772490158804,67.28498944038387,1.3863025974054164,1.001333420676666
GDR1_2162952470933669632,2.9683722012357476,0.16734112139833468,13.226697050020215,0.30643975093502807,71.3821019183368,0.9755335131332933,1.010758522725524
GDR1_2162952711451794176,1.283464175643977,0.07587773181129653,16.561986785611648,0.19088034276523125,52.07636970557626,1.647365557035906,0.7077458151187236
GDR1_2162955185352996096,6.452069976728991,1.332589111752804,4.6841160874753545,3.1147849848167715,81.18988126991376,1.6666230865240677,3.204847121869117
GDR1_2162955803828359040,2.0303348960730445,0.21704316933335288,16.76494178115427,0.3789460379884133,63.778387210379734,2.3825062904866963,0.9312695136960941
GDR1_2162956903341232128,3.6089337335023055,0.3297144975996056,11.865591654979312,0.6694841326032703,74.51247120389831,1.3411798827421877,1.3686991070889276
GDR1_2162960820350057856,3.04305001132776,0.6678681471629961,13.81260688802708,1.4351464601231942,71.8085630793496,3.555366282242796,1.446679440890152
GDR1_2162961267026674432,1.7242517409722284,0.15604415247777081,15.035289683499194,0.3655888931728688,59.88790814406672,2.268109371715849,0.7137140634384326
GDR1_2162961541904548992,0.7885777260299628,0.06584246946999439,15.260156758700695,0.1337636940052569,38.258525062290175,2.327501308070272,0.3048026404363835
GDR1_2162962985013647616,2.030349407358103,0.30358381148304847,14.029735424394088,0.638787100954552,63.77855197807315,3.325263500859922,0.5377158576087099
GDR1_2162965012238950656,1.5337531634665789,0.12070629860587712,16.422419186760422,0.2889890512159372,56.895834712275224,2.046700508252862,0.9372399807814236
GDR1_2162965287117378944,2.704685558715921,0.3606310264345487,13.412644846337832,0.8987400320284502,69.70919681473345,2.419541642143183,1.4292670642761396
GDR1_2162965699433784192,4.50332702623656,0.4662433772503669,10.481476352794264,0.8827753127101694,77.48015340014972,1.238759575598514,1.2375174337533232
GDR1_2162966146109606528,0.9803780975991476,0.04272343714713739,18.095548813734915,0.1080677078546568,44.4323228327758,1.2457073246419565,2.930565568767723
GDR1_2162966798944719488,0.8513986372837135,0.09132675738082213,17.01219080013516,0.18856471150482434,40.41102720824523,3.033981193337646,0.41413199262505673
GDR1_2162967795377160064,1.15046204182102,0.07192505234246993,15.037668299826581,0.16642599550384407,49.00230896877373,1.7710741987395309,0.3144853074581726
GDR1_2162969788241971712,1.1871961075067912,0.07176932390138191,16.77190446118322,0.1575404262898754,49.891867043767135,1.7009844635503844,0.5416149836969275
GDR1_2162969788241973632,0.9190496606334555,0.08683093217243176,14.292291906998695,0.1462457296559343,42.58455123536161,2.6818048939398196,0.21599025520335421
GDR1_2162975698125115392,1.7800013564552655,0.13812983075109608,16.39616794542657,0.2461615924547207,60.67283914384524,1.9004647653607198,1.179166241534583
GDR1_2162976419671618816,2.831666753271488,0.4945869043140705,13.852551943750665,1.0148555073771641,70.54938073176312,3.0387491265299755,1.5153977514425192
GDR1_2162978172018122240,1.8853763078241763,0.11480701333703092,15.573597388700192,0.2840358826615397,62.058606122645244,1.4455003560212383,1.2952623541243415
GDR1_2162984631649047936,0.9816931090268588,0.061162411260065996,17.524750322769812,0.15343043342662277,44.47071635264351,1.784340954531092,0.6101540161052635
GDR1_2162988101982678912,2.89808944691388,0.11780175163805695,12.902783781253088,0.2318336322702761,70.96275408708154,0.7184720805430765,1.6518413980776072
GDR1_2162988754817727232,6.334343188024988,0.46165221142137725,5.147211002843488,0.8993464276240832,81.02878055653993,0.6383503082461294,2.1421376534075462
GDR1_2162989201494332800,1.0785016762344448,0.15320920081663586,14.389877553772102,0.28138906456497903,47.16294161411429,4.059879240840017,0.25176791086901057
GDR1_2162989510731974016,5.151143226120628,0.4641115935923481,8.310826742290605,0.9684140857183845,79.01372821269388,0.9629157986087417,2.1251996671706523
GDR1_2163017101601143040,1.7605429910717654,0.14404836127263343,16.310262039267762,0.25280162598205536,60.40313998075504,2.000324343567752,0.551266611601645
GDR1_2163020881172468608,2.412876805460204,0.18878455893021484,13.569912220192425,0.23201425313943602,67.48877819385262,1.56971211561844,0.2738012393990639
GDR1_2163069500202546688,2.8968265935779716,0.3193156287767531,14.406994812139416,0.5025036628393167,70.9550526884354,1.9476784282806414,0.884123759232434
GDR1_2163135367823138944,5.09345910013416,0.6651127012333498,8.56590502220951,1.385773665944968,78.8923847127003,1.4089531623908933,1.485992618296762
GDR1_2163135573981345152,6.887092103178395,1.853602116656917,5.779144392084833,3.045008950987153,81.73843691774239,2.0205814516715335,0.41039829732694394
GDR1_2163135573981345280,1.9622096692545123,0.3047587574557903,14.567988986838735,0.5837306177335124,62.995264774873604,3.557191486483504,0.3713303695157623
GDR1_2163135677060562176,4.352438786420542,0.34132463564756144,9.100406382978708,0.5674141601215146,77.06050051993556,0.9722247860422009,2.198484015170177
GDR1_2163136123738466688,0.8669353434727997,0.09601402593306302,18.09911860669502,0.1724023400543011,40.9231730279936,3.1058949337088815,0.9891735309195229
GDR1_2163136192456870016,9.303792102507726,4.107896982009527,2.2080722867630818,7.345858040847987,83.86522299098718,2.2868891461025505,2.1861773450458233
GDR1_2163136364255498624,2.8467152631348736,1.4833692039040296,11.968494247872357,2.237308400953623,70.64451905434096,8.60299507529384,0.46410173023058315
GDR1_2163136742213531520,1.2532384724986982,0.08165051966483794,17.07959452893055,0.15587755502692957,51.41248755323938,1.80795057335844,0.5721510684086786
GDR1_2163136746511218176,2.657579721804013,0.3112095954405496,14.529360161370764,0.560859893173558,69.37957352776222,2.170890204297924,1.0946861048803216
GDR1_2163137360688842752,1.5422992667909128,0.09427208264924236,17.367305626562544,0.16572263728934722,57.041325829767025,1.591470114567391,1.0357027479563798
GDR1_2163137738645105280,3.8171492607102433,0.8190589176013512,11.364923126954391,1.3884041363875426,75.31980696085913,2.874123508628101,0.8450452466696157
GDR1_2163138116611233408,1.8055732216673568,0.08167441060181879,16.365262991268576,0.1763941677868779,61.02052988148014,1.1003498072857123,1.308215977395998
GDR1_2163138288400926464,1.8610836167095526,0.1176638903915026,14.887891416440597,0.2186668952197266,61.74991158270261,1.5004188908286487,1.4174714319107677
GDR1_2163138361418522624,4.110557645510337,0.22603533201073267,9.413180289504677,0.39033427212153704,76.32692118628086,0.7245726315863357,1.151528014190593
GDR1_2163138597639123456,5.879674521625407,0.8658758421516657,8.307733404942983,1.6532493432279782,80.3476421373857,1.389332701953839,2.149191251364907
GDR1_2163138601937119360,1.7610626154202251,0.28978406282144376,14.246922794381916,0.40438107408515833,60.410400673685565,3.973443511710965,0.3446687130494932
GDR1_2163139151692568576,9.286186051369125,2.164082618423818,1.0238101309983794,4.367071677068914,83.8536839759181,1.3325742431573808,2.6957970463585603
GDR1_2163139804527939968,2.750952295841235,0.33554751913069736,14.94540520578722,0.6824210422016384,70.02326377811787,2.1897817815696317,1.4549128513278153
GDR1_2163139873247408384,1.2281974473551938,0.12573906571556492,17.737965005748215,0.26256750886778946,50.84747295845161,2.855503302498877,0.8722486259404336
GDR1_2163139937669407872,2.3797462357079606,0.2777443112733424,12.755828489705323,0.5178214504929981,67.207225109151,2.3415487705119173,0.37724983965853803
GDR1_2163140246906862080,10.998886462036314,3.9592791945875527,-0.13594115475656132,6.968667759189506,84.80502185085945,1.7493979691368686,2.4306302448376895
GDR1_2163140281266601728,1.6382134425180874,0.11192336990242313,16.77653559118481,0.2226723429405446,58.59922936969505,1.7295092891108932,1.2723602813521766
GDR1_2163140315626343168,5.29227643584535,0.3133943648612241,8.077466282800795,0.4692407184652194,79.29985379444895,0.6179275932259297,1.1500952935963722
GDR1_2163140315626344064,3.5847321778740358,0.32164496518070074,12.044425559816304,0.5872815347259754,74.41297780496454,1.3250240454202098,0.7438460572224546
GDR1_2163140315626346880,2.2719412803850707,0.10421489613004287,14.71603599370678,0.15872757829824735,66.24319893910355,0.9716029123227109,1.2244911097164382
GDR1_2163140453064444544,2.5942232703068955,0.34684129414291265,14.275806963363816,0.8039060673790148,68.91975391204731,2.5051929750164534,1.3858221105386361
GDR1_2163140968460295680,2.0155229185075676,0.2533709211201963,13.386890635084796,0.46613587674434687,63.611729636737024,2.8435333392472133,0.3255161543540607
GDR1_2163141208978477312,1.049126617177948,0.043300177696678155,17.63635209238823,0.11749050331509814,46.37336982629219,1.1821485749183627,0.7578565436265203
GDR1_2163143481019730688,4.313546468429168,0.822307116110707,10.210410335964319,1.7318803888247043,76.9478115091169,2.3180642333746175,0.8191371853155837
GDR1_2163143717240796032,7.787295556206111,0.627985896187591,3.771696056664423,1.12251106983922,82.68245067304973,0.5832842428871398,2.5403492961518266
GDR1_2163144473153865856,2.04312966144118,0.29872924701560755,15.700425840929675,0.5970247982694366,63.92078138206404,3.2702830016261917,0.9778158843265976
GDR1_2163144541882323584,1.5508072559108341,0.14920445122421067,16.78107542864003,0.3352760213418726,57.185044247339306,2.4978122609494102,0.9747318955415719
GDR1_2163144576233088640,1.2860700487722925,0.1316314818858625,17.650037573783273,0.2682312324516847,52.13269738091181,2.8381107172530498,0.9135143250095815
GDR1_2163144644952565120,2.0837496706452256,0.12677376590482903,14.858376992291344,0.24064251115884705,64.36346031407642,1.3557592999378363,0.7231947128545704
GDR1_2163144851111005056,1.9987979849531006,0.28380026473146314,16.07961653525546,0.5993025796035587,63.421168118560864,3.2482135262196006,2.142778591699326
GDR1_2163145984982389632,5.70966538627758,0.39643449555153154,7.436275734205915,0.7489085724228883,80.06588198324215,0.6684222259973636,1.8311271105320543
GDR1_2163148596322501760,0.8585011078760507,0.10782636461090384,14.104663472830442,0.12596501179073538,40.646126659643606,3.5425324066881876,0.21110440758320695
GDR1_2163148768121199360,1.9256809686206087,0.13916523767511624,14.987413376492611,0.25119313869427895,62.557291396252154,1.6813475110397573,0.36668434628144037
GDR1_2163149214797802752,9.17206241600708,1.552471043229446,3.4158011341047843,2.459511653272713,83.77780446756792,1.0111495411214846,1.0032679650860117
GDR1_2163149317877028224,1.6908563080467425,0.23097896384285477,16.43734842799134,0.5611234179772193,59.39923685473109,3.3485557948324787,1.0483668922533798
GDR1_2163149661474923520,4.44866929848037,0.9846437655921594,11.640897983762809,1.945731268482655,77.33126951717686,2.4962250873956635,3.5244449098057204
GDR1_2163155055959979392,4.789361687349837,0.47649484334560066,8.707370279983877,0.7637083336210146,78.20630221731,1.1264301107107821,0.8928187134778633
GDR1_2163155227752761088,1.077361427502309,0.10918486038764613,18.06475266093232,0.25396844265506147,47.132722729308774,2.890214347690695,1.1934570873176196
GDR1_2163156052385630336,3.727559530644876,0.35030605006878934,11.517895211535471,0.6635057191957427,74.98274267963323,1.3251530016491504,0.9000845077696388
GDR1_2163169761929937280,2.8722207640013715,0.641248696271224,13.28674307954493,1.6353066185704366,70.80379111694604,3.7853508943850773,1.4874743962327623
GDR1_2163215391652091520,1.2398872317433263,0.09751072695461482,17.333600220417885,0.22517168716658986,51.112956858705495,2.206637313210917,0.711605119540615
GDR2_2067027228235955584,1.2909405578866675,0.10574739343841755,17.387415657672513,0.2293448602375534,52.23759816653622,2.27070698726779,0.6975775035052038
GDR2_2162926254452857472,1.7566045368631016,0.1668981506903876,16.24324425109993,0.385816668711767,60.34800176100373,2.319668478308237,0.8608488893280198
GDR2_2162948455142499968,2.014036903725227,0.07691177793980841,14.60704562802546,0.17796271950489384,63.59490134587573,0.8723656115726806,0.853216457935554
GDR2_2162951684957670144,1.825542526019909,0.15151985978549076,12.839634039735717,0.21541977303332693,61.28684937825386,1.980948829425151,0.291703256795315
GDR2_2163136059317926016,3.0152786656758837,0.2007242924313586,12.743145235124652,0.3432026224751912,71.65219189927636,1.12891042185293,0.816018518284159
GDR2_2163137120170654720,2.6455555270097912,0.22413054967500678,15.575839612675626,0.40548807577210955,69.29378665309866,1.6025995017391603,1.7199750693548468
GDR2_2163139804529410944,2.2976411381502615,0.23731154634697482,14.03486754821521,0.4362149820059731,66.47992883308275,2.097947473026744,0.5485308299966032
PSO_J205647.351+434127.587,0.8924754166554068,0.0784491271596382,13.34778954938842,0.06691955069260125,41.74812767891817,2.495146247772861,0.16671152849609988
PSO_J205818.503+435346.014,1.9088950206283515,0.1976810757422165,15.636893704326575,0.509331283440595,62.35160797320169,2.429219351885195,1.4580215415167248
