star Identifier,odr slope,odr slope error,intercept,intercept error,angle,angle error,pythag
2MASS_J20470481+4349114,1.691214267681385,0.13875408551308765,17.957834264386605,0.2174909767918951,59.40455146022939,2.054019779615497,1.6104231193242666
2MASS_J20475256+4345137,0.9575749682129984,0.03449647129528988,18.349175855616046,0.08492849876781428,43.758466479563,1.0303647445004815,0.9943359983551486
2MASS_J20475581+4329019,4.336563917258881,0.37175090590218485,11.747469244367945,0.6591503185579111,77.01473551621062,1.0641270484369785,2.5497740868319436
2MASS_J20483292+4351190,-17.36071595604136,21.942857741003778,52.34945666067519,39.85088660016601,-86.70333077061956,3.2071639323632577,2.58414309466722
2MASS_J20505039+4450115,17.338361239419836,3.5349466508225698,-18.21792438408023,7.544165550313258,86.69908931261884,0.6399714602764816,3.163461807250512
2MASS_J20505363+4424305,2.216667599699659,0.29301466117785735,14.240086922194454,0.6565123415773195,65.71854849731176,2.826321193466459,1.312072877344185
2MASS_J20505543+4417461,1.1347976111077576,0.08867690731672173,17.518151736208775,0.17782089225631026,48.61303298398065,2.215542654157844,0.7348071196613435
2MASS_J20510029+4424364,1.3414545907006146,0.11605479001302288,17.649489850189145,0.23203384361254287,53.29696435090505,2.368158551214409,1.3028360779049661
2MASS_J20510663+4421407,1.923647501299302,0.3605336763153092,14.362597457009917,0.4998112576923557,62.53251900014038,4.2105294268392335,0.3123196458137652
2MASS_J20510895+4416420,1.1342249873537402,0.06436168904496564,17.951083663699556,0.1250022058885989,48.59868791242794,1.60747571653736,0.9298947234472058
2MASS_J20511252+4418093,1.4901026968348234,0.1497621918341352,16.581299544534133,0.2847145152705526,56.13464774669963,2.650696753388055,0.5499037101448508
2MASS_J20511262+4418454,0.7444494351909199,0.16819028000116765,13.396723244349074,0.2197537996893404,36.66581724579523,6.067389125280879,0.3489339323735613
2MASS_J20511374+4422252,1.0493254389457984,0.0424587739500768,18.61522082443973,0.08149108913232972,46.37879208441752,1.159108767089608,0.8574226692554875
2MASS_J20511455+4413379,1.4813121557791407,0.09419102328865947,16.326899192212096,0.1942096883169686,55.97761303125174,1.6910794133235014,0.5818486811376468
2MASS_J20512059+4420322,1.0705425193890075,0.06018181391728872,16.836363626046094,0.11526351947323121,46.95128845013905,1.6040890891566062,0.4118425772815669
2MASS_J20512139+4424054,1.0633203534424027,0.2707361766952729,13.073534689715459,0.28799056468852413,46.75777362935655,7.038294814638716,0.24391444680429283
2MASS_J20515226+4418213,1.329430760447506,0.09400676657136298,17.531656564174448,0.18571337185996661,53.04945499097807,1.9355062512283796,1.2506654996025364
2MASS_J20522880+4418297,1.599043727309002,0.33855873668003245,17.123599773897425,0.6642077728107338,57.97921960487503,5.488203973294046,1.8562110855249598
2MASS_J20523394+4429168,1.2750269976370303,0.06973953946722844,16.749109382207177,0.16507915120204153,51.89301222333084,1.5227557579240218,0.5976714868142974
2MASS_J20532233+4438526,0.9514634300230316,0.06756778025143123,15.644325346854394,0.1534926659785576,43.57523970196758,2.0261487976224086,0.289022037599412
2MASS_J20533662+4439529,1.2551942678216126,0.0883607578050436,16.11693886975973,0.20431265393209852,51.45603763057031,1.9597622936626742,0.7044804442752785
2MASS_J20564400+4346000,1.081830712859237,0.07832780871153688,17.913954259377974,0.13844951027894403,47.25097162684483,2.0792643328860905,0.8267628373901778
2MASS_J20570162+4341387,1.0513633693072642,0.059151946348447504,18.46481057084377,0.11228676719544417,46.434309101809895,1.6086566620776102,0.7339694769971321
2MASS_J20582381+4353114,3.565425815715269,0.12669816987002158,10.00502676315626,0.15373001525231444,74.33271051102194,0.5269941927152298,1.1078825706902486
DPP2017_409,0.6427132756020784,0.11085653252353811,18.005121739388745,0.25694356536064333,32.729391507121086,4.459646368121995,0.4830256818784232
FHK_101,-16.81419408327935,47.42739780275198,52.050230476148826,90.52541607455362,-86.59642485338719,88.74679224615848,2.6067809543596026
FHK_115,2.9412409231808114,0.3620357847458999,11.385310997338511,0.6762191954454817,71.22234894591433,2.131866206645377,0.5248745782688579
FHK_118,1.1936658157920799,0.09941793108795671,17.7017360493714,0.20703516455126802,50.04522591236345,2.345787749915914,0.8438104458878642
FHK_123,1.9894049497146389,0.11721513340381984,15.036707304609129,0.23090207675559427,63.313021858172526,1.3493192045032636,1.3331692405981557
FHK_127,1.5781159673861105,0.23914943445768855,14.556195001074443,0.46722464995683133,57.6389131738334,3.781515356247701,0.5755131852726523
FHK_130,1.0943367778289361,0.1044973573993433,15.239570455134327,0.2216984198516565,47.57907331737463,2.7144365308445595,0.26765404367017415
FHK_133,1.9890075383515384,0.33572737025326016,15.152452358708866,0.5877954163048722,63.30842803715168,3.783831552756997,0.5556513390350539
FHK_134,1.1816056711718748,0.08867666383992634,18.052017573136748,0.1996660831712127,49.7585604909529,2.1106812039266747,1.018761556655726
FHK_137,1.518164931760105,0.24125070106354762,15.303058309106758,0.5142200987960353,56.62750408031312,4.094818997302791,0.7073336049866564
FHK_138,1.5207715163724709,0.21553216476282988,17.283783895855578,0.4491832810837568,56.6726410377283,3.6835259461408767,1.2638805127154216
FHK_142,0.9575547377699396,0.06315257869717184,14.71306390582352,0.10237365620436645,43.75786182513459,1.8819716982783492,0.21172230915945423
FHK_146,4.087554146401793,0.41420077017815604,10.119898332864892,0.7680816908950767,76.25288493358202,1.3453177699182324,0.809195390528528
FHK_150,0.9497179058711744,0.1019503576555138,17.44559994969284,0.2522388267322615,43.52270244045829,3.068155614791425,0.7563786557681297
FHK_153,1.1154205534798503,0.18837855420404692,14.984118439762964,0.34450437588479854,48.123044587015535,4.722444378058302,0.32145205335239296
FHK_155,0.8836592649684325,0.07501455097905257,14.85770675901783,0.12456999590645879,41.46572150733151,2.409948715759055,0.28639701995942046
FHK_158,0.7820356869577025,0.10245509026597532,16.31601625021247,0.18304327669600085,38.02667624994094,3.599453435977003,0.2529272738293641
FHK_15,5.6599901418518375,0.8945235461800509,6.467197264020975,1.6949911757584544,79.98045385875703,1.499416601679411,0.6967784172742433
FHK_163,3.341298454333061,0.28029748783446595,9.140747159045398,0.5988969135178035,73.33835497678032,1.3192526227383332,0.9286603029519392
FHK_164,1.9771379900497468,0.2678164416659956,15.218219709653367,0.6126745889421725,63.17055317381324,3.0988048526551615,1.2140903325239423
FHK_165,0.7269203152174949,0.08308493087323493,13.25838457125616,0.10111734291299701,36.014163846952414,3.1089172166908465,0.1974779527387685
FHK_172,3.1139232912396824,0.3843134479863928,12.011577663677201,0.7551788403057094,72.19618680042826,2.0496196577365016,0.5739417271000732
FHK_176,4.603354298773203,1.193749400310776,16.121758864266916,0.007336075720058233,77.74388839921694,2.805982769139067,0.20472274137128924
FHK_179,1.6139238069063475,0.09048495575269988,17.404968726441354,0.18145570168293723,58.21731616933155,1.430855359633393,1.5713204218697159
FHK_181,2.6240904786704053,0.2336960505051222,13.369010893810648,0.47159900419207457,69.13893566218891,1.693867227285651,0.826041247431861
FHK_182,1.1102737257857735,0.06640019263624808,17.32628826425684,0.13506183092753865,47.991307393012235,1.6990068743267945,0.6481674310837121
FHK_183,1.287181088122352,0.08674721259611307,16.511459075019086,0.171806081214541,52.15667105802729,1.864589322207751,0.459062088352224
FHK_192,2.003840744133159,0.16966833628575606,15.481052265747424,0.34189349812307057,63.4788929508482,1.9270038135050012,0.5918840941048028
FHK_200,1.2963812711244742,0.11216262415074674,14.976722120223137,0.2492815301891289,52.35419437235515,2.401753378685397,0.3663405799810351
FHK_203,1.1599930009737833,0.054243937073288895,17.975208071303378,0.11818358382299543,49.23622383188718,1.319339250261355,1.1272026919915743
FHK_210,4.746813977718956,1.3034130729024784,10.02054581867774,2.5174550575827963,78.10358817724526,3.1203311460418806,2.25756840696686
FHK_213,1.083067764844594,0.05648546448668368,18.152430064606868,0.1321764541885173,47.283608347881575,1.4872027370425709,1.4325854679024363
FHK_216,3.2279717839734445,0.2778407402704075,12.2639493651256,0.47784289650086986,72.78743431617079,1.3827661410604806,0.5782976337304354
FHK_217,1.0185528607389776,0.05149065765566685,17.31487007138739,0.1473421906864676,45.52660036661679,1.4434010468959395,0.8242980216777881
FHK_21,1.1241320516492852,0.061128282562974534,17.150835564690333,0.1463286702390878,48.34450141552274,1.5432627935658325,0.6590764194609561
FHK_226,2.5171645436389953,0.393004093000368,14.269067831626229,0.8123335708571151,68.33343995904917,3.032265364419783,0.8246592477808411
FHK_22,0.8726642331369119,0.04876563069413031,18.16519781532393,0.12412314583676931,41.11004008252188,1.5897459295741836,0.893245133020981
FHK_234,0.9527880683972628,0.09993028586213709,18.40524530476543,0.2191222230733043,43.615047950314874,2.9612124315574606,1.5790356488570108
FHK_24,0.5466956224980847,0.08596939110874927,17.101266278766175,0.17317866215197775,28.66523367072197,3.7694942119291612,0.6463265960119212
FHK_251,1.4326412788559633,0.09022861765408663,14.97142874950923,0.20298977487798098,55.08451844551003,1.6865809794794764,0.46720695549376345
FHK_253,0.8644899813140554,0.10240118312537555,14.35350251960492,0.11855250823221297,40.8430860122742,3.333704987788419,0.2171303609469006
FHK_255,1.2584428628589435,0.09052960956346223,17.67823802059825,0.1958894564423872,51.52819343750973,1.9993084067292868,1.661181712768511
FHK_26,3.621040433318063,0.862659114464343,11.484003317496098,1.6271249785641908,74.5617787502865,3.4830756277530326,0.8487346366248488
FHK_272,1.0987393147602098,0.05111381035340612,17.122980183214437,0.14000427933564552,47.69360633824638,1.3267519598034951,1.3506650846234045
FHK_278,4.128502448806769,1.0578905828389056,8.627710673430045,1.9531720136910034,76.38413183417988,3.179833865246111,0.2952875355715767
FHK_281,2.021731971038772,0.2493282147526069,14.313423290677662,0.5277107236205332,63.68183122520525,2.7758207330396414,0.49150330287853206
FHK_282,1.4963617109249583,0.10189879368023669,15.496910615583143,0.20855732770231494,56.24568347852016,1.8008584128786662,0.37422062170329656
FHK_285,3.9893609546312216,0.40444125324296976,10.160684563878249,1.0024650670267912,75.9278093158978,1.3521820563338007,1.5362592733138702
FHK_286,1.1786349763438064,0.059852902287568455,17.730845216748754,0.1368488688667906,49.687423770763694,1.4345473503817983,0.9892511602965471
FHK_28,1.120542731168071,0.10369860101709716,16.33851373718347,0.2198744809674782,48.25349009522098,2.6144133537654577,0.43880122207685407
FHK_300,1.2033412275794113,0.09921777192327053,16.745590548210174,0.2708482537269763,50.27275843638088,2.313691761028336,1.0682084844261779
FHK_323,1.2922889080564541,0.07396891716075804,16.556771783365463,0.17217304877145878,52.26655130913899,1.5823019500178437,0.6421537961691578
FHK_327,0.9824462170736765,0.21632182331829158,18.200048811794638,0.3906277732342023,44.49266861231561,6.045278618014253,2.20269465311583
FHK_32,1.9246746700332027,0.05660942910480238,14.969054380804064,0.10501929702460622,62.54503957655398,0.6895632588452547,1.083673233929123
FHK_344,2.5080504278343896,0.35293939422822374,13.18126057856438,0.8306272454454033,68.2620352581484,2.7141569307732585,1.849420011810147
FHK_348,0.7990137433821372,0.03540649142860275,16.11917355523343,0.09000376055990955,38.625335367009065,1.238918023198424,0.31235731330974265
FHK_35,1.4058556371187607,0.14762808283530993,16.40336997645754,0.30838611728222887,54.57535456048783,2.811101148992288,0.7814755204455971
FHK_361,1.1651495823427147,0.08659074093501062,17.393223842436832,0.24511583998427255,49.36186344836934,2.1084680705581507,1.5626619367972665
FHK_362,1.4057744888138868,0.08041156093010604,16.64359708257748,0.20278714346050286,54.573792511121255,1.5486114594631388,1.4072219081363468
FHK_36,7.057727146265766,0.7012622904860475,5.119395305122258,1.1133161738403177,81.9355177189593,0.7762954704608636,1.784787354363207
FHK_371,1.4865256144305234,0.16047127131444494,15.969439766358809,0.29459978588919,56.07090073994108,2.848687009155694,0.3812930595430545
FHK_372,1.955857655350274,0.40717790439544643,15.126132610171801,0.8357734752219832,62.920034981930876,4.683976393472251,0.7196580708235398
FHK_390,0.8645044456551086,0.03454131763081536,18.553524628446887,0.06579622041485678,40.8435602849005,1.1332169294033754,0.6733524718207613
FHK_405,3.58383717843211,0.32079047623758505,12.267316869182816,0.6153727882868942,74.40927381617482,1.3166635874755406,0.9947389288647855
FHK_408,3.7045899216942217,0.9247676018114335,11.104491890062786,1.232327787768848,74.89387406429667,3.4337585872579877,0.3536731147803997
FHK_409,3.110967087559038,3.679153158990029,13.38776612574982,8.456782707504615,72.18028913829772,20.71388713858229,2.250636126919103
FHK_40,2.1904329907092466,0.15113525714968357,14.955458824895768,0.26735008887829004,65.46184425776097,1.48568746656354,0.8509550228915819
FHK_418,6.888800926823773,1.9285043282057033,5.244062318224895,3.3324371360367255,81.74045795014183,2.1152820734504614,0.5050916411666787
FHK_430,1.6105248890412522,0.28788392410459374,15.841458514625627,0.4978827346708812,58.16320734191628,4.45406161983686,0.6465978900885739
FHK_431,2.3016587094732754,0.22227129185063332,14.023539744590256,0.3501977175356643,66.51653083215693,1.9931199509204403,0.29993741547750097
FHK_434,2.3428535429832253,0.12304732661006335,12.764694762727263,0.19014240571335694,66.8857602308047,1.0839565803143476,0.6270360901071048
FHK_438,1.0786987412920817,0.067825257751296,18.512566141771963,0.14123427446268444,47.16816082408032,1.795514016457204,0.9920132148948063
FHK_43,9.03651076127471,24.749793060037064,1.2750969140223036,44.82628886213193,83.68517607664144,87.50857676236234,0.6907415240994805
FHK_442,2.066973630879523,0.16140180360033163,15.870510257402698,0.2500254730905258,64.18234416151199,1.752526942372965,1.9758056838175606
FHK_444,-7.727520278748871,2.3071468481844613,35.597763406203825,4.596017790021502,-82.6264634957022,2.021472428529085,1.8908877455486466
FHK_44,1.1723697251218412,0.08071504377172611,17.23649143779351,0.18350089873819364,49.53670910788612,1.9434771423296267,1.1037277930115381
FHK_451,4.338329592581172,0.7795988374151719,8.375869804908962,1.9169414357345191,77.01983888541807,2.140377779007924,1.4426044433977545
FHK_455,1.7026270999915611,0.15058283056540211,14.91402353296456,0.3030333898207296,59.57310521092003,2.202947962099352,0.3814098031178224
FHK_456,2.1237889858752066,0.22910503430987883,14.583959375179024,0.3984225850993157,64.78629054621628,2.3627918481043126,0.6763018281125761
FHK_459,2.177404112368311,0.18550180265603267,13.36687303891479,0.34819738404928824,65.33245400777632,1.8358649087372005,0.57870814020371
FHK_45,1.1656774004857042,0.09452257474182502,16.16230434245726,0.18581000414335858,49.37468754641274,2.304242847063209,0.3390429061012531
FHK_460,1.6289617139889119,0.31112573899789486,16.638367456875013,0.663802194832158,58.45473671201538,4.863866079315852,1.8455416677079561
FHK_464,0.9535040025837829,0.02827023426995251,19.31971974851664,0.04133507538715264,43.63654155609734,0.8460809247458032,0.952185657350281
FHK_468,0.9622695395338383,0.02835679991430401,19.122533864274605,0.04529344431863258,43.89845416052063,0.8446949001866508,0.9682604503727055
FHK_46,1.8442611036823497,0.23777638253560118,13.84675896748632,0.3351249658670774,61.53245130437286,3.052523343114559,0.2769061715726448
FHK_473,-6.772358041374124,1.1671992147435564,26.6473971114455,1.4672542898239769,-81.60045395148892,1.3846305508904637,3.4558599148185642
FHK_479,0.13179270496380496,0.10056398470915956,13.288180738525678,0.09792666875601075,7.507896283258508,5.627695150587378,0.19759185691217018
FHK_47,1.1243184046725716,0.1876618098856424,14.810830643313285,0.35189915744877887,48.34921707037807,4.676509107697298,0.29211068282326436
FHK_485,0.8369544242918054,0.03271033996377343,18.695308665012778,0.0727664233223475,39.92779645666295,1.1026667316351297,0.8260392937884729
FHK_489,1.329512517622946,0.10183171514754663,14.209912718408155,0.2370513497502662,53.05114677738097,2.0939890181990357,0.2751300833387657
FHK_48,2.014023992994768,0.22638312713293685,13.955550508788189,0.38281580335171306,63.59475474658273,2.5278553113962894,0.6500325169500759
FHK_490,1.1981639258942112,0.06705959998165645,16.969964350311244,0.16976569296393507,50.151275474004805,1.5835926738811859,0.7687683216037401
FHK_493,0.8049714009631012,0.2139411637007263,15.893238577971399,0.3745506190416137,38.833070165706694,7.297370842700799,0.27254892842716477
FHK_496,0.6978777855490619,0.1426843639755183,17.93721120837753,0.3049097345247773,34.910324977635085,5.449192379157444,0.7735358704664199
FHK_500,1.636471014613308,0.26322792260800754,16.52245539279561,0.5261134023109717,58.57210586738797,4.038231357067321,1.0248163152985144
FHK_506,1.3750260775343346,0.25830799004195226,16.64721954245972,0.6557162275662494,53.97313601944833,5.024680701994647,0.995479317278904
FHK_510,0.9292535232849635,0.04628460360757303,18.329779112694077,0.11725178895271604,42.89988245690242,1.4210807723010055,1.1702958706760613
FHK_511,1.2349597042454978,0.06447878878954905,17.105288811887185,0.16938805598663187,51.0014192594956,1.4646948428733986,0.875756189440798
FHK_514,1.0901723215377692,0.061791750347978125,17.67881024933702,0.15862039704708053,47.47027087642362,1.610251885592833,0.9340582491451568
FHK_517,1.3820367141835463,0.09248567959689369,14.757821663494859,0.20945745685761974,54.1116374553169,1.8161298834361068,0.3456918890321646
FHK_524,1.7693888704979566,0.20627953822281875,16.41830260734626,0.4037593256178358,60.526303358987136,2.8345792431887387,1.9055844869513807
FHK_530,1.9937696566675525,0.2797050230028719,15.167222465726685,0.5684525149846094,63.36337591595099,3.1910168728520403,0.6029642426982756
FHK_531,1.2452754822258445,0.07719658671726137,16.68311401133267,0.1986523328780816,51.23431066921984,1.7289017092217007,0.6717859075761238
FHK_532,1.1857429604754288,0.07050454079744994,16.09429995311647,0.19675678410746755,49.85728643048191,1.6814927338716104,0.8225066384671901
FHK_543,1.4664336818603,0.1506434056691296,15.098009837590794,0.2630078140269978,55.70888626190257,2.721290668103705,0.37696010935905416
FHK_562,0.8466026952555772,0.04804899032010734,14.320155257263245,0.05948386395490868,40.25134186042349,1.6010359658277378,0.15155986620146517
FHK_566,1.3134458446953698,0.08879321469364732,16.42960497816325,0.21009605376193718,52.71594706461229,1.8572195742521036,0.6404364787159498
FHK_567,2.115274088637171,0.5730365661457842,14.963443897198694,0.997959143136641,64.69746462854323,5.546546174610249,0.699508649730884
FHK_569,2.6437379211068572,0.39624655042178025,13.256455453808321,0.6281114565985257,69.2807587698867,2.8126664157764694,0.36658625848309034
FHK_56,1.313967134878702,0.09017748120068347,17.235074397090244,0.1910145835756225,52.72690438217727,1.8841219378446292,0.7158804007637585
FHK_571,1.0086571551610972,0.07425667804790342,17.950078791042046,0.18576357997440418,45.246938293870855,2.103084183118699,0.9674165330246549
FHK_575,1.104695818603199,0.04534719959981426,17.099172673943265,0.13093079835734045,47.84776917900107,1.1693079049284492,1.0261652712885987
FHK_576,1.1894426912878189,0.08899629686907551,17.647046291889765,0.2001021353573229,49.94523116193407,2.098462179975624,0.9637678635655194
FHK_577,-9.462671104399877,35.40677817107373,37.436243945457974,67.45250174187103,-83.96746260929314,85.22326881597844,2.992565050270545
FHK_579,4.386713783214244,1.9882951026614313,11.843120461901549,2.0328383606648304,77.15823190353706,4.800958703178736,0.28687877671036377
FHK_580,1.0222756229224204,0.07733561894784596,17.47705951716403,0.20678835742805646,45.63109378256344,2.1574396747082174,0.7940122236956546
FHK_62,2.018069241243343,0.24142766655265224,14.269032094304357,0.40930355243932226,63.640520314219735,2.706001598015205,0.4387117542133396
FHK_67,3.565876352837389,0.6603912806448153,11.75791424546319,1.3847355625806763,74.33458176623326,2.7251673025202914,0.8958223767999363
FHK_75,1.5059294532565861,0.09780534954214115,15.511301737219602,0.19984188775585743,56.4141801293351,1.7203093769147224,0.46205315066580654
FHK_79,2.496266549471591,0.3641353285627513,12.597431207296642,0.6941110561216908,68.16904670406046,2.8013039408284084,0.5246961335610383
FHK_82,6.785587561965015,1.6779283615473704,5.967011568176314,3.2228645940410763,81.61657878624547,1.9488749149352995,2.0956904541223556
FHK_86,3.0137763316321413,0.36775230750908694,11.71323305918822,0.6251163025340585,71.64365881264844,2.0773951114214806,0.7939737522884529
FHK_8,1.0776293654793707,0.07522661267811837,17.76975900471388,0.1514370860610299,47.139826735232226,1.9930737066435382,0.7737863042099606
FHK_98,0.9423822322364904,0.20054587665707507,18.231851266988947,0.41294781031369787,43.30090723080966,6.007233936194835,1.8801119013522969
GDR1_2065995748890512768,2.309942618754076,0.2929933495857737,13.19716036390044,0.4307196334271337,66.59167348827975,2.63609887091221,0.3190406423699447
GDR1_2066790146043148928,4.620915317710194,0.4227688506424614,7.971688696211594,0.9992257343901851,77.78907007658887,1.0703341486509272,1.0169137158747723
GDR1_2066844954118735744,1.6362273329388275,0.15882782355585234,15.782183784498308,0.3539219646528835,58.56831070288011,2.436852318312472,0.6794747873161657
GDR1_2066855807501721472,1.4991265170703172,0.1259823464623243,15.799687372063094,0.20620904702287213,56.294527210356016,2.2345025852750466,0.5179225677612084
GDR1_2067026815919131392,2.453128717989875,0.07207475657527063,14.281911854998459,0.10500666523062918,67.82209286306627,0.5881491269094539,1.4925110350923698
GDR1_2067026953358039552,1.273183645324248,0.1640849132377623,17.61618630422911,0.33562177079609157,51.85275183069256,3.56061191312862,1.5708930451547938
GDR1_2067030011373814272,4.165605930793781,0.48928247232156763,11.890240118875553,0.9051049108158091,76.50095585396106,1.4923193464500093,2.810676261584599
GDR1_2067032760152922112,1.604274735129997,0.1077989231812223,17.498039926717873,0.2005615980624711,58.0632835616982,1.73170260422218,1.7971806904977343
GDR1_2067034237622346240,5.293912861675457,0.9161588875871729,11.018243304070705,1.3669372584113146,79.30308200525097,1.7751974215802018,4.334232639288156
GDR1_2067034546860024960,1.7657348952686553,0.12021516737780402,15.096828144631967,0.2024049591364916,60.47554184128285,1.656981852690993,0.47103257379275065
GDR1_2067059732550905600,1.4422132553424376,0.12152448658925419,15.838331884369069,0.22556446774365213,55.26338363110414,2.2551878555028866,0.5544261189694546
GDR1_2067061691055800448,2.848764277821437,0.24476449934206346,13.951258531424502,0.542742329572496,70.65742624178299,1.5241659887940897,1.3359461170775486
GDR1_2067062618768745728,1.309356038646602,0.07223943829275081,16.86706712868035,0.14684724562382634,52.62978917012895,1.5190409590284637,0.6944381786968002
GDR1_2067062824937136000,3.491947118477451,0.15549174115100928,10.160521126896988,0.295272275050503,74.0197070773505,0.6711725615086532,0.8195815079265935
GDR1_2067067807089176192,1.4270760444863955,0.16649781612306613,16.444893425763876,0.4086558536896012,54.97978361488155,3.096587442681141,0.7960900990404794
GDR1_2067069937403328128,1.860941801728491,0.10388124553695144,16.41918078383638,0.19004926340880957,61.74809111930142,1.3313984815538724,0.9331549001476336
GDR1_2067074301079809408,2.3605845117080126,0.4929464658662831,14.749404706422466,0.9609935446310853,67.0413235981752,4.156219648902759,3.6290685874444013
GDR1_2067120514926515200,1.7611903994597709,0.13705283869838614,14.904473824922668,0.2971984830511678,60.41218530692992,1.9003672271365426,0.42368911435768597
GDR1_2067128658184872064,2.0056814531748453,0.21399808146540766,15.227643938836465,0.47035572929280356,63.4999053059574,2.4347113642000657,0.8621844932069503
GDR1_2067128795623856256,1.0185691282472455,0.06787038669394713,18.30513680305114,0.14956131341488543,45.52705738387515,1.903802505353055,1.049688975317121
GDR1_2161843098061857280,-7.753256731346003,4.366901566642367,33.23455055771629,7.47863100015055,-82.65066913812103,3.4499686130036746,2.1014694129978526
GDR1_2162078393549548288,0.9412132417344532,0.07767783262541045,14.555315058479113,0.10981954530163307,43.26541147116447,2.3517948106392415,0.15331889630096565
GDR1_2162091003573281920,1.5848601832364904,0.15852482663539735,16.973936527751547,0.2888973577807352,57.74928321728282,2.555717837916073,1.1900706291737584
GDR1_2162091278451209472,0.9818707175453146,0.04198339968807174,17.221672532837484,0.08863543018600595,44.4758978161197,1.2274270960670741,0.3983289397516709
GDR1_2162117563651224960,0.9404352031439225,0.03366996306156134,17.336090834120075,0.0778166226384478,43.241765332679,1.0251380138127657,1.1067589285070911
GDR1_2162121961697794304,4.271020151879237,0.45167937757739174,11.244517087076208,0.7196422334825172,76.82236513960105,1.3296846918493466,2.247451062162643
GDR1_2162122064777006080,2.244696418241019,0.40264624910473557,16.824838093447703,0.5487633787132449,65.98728812522808,3.8301484245964774,3.0248839977999986
GDR1_2162122339654917120,1.800457810016605,0.29330187977330424,15.27222379063688,0.5474109456852982,60.95158025827121,3.9353182684173285,0.7757901313181002
GDR1_2162126187945624704,4.014592746456704,0.5365457956318218,11.00132908178086,0.9936597356142034,76.01277006917314,1.77017811634606,1.2653641856242597
GDR1_2162126325384584576,2.87978239509253,0.4473882202587398,13.325769653912754,0.9362008398814128,70.85052100375847,2.730836212772346,1.025189910579361
GDR1_2162127562335172992,5.105503910398453,0.9857194041682416,10.539615021225512,1.5507111447418298,78.91793946719876,2.0505677399060636,0.47950338233442696
GDR1_2162127974652045056,1.9794168203344453,0.26864242606354216,14.898204640903796,0.456731043770092,63.19712623283736,3.0963848927610957,0.40390758361106976
GDR1_2162128009011784832,5.274498821305656,0.7469170240092469,7.404731185646338,1.4475567790052017,79.26462548345704,1.4532649200762315,0.45551605517413934
GDR1_2162134880959435904,1.5788146214538135,0.16674316899590325,16.140420083392762,0.2878946202113015,57.65037837465463,2.727654975027208,0.4604603010336198
GDR1_2162135327636039936,2.4870139419148733,0.12672161485507427,15.755914533865788,0.19136592342672198,68.09550191610357,1.005054069049656,1.9218541917916423
GDR1_2162221536218867072,4.489268897332394,0.8958313558978219,10.433292003854456,1.685957870847183,77.44219218285888,2.333705864959073,0.6446406951946593
GDR1_2162221639298015872,1.5706390110727675,0.10756770282372918,16.636760790824052,0.19063486416426834,57.515763665481714,1.7766472705147116,1.0838075083514025
GDR1_2162221673657763584,2.0885212292727466,0.5173224054120876,16.641650354673093,0.9464617930425447,64.41454249735872,5.233017348484854,1.8746038437932084
GDR1_2162221673657766272,1.3886525671331902,0.12746201954283065,16.55662995724423,0.23549361793751622,54.24148929959734,2.489580391581633,0.484433517588377
GDR1_2162221776736976896,4.380645043479463,0.4498402240788635,7.055200664685989,0.7577190684505011,77.14103765448473,1.2591840787850077,0.5248410882176323
GDR1_2162221811096717952,2.1937031376855787,0.12440086942346817,14.165402684815142,0.22816025539447615,65.49412032949981,1.2189555317139011,0.6823804587285734
GDR1_2162223086709799296,1.1967645464855554,0.1487943532787135,18.418838894884402,0.25235862377604334,50.118333246725996,3.4377634065733544,1.2747841740971053
GDR1_2162224147560188672,1.2201725998220583,0.0987117985650684,18.463122333489345,0.15658288702967127,50.66345503003588,2.2770375055330314,1.0674119483529165
GDR1_2162227205576431488,2.430018581894415,0.1042672748193314,14.71639056897265,0.09311163761190677,67.63187913477897,0.8639934082147573,3.415674319396466
GDR1_2162231676644797824,0.8360570762511049,0.029587949884571252,18.69797614484172,0.06678989893508991,39.89754816607523,0.9970815464301005,0.8260392937884729
GDR1_2162235726791704960,2.8326000929233777,1.312913530391849,14.126884010760913,2.83083878097002,70.55531036349068,8.132552954864904,3.37279362717355
GDR1_2162235795513138560,1.2921492419677536,0.14343134062520735,18.120043284808233,0.26433465565085257,52.26355401924131,3.059899657290118,1.5060368144443472
GDR1_2162239506362783488,1.4648733932123978,0.09181294654558814,17.645224843437795,0.18491685820495363,55.68048913028714,1.6640991327162211,1.3290053153864874
GDR1_2162240708953684992,4.309656336946805,0.5262669764681549,12.078288200173152,0.9877268628540374,76.93643326626008,1.5156978263538707,2.10833808531795
GDR1_2162251394832460672,1.3205278830963487,0.08308743992519352,17.16979663018969,0.18085242201172846,52.86433814002152,1.7255373444050592,0.7586838739193512
GDR1_2162872928138757248,2.8908905391944755,0.2180439287190976,14.5739931297575,0.34157529913009377,70.91877133839112,1.3730125260525667,3.3546589819585
GDR1_2162886568955114112,4.394777358522186,0.4138837072392749,8.99570882874608,0.7714204109342395,77.18102011191615,1.1545950281077828,1.017988908289791
GDR1_2162886775113495552,2.227719417971577,0.2747560832559872,14.4400478059536,0.5230511333316734,65.82518559951578,2.6114098849003056,2.686090663532161
GDR1_2162902683672550912,4.513267174933453,0.4184441869053881,9.825882780093922,0.7397047354238229,77.50686393622439,1.1246129182514717,1.1158198466162155
GDR1_2162903680105026176,1.4529138385766196,0.3322589258739299,17.251236228129038,0.7527304756145501,55.46141907522817,5.9267595295259525,2.2120333314390477
GDR1_2162904161141389696,2.2466307236610383,0.20161520771375252,14.52195004472517,0.3963149812750437,66.00562863521596,1.9052688310593395,1.5522768381793526
GDR1_2162909830498130048,2.6479333324292726,0.18657810544634224,12.595583712080463,0.42062757920199534,69.31080446962085,1.328740862648582,0.8011172009496751
GDR1_2162924673904534272,3.839265994388736,0.32148355548022645,11.422500541706919,0.6602820125677651,75.40075272582405,1.1699811640504072,1.7828224255544027
GDR1_2162930652500328832,1.216447407852066,0.04658644103328846,17.9072412808664,0.10929222369344416,50.57754018281606,1.0740110784544672,1.2239187723454794
GDR1_2162931580213813632,0.9082230153033541,0.020437521489641897,18.84584034387131,0.038282907913503195,42.24645133451721,0.6418413754774542,1.0510815653954217
GDR1_2162931786370808448,5.5400327448752495,0.24677410095737917,5.96289999602744,0.488644026063378,79.76803856007652,0.4454424525704344,1.5914996863694626
GDR1_2162932851524210816,4.10552637734634,0.5166545903294777,10.699043171399303,1.1032602045477082,76.31079505025579,1.6453840074400528,1.1069982378604706
GDR1_2162932993257907584,0.36988610756816387,0.06124344051242922,13.223256561308542,0.047762707111004055,20.29873325305255,3.081858053802214,0.26426160435889806
GDR1_2162933882314931968,1.2316060644976052,0.06653697109899759,16.478881553573373,0.12402268813442241,50.92519879545151,1.5120188213217256,0.3909204121865484
GDR1_2162935565942174208,2.0285600118014595,0.12617687625358454,14.953306480275847,0.290119099267665,63.75852242741934,1.398013696050558,1.7749043519204386
GDR1_2162936665453858432,1.5324417633058092,0.06601358928102397,16.119722744760693,0.14437088217509242,56.873408155450754,1.128376736816963,0.8859256788382339
GDR1_2162938074203123712,1.5623771467173078,0.16724745616145398,15.921119156297692,0.3486246016506094,57.37871054124038,2.73950632924328,1.5799083847578819
GDR1_2162939173714801152,2.4012081670689587,0.22470207333111403,15.866714364244107,0.44421844340184524,67.39037015995648,1.8930431359302027,2.080951463124187
GDR1_2162939208074518912,5.595614482979811,1.2029721503787303,7.54731306770789,2.6474765385668313,79.8675474864231,2.1151326724210158,3.156898380860493
GDR1_2162939208074527616,4.253536445764216,0.4017771631944431,10.300873403797913,0.8360452553934259,76.77010113537504,1.1895365539508538,3.581645285080512
GDR1_2162939792190072448,1.1771230474410475,0.05492829686791223,17.97216259235102,0.13259345360954278,49.65113865411218,1.3170069850092072,1.2953014750591776
GDR1_2162940067068027264,1.8663706004613183,1.189705049287308,16.581007674083683,2.3078109189771165,61.81761122841622,12.259804379692323,2.616275207526447
GDR1_2162940067068027392,1.1125757062995776,0.056457789333965724,17.455114748345494,0.12692777827134627,48.05031331303315,1.442694377092959,0.6742690364436984
GDR1_2162941716335179008,2.7694675422940174,0.4528225743789247,14.581054513473507,0.8543733615485829,70.14634804076886,2.979455384006414,1.2509319333369797
GDR1_2162942918926094208,1.2866195776407776,0.04988353476078655,16.401284804121524,0.10047527575531312,52.14455854237642,1.07491691112284,0.5007405267236624
GDR1_2162944911791083136,2.61198272609741,0.25882052548121726,13.230291539824144,0.44218550070189,69.050609279364,1.8764399297306809,0.4510080202008836
GDR1_2162945976943020416,2.525744357805197,0.18442873465082132,14.227204950729666,0.39514965000682967,68.40025353721488,1.4230812722180026,1.9116499731787173
GDR1_2162946080022052992,2.739626235794068,0.5245812085430968,13.356263272498616,0.7789115711388597,69.94724560668116,3.3515834828181252,1.0024648276186923
GDR1_2162946526698717056,2.2105707687551135,0.2712841161091609,14.966512454668308,0.5464740331023066,65.65934272327317,2.5920916955040765,0.9852746476123577
GDR1_2162946767216898432,1.2392959117828137,0.04936231238504041,16.908716287218827,0.1024434479637435,51.099600597552566,1.1156403304535305,0.5431082849176542
GDR1_2162947420052773760,-16.10818413953597,12.333059438058521,51.78320010252121,25.358154846142405,-86.44761860264387,1.9703803088459109,3.912199286276614
GDR1_2162947591850664960,4.295674967528168,0.6904096409953098,9.764548200093822,1.199600338059195,76.89538004539277,1.9729380385787987,0.7561680852271657
GDR1_2162947729289614848,1.3337391591444012,0.1564226067667065,17.806281652046902,0.3467494957803332,53.138471100211696,3.195902290684759,1.3119568705723215
GDR1_2162947798009095808,1.2162575917696872,0.09672371828094062,16.12306221264242,0.18958339970163518,50.57315399239894,2.2366435650740963,0.41542148641389043
GDR1_2162948107246789120,1.4957080460277963,0.09650852625808282,16.97178246205122,0.18639858624710648,56.23411722466743,1.7055950218174931,1.1593684781112037
GDR1_2162948141606527616,1.4987102273855835,0.06297678978070487,16.84919244931133,0.11836017705609514,56.287180893934845,1.1147408235689966,1.4645867274033404
GDR1_2162948691363126144,8.135297689549942,4.38086002338583,2.8065633081956127,9.357167367375686,82.9922896482778,3.205387474740948,2.8478545114059166
GDR1_2162949309837722880,1.1232760323141582,0.07287311074672109,17.514475936524896,0.16427224791108408,48.32282558534358,1.8450099353759453,0.8097845358241285
GDR1_2162949378557095680,2.530181970051916,0.177091109543148,14.22936149301222,0.328863120171337,68.43465634871873,1.3781731951297196,3.711969859090715
GDR1_2162949378557115136,2.0241006346414387,0.1258636789163441,14.069738269365708,0.2137775994744615,63.70848271436829,1.417248395168026,0.7024831471112225
GDR1_2162951027824541312,1.025455237599837,0.09664696931095307,18.45393408737928,0.21614303269767277,45.72003552946995,2.672944160747631,1.4693049321149496
GDR1_2162951474504020224,3.226586604957169,0.49248217889236234,11.781302285932156,0.8338098579169557,72.78048162128351,2.4212127640118584,1.00514715240499
GDR1_2162951749379088640,2.0899939925479343,0.14326040628686953,14.97504277248538,0.26537782372823226,64.43027105963644,1.525960204322203,1.0650234650611559
GDR1_2162952470933669632,2.0512922182747078,0.24214548651754053,14.90886712097796,0.4427094703374239,64.01087789549115,2.6911545839747433,1.5673127163454814
GDR1_2162952711451794176,1.2210245769761423,0.07795101629013934,16.725030033005424,0.2001297544058609,50.683061030645106,1.7869481030441696,0.7549967266192283
GDR1_2162955185352996096,4.036024033462029,1.3524485670136412,10.789111836537465,3.0337129204787177,76.08414568236594,4.111345878974592,3.911722739807487
GDR1_2162955803828359040,1.60486859376684,0.1506962844584422,17.529785739288272,0.25548162937312746,58.07280233295218,2.397522342112956,1.0131173237966917
GDR1_2162956903341232128,2.908924548736505,0.3104559266693445,13.2299085150922,0.6237812681098678,71.02858430592046,1.877651602442459,1.4401323131879178
GDR1_2162960820350057856,2.7019099117708905,0.667325889329609,14.604380127431526,1.4256617680034394,69.69005448832274,4.379761866085908,1.612429073578759
GDR1_2162961267026674432,1.4735032366886611,0.14230632266401821,15.627928412017258,0.33370989530302,55.8370359590282,2.584259644749896,0.8135207691199764
GDR1_2162961541904548992,0.8772323167415117,0.06615575744367358,15.081458331031147,0.13500115856812833,41.258285014500345,2.137581507935381,0.2918374219343913
GDR1_2162962985013647616,2.286582716150588,0.24250099372844147,13.487626170820256,0.5067680106671117,66.37861254353456,2.2199615365810312,0.5617310409566366
GDR1_2162965012238950656,1.2982546711831944,0.07823741289357966,16.99648743121678,0.18772467378833113,52.394201877798764,1.6633949495814087,0.9433662171087485
GDR1_2162965287117378944,3.6290214943469117,0.6551330857263289,11.181360694497403,1.6314523978622866,74.59411545253676,2.536354005230313,1.4507230319390614
GDR1_2162965699433784192,4.114502856154576,0.4516106277043328,11.222287237207343,0.859430324310881,76.3395402291412,1.433786464845645,1.214119432334495
GDR1_2162966146109606528,1.054513441387874,0.09298199692100473,17.95256367900434,0.22194384496699193,46.519901198573265,2.5144677849618122,3.9427504687050305
GDR1_2162966798944719488,0.8617888300206271,0.09452119995002206,16.986986605049232,0.19429565184595354,40.75439569547774,3.086757184745944,0.3488377849144403
GDR1_2162967795377160064,1.165272484339964,0.06803368310765634,15.00394439387578,0.1568197383664316,49.36485018215766,1.6436424454240868,0.2623199353204202
GDR1_2162969788241971712,1.1766979058622937,0.07043513795311784,16.80211599129497,0.1537745810924367,49.64092567509637,1.6893724405382926,0.551635857364307
GDR1_2162969788241973632,0.9261268397868614,0.08588390725183237,14.284277439669909,0.14376043468921917,42.80359895154446,2.6316228572274265,0.23673462908526122
GDR1_2162975698125115392,1.7380833720187234,0.1119498397465839,16.44814133425156,0.1988035948837652,60.08618492144663,1.6032819197153918,1.139504833941158
GDR1_2162976419671618816,2.6250655925460373,0.5718814732798112,14.261110000994876,1.1648899815099538,69.14600010400468,3.9859008490338974,1.3056910860161541
GDR1_2162978172018122240,1.597154293364078,0.10974849479403637,16.297519260457875,0.2664521124920025,57.94875769324157,1.7617343298838373,1.3677024811846743
GDR1_2162984631649047936,0.8945646886031531,0.050974228416825806,17.749704594398878,0.12680015739329953,41.81469125561322,1.6218360749897787,0.6263838968286282
GDR1_2162988101982678912,2.6134334065651172,0.11076225294482978,13.437888573588332,0.21803574664315306,69.06122969553755,0.8110756345857604,1.8854114650006675
GDR1_2162988754817727232,6.51739746214986,0.565797218727293,4.771615836067667,1.1014445782863667,81.27682502236776,0.7429074266440114,2.8453544111654723
GDR1_2162989201494332800,0.9531610247462617,0.12356231478332869,14.61758940349197,0.22550983050766948,43.62624673964268,3.6480611624489967,0.2575933296016636
GDR1_2162989510731974016,5.3107124059336055,0.5373960555662256,7.964303849480805,1.1051668716349337,79.3361456963582,1.0506555614749389,2.0947013061707045
GDR1_2163017101601143040,1.5207087262079388,0.15966474096602212,16.72718721982931,0.28291573396890435,56.671553486236846,2.7217118718405673,0.6800345724514996
GDR1_2163020881172468608,2.217569299335396,0.1693212808581268,13.814037999769734,0.2068516763234598,65.72728235129173,1.62309984725668,0.27325377951040497
GDR1_2163069500202546688,2.048035738353648,0.21344744358787826,15.770199923599048,0.33750829155245476,63.97500399840769,2.377383574610497,1.0043103262412247
GDR1_2163135367823138944,5.404458917387727,1.28103830997849,8.017054271682964,2.5947356704100666,79.51698386641604,2.3026199571487753,1.34711357081042
GDR1_2163135573981345152,6.470767382611468,2.8741617112331475,6.492344159663041,4.673182181449441,81.214939506142,3.2439226649513295,0.4915627451048647
GDR1_2163135573981345280,1.530750863182896,0.1961035130568053,15.401545411958432,0.3770218884595069,56.84445078114664,3.33042558069251,0.38810730843150526
GDR1_2163135677060562176,3.708909803590826,0.36290970435799874,10.26245034101998,0.613555432688849,74.91066565399844,1.394344108868336,2.2070798071592854
GDR1_2163136123738466688,0.8137560786968889,0.08164532185593454,18.190518137468363,0.14493164570445316,39.137182386574935,2.7915626082118146,1.0348222575462593
GDR1_2163136192456870016,3.8269223729828585,1.580433464816707,12.144767541656787,2.8004655958065605,75.35567756578521,5.148979659529074,2.9049432474342294
GDR1_2163136364255498624,1.6232600108223814,0.6565665119657164,13.81988181196336,0.9975926385401053,58.365089431914726,9.164264562506473,0.546423351686859
GDR1_2163136742213531520,1.177844113503041,0.07316857620797701,17.225387006990772,0.1377610262562392,49.66845014544184,1.7528884276823182,0.5524552391111217
GDR1_2163136746511218176,2.384251287285882,0.35012040520910515,15.05051895938892,0.6427391230352653,67.2459030116276,2.9547166243697696,1.2318929701581345
GDR1_2163137360688842752,1.4967941470378079,0.07491832499372453,17.44862355370975,0.13386738407671928,56.25333124667466,1.3181787919997432,1.0122179907152709
GDR1_2163137738645105280,2.535665029117116,0.5870514709621426,13.527066892556945,0.9962626647776762,68.47701997543807,4.356348396996252,1.0514895294749131
GDR1_2163138116611233408,1.8013428330646386,0.08005515084802872,16.389638072659857,0.17321397840721175,60.96353142220627,1.0802249976879486,1.3680031659417058
GDR1_2163138288400926464,1.730650738359604,0.12234130484080219,15.141114294254702,0.22247490804062142,59.979933321112476,1.747322273029814,1.4289615725018752
GDR1_2163138361418522624,3.786288450444597,0.38514652942842953,10.029654313662187,0.6606895146235132,75.20538303985565,1.4350989977921702,1.4537519315885896
GDR1_2163138597639123456,5.176636988606094,0.7043633946775878,9.722767106410014,1.3341766590366761,79.06652617098435,1.420482362578372,2.2966305950122003
GDR1_2163138601937119360,1.456140179989253,0.20665656764764473,14.67892087868838,0.28549132504158425,55.520780527526775,3.8240940782428186,0.37375752174362753
GDR1_2163139151692568576,15.255143420300492,7.094384000566767,-10.278767872082195,13.858789617797889,86.24953028518793,1.5268113817357565,2.899103039759929
GDR1_2163139804527939968,1.7129467333679198,0.17022806830608694,17.105282390817464,0.3388694655176252,59.72407223152545,2.4759366433676364,1.6163270897642352
GDR1_2163139873247408384,1.0497023686989926,0.07645821075295633,18.11053803498053,0.16086315884101765,46.38906897937655,2.071664373942099,0.864051864322413
GDR1_2163139937669407872,2.049340916997948,0.18615466533321035,13.368403340700366,0.346354166780249,63.98939199297523,2.0230118297399047,0.40882001683894315
GDR1_2163140246906862080,6.329007117932115,1.6471306435106086,7.989421747713644,2.9155756609664074,81.02133958922411,2.203738464416853,2.5820902560390087
GDR1_2163140281266601728,1.4756021237270598,0.08721204598348531,17.111055199904175,0.17508804365722597,55.87492037517346,1.5766230629669642,1.2933587372426671
GDR1_2163140315626343168,5.426204796170607,0.34054960171658477,7.892897328993977,0.5026918414303867,79.55807244175185,0.645038419689478,1.1511752162341626
GDR1_2163140315626344064,3.476990542127039,0.3219684186932288,12.232593314677786,0.5914614955109592,73.95449788171584,1.3993566209164978,0.8059883566091205
GDR1_2163140315626346880,2.2014923365508685,0.09759715649122458,14.818990816105655,0.1520034601863287,65.57067818173267,0.954284350104433,1.4212039063742135
GDR1_2163140453064444544,1.8265475597138874,0.4963815178495151,16.096585607013616,1.138641200608129,61.30013432015951,6.167831301366429,1.574958243142815
GDR1_2163140968460295680,1.9476523867722368,0.2094701866679476,13.517496453794301,0.3882333745912705,62.822281864342116,2.496522735181097,0.324254317686615
GDR1_2163141208978477312,1.041674156131669,0.029765310205574935,17.65114122946831,0.07931588308378856,46.16934505601712,0.8178458510235858,0.8555703904442888
GDR1_2163143717240796032,5.985334527900379,0.6363220899433211,6.948584411793767,1.1069640634537583,80.51491326099746,0.9865654544121395,2.8188811858701803
GDR1_2163144473153865856,1.672864592128067,0.2111247884066375,16.413619359851836,0.4234221800891138,59.12998762074548,3.1357333160589893,1.1661623714044842
GDR1_2163144541882323584,1.2508794520794413,0.10721881022098345,17.462222576066004,0.24038805296896726,51.35984714381178,2.3995312766155665,1.0451053500260357
GDR1_2163144576233088640,1.1728511087286086,0.05411266751769206,17.87663256843617,0.112014332287103,49.5483219311537,1.306222415565275,0.8009740519408138
GDR1_2163144644952565120,1.8045969536259299,0.1142287785792011,15.3880337927827,0.21458824128901188,61.0073942282223,1.5311704922677383,0.736719805511989
GDR1_2163144851111005056,2.149420114723891,0.35535962550817324,15.805135193661414,0.7469389329200231,65.05017899175243,3.5298248751558163,1.883002556509089
GDR1_2163145984982389632,5.705230981363938,0.3858864861722462,7.430688403512618,0.7398394723082862,80.05831468153286,0.6551197631248008,1.8778330586106602
GDR1_2163148596322501760,0.8289953912699328,0.09263605086456328,14.140288290190316,0.10834693045208166,39.65857498345103,3.1348341694422737,0.21141415247103176
GDR1_2163148768121199360,1.7693445481388062,0.12375742695104064,15.271129331072192,0.22533234065513774,60.52568926339681,1.7109879215118962,0.41574505888238006
GDR1_2163149214797802752,9.321658169421676,1.7921203999982223,3.2936764032757937,2.8275660889768863,83.87689496680423,1.1316197983786016,1.0951889580350227
GDR1_2163149317877028224,0.9421789868374116,0.16658432642747323,18.29219373968084,0.4002529755412585,43.29473889424495,5.13098590195142,1.8886248999357766
GDR1_2163149661474923520,3.8754777356104704,0.8690530595714681,13.022725439119323,1.6351626047479648,75.53141466059989,3.010064605480734,3.5784177908057435
GDR1_2163155055959979392,4.2966730129492,0.4094557455185055,9.499550596949641,0.6614969343345258,76.89831920493141,1.1758653452425263,0.7553861210649465
GDR1_2163155227752761088,1.1358321353383172,0.0661251619469343,17.941161035317513,0.1549094853598909,48.63892848759464,1.6548602539828874,0.9861116322560515
GDR1_2163156052385630336,3.0162008392008257,0.36137195233122066,12.851009749075246,0.6777182712161629,71.6574261017377,2.0166985814891762,0.9648537798577704
GDR1_2163169761929937280,2.398839047348713,0.5593385343920677,14.620371746550855,1.3920484236085064,67.3702898028343,4.406894336046958,1.9709445769169174
GDR1_2163215391652091520,1.1151052075618562,0.060074377490328734,17.62543186476917,0.13930787248073706,48.11499560539408,1.5345495349533542,0.9536793457709887
GDR2_2067027228235955584,1.1525395953181188,0.09775637328097986,17.69505275377388,0.2145253868959376,49.05348580480816,2.4080246302467168,0.6929268681241972
GDR2_2162926254452857472,1.0808262972899434,0.08531706910793913,17.81936904902464,0.1947454273556204,47.22444262732626,2.2421713673953976,1.0188009021260722
GDR2_2162948455142499968,1.9435265080435744,0.08538615094284396,14.767596067100504,0.19669982314693257,62.77288306758127,1.0245575571356873,0.8205166225932518
GDR2_2162951684957670144,1.8339977383838058,0.13950703728506364,12.827595203253852,0.19701262398863761,61.398265462788395,1.8171508937647747,0.2964069627363499
GDR2_2163136059317926016,2.5903103590527183,0.19193249780842248,13.467026871185768,0.32661370172306636,68.89071273307107,1.415915823267292,0.8949776449788849
GDR2_2163137120170654720,2.278019827616661,0.1955316613470255,16.298052128219332,0.3485299928570198,66.29959483286305,1.8097063750460116,1.7126226303594116
GDR2_2163139804529410944,1.9648607188808511,0.16662050411551166,14.656564919858837,0.3080325532840744,63.02654859300777,1.9373573691389687,0.6442734465967163
PSO_J205647.351+434127.587,0.8992464513603304,0.08533204844474068,13.339018466692513,0.07265817250909112,41.96334986239498,2.708002795773958,0.17794535339976358
PSO_J205818.503+435346.014,2.1119755540236387,0.2166967787435149,15.149046623240206,0.5460520400153932,64.6628971477428,2.2412100764949687,1.4705893197394118
