preferred_name,ID,RA,DEC,nu,r_mag,period,Q,M,primary_class,secondary_class,cmd_slope,cmd_slope_err,cmd_intercept,intercept_err,cmd_angle,angle_error,cmd_vector_length
2MASS_J20470481+4349114,2MASS_J20470481+4349114,311.77007069097664,43.8198374299041,0.031808997294989,19.03489389459461,,0.8928500840000001,0.06594433200000001,s,,1.691214267681385,0.1387540855130876,17.957834264386605,0.2174909767918951,59.404551460229385,2.054019779615497,1.6104231193242666
Gaia_DR2_2067031596218019072,2MASS_J20475256+4345137,311.9689046469143,43.75372371764185,0.0095714189789098,18.24218667194719,5.936473228,0.304889476,0.24522031800000002,p,,0.9575749682129984,0.0344964712952898,18.349175855616046,0.0849284987678142,43.758466479563,1.0303647445004815,0.9943359983551486
2MASS_J20475581+4329019,2MASS_J20475581+4329019,311.98252525962954,43.48387322013138,0.07228772449697299,17.6808145717608,1.013585872,0.9296843379999999,0.01969673,s,,4.336563917258881,0.3717509059021848,11.747469244367945,0.6591503185579111,77.01473551621062,1.0641270484369785,2.549774086831944
2MASS_J20483292+4351190,2MASS_J20483292+4351190,312.1371734648398,43.85529686187581,0.0684811760224634,19.306390517375885,,0.640601588,-0.7505649670000001,b,l,-17.36071595604136,21.942857741003774,52.3494566606752,39.85088660016601,-86.70333077061956,3.2071639323632577,2.58414309466722
FHK_33,2MASS_J20505039+4450115,312.7099655363757,44.836540725881186,0.0905067947611391,16.876935947682117,222.58683880000004,0.47588203,0.351957332,qpd,,17.338361239419836,3.5349466508225698,-18.21792438408023,7.5441655503132585,86.69908931261885,0.6399714602764816,3.1634618072505116
FHK_37,2MASS_J20505363+4424305,312.7234562095467,44.40844658880434,0.0285538358851027,17.000678722364217,5.340230268,0.859273252,0.7841204959999999,apd,,2.216667599699659,0.2930146611778573,14.240086922194454,0.6565123415773195,65.71854849731176,2.826321193466459,1.3120728773441852
FHK_539,2MASS_J20505543+4417461,312.7309994942258,44.2960874126181,0.0137824993796219,17.795238330939227,9.371,0.7805480743069976,0.181253393,qps,,1.1347976111077576,0.0886769073167217,17.518151736208775,0.1778208922563102,48.613032983980645,2.215542654157844,0.7348071196613435
FHK_54,2MASS_J20510029+4424364,312.75123585817425,44.410094107931116,0.0207055529422814,18.333751248089172,7.008938672999999,0.236834083,0.117572265,p,,1.3414545907006146,0.1160547900130228,17.649489850189145,0.2320338436125428,53.29696435090505,2.368158551214409,1.302836077904966
FHK_527,2MASS_J20510663+4421407,312.777638321121,44.361312210949386,0.0087955575342645,15.6455768443038,1.397424774,0.421227956,-0.155319892,p,l,1.9236475012993013,0.3605336763153092,14.362597457009914,0.4998112576923557,62.53251900014038,4.2105294268392335,0.3123196458137652
FHK_69,2MASS_J20510895+4416420,312.78730191056013,44.27831364345297,0.0171236808657591,18.228841724350648,6.149,0.8376648702357676,0.5816675570000001,qpd,,1.1342249873537402,0.0643616890449656,17.951083663699556,0.1250022058885989,48.59868791242794,1.6074757165373603,0.9298947234472058
FHK_73,2MASS_J20511252+4418093,312.80219789507777,44.30255956257102,0.0099767797127676,17.507911318037973,7.988072978,0.293629507,-0.115032841,p,,1.4901026968348234,0.1497621918341352,16.581299544534133,0.2847145152705526,56.13464774669963,2.6506967533880554,0.5499037101448508
FHK_558,2MASS_J20511262+4418454,312.8025823261458,44.31261411198452,0.0138383504745644,13.068657866019418,,0.9242049840000001,-0.208446847,s,,0.7444494351909199,0.1681902800011676,13.396723244349074,0.2197537996893404,36.665817245795225,6.0673891252808785,0.3489339323735613
FHK_563,2MASS_J20511374+4422252,312.8072667450728,44.37366095322359,0.0107920382475184,18.71398950095541,2.076397142,0.446185117,-0.088629355,qps,,1.0493254389457984,0.0424587739500768,18.61522082443973,0.0814910891323297,46.37879208441753,1.1591087670896079,0.8574226692554875
FHK_77,2MASS_J20511455+4413379,312.8106511817742,44.22717526035429,0.007355554428609002,17.319683960516606,235.4983471,0.816245123,-0.003947203,qps,,1.4813121557791409,0.0941910232886594,16.326899192212096,0.1942096883169686,55.97761303125174,1.6910794133235014,0.5818486811376468
FHK_557,2MASS_J20512059+4420322,312.8358131674537,44.342285888519115,0.0070382604601158,16.97498299079365,1.623785909,0.8095383890000001,-0.422165856,b,,1.0705425193890077,0.0601818139172887,16.836363626046094,0.1152635194732312,46.951288450139046,1.6040890891566062,0.4118425772815669
2MASS_J20512139+4424054,2MASS_J20512139+4424054,312.83911742903166,44.40149991620572,0.0078098505966115,13.141350378481016,,0.832574785,-0.18360734,b,,1.0633203534424027,0.2707361766952729,13.073534689715462,0.2879905646885241,46.75777362935655,7.038294814638716,0.2439144468042928
FHK_144,2MASS_J20515226+4418213,312.9677502432141,44.3059157295101,0.0280091086084606,18.200085904761906,2.026,0.8639514496242007,0.044634810999999996,qps,,1.329430760447506,0.0940067665713629,17.531656564174448,0.1857133718599666,53.04945499097807,1.9355062512283798,1.2506654996025364
FHK_206,2MASS_J20522880+4418297,313.1200224959053,44.30822974945297,0.0382967377905526,18.360091347619047,9.993746026,0.56793159,0.496119698,qpd,,1.599043727309002,0.3385587366800324,17.123599773897425,0.6642077728107338,57.97921960487503,5.488203973294046,1.8562110855249598
FHK_533,2MASS_J20523394+4429168,313.14143743188987,44.48800174730115,0.0084458600536999,17.406404526265824,8.615267333,0.291655047,0.082551618,p,,1.2750269976370303,0.0697395394672284,16.749109382207177,0.1650791512020415,51.89301222333084,1.5227557579240218,0.5976714868142974
FHK_277,2MASS_J20532233+4438526,313.3430529515253,44.647931427049905,0.0071508749306128,15.530116970476193,2.430701549,0.658417215,-0.18946076399999998,qps,,0.9514634300230316,0.0675677802514312,15.644325346854394,0.1534926659785576,43.57523970196758,2.0261487976224086,0.289022037599412
FHK_307,2MASS_J20533662+4439529,313.40262665227465,44.66467215720368,0.0099865396801206,16.721199944303795,3.2087630889999996,0.44376914100000003,0.597817034,qpd,,1.2551942678216126,0.0883607578050436,16.116938869759732,0.2043126539320985,51.456037630570314,1.9597622936626744,0.7044804442752785
FHK_403,2MASS_J20564400+4346000,314.1833687815177,43.76669443921591,0.0150611339661432,18.060018507973425,4.061232427,0.452652619,0.206436597,qps,,1.081830712859237,0.0783278087115368,17.913954259377974,0.138449510278944,47.250971626844816,2.0792643328860905,0.8267628373901778
FHK_411,2MASS_J20570162+4341387,314.25679032427837,43.69410701051157,0.011315739744883,18.564869548504983,2.988385751,0.611440255,-0.048691535999999994,qps,,1.0513633693072642,0.0591519463484475,18.46481057084377,0.1122867671954441,46.4343091018099,1.6086566620776102,0.7339694769971321
LkHA_188,2MASS_J20582381+4353114,314.59920599772784,43.88648447204281,0.0406147719677702,13.15541461960133,1.01140284,0.7786613029999999,0.841031532,qpd,,3.565425815715269,0.1266981698700215,10.00502676315626,0.1537300152523144,74.33271051102194,0.5269941927152298,1.1078825706902486
Gaia_DR2_2162236280858326912,DPP2017_409,314.80322628703317,44.2741206966779,0.0083428592246347,17.163282937962965,,0.78291384,-0.4314689470000001,b,,0.6427132756020784,0.1108565325235381,18.00512173938875,0.2569435653606433,32.72939150712109,4.459646368121995,0.4830256818784232
FHK_101,FHK_101,312.8605833333333,44.60799999999998,0.0643637317942498,18.2055116514377,8.997,0.8925445647743846,-0.04717578099999999,s,,-16.81419408327935,47.42739780275198,52.050230476148826,90.52541607455362,-86.59642485338719,88.74679224615849,2.6067809543596026
LkHA_158,FHK_115,312.88908333333325,44.443583333333336,0.0132791571645209,14.999444261269838,6.292011061,0.7093870590000001,0.103432501,qps,,2.9412409231808114,0.3620357847458999,11.385310997338513,0.6762191954454817,71.22234894591432,2.131866206645377,0.5248745782688579
FHK_118,FHK_118,312.8974583333333,44.51088888888889,0.0103097774928305,18.105954954746835,4.416535527,0.113656855,0.17105148,p,,1.19366581579208,0.0994179310879567,17.701736049371398,0.207035164551268,50.04522591236346,2.345787749915914,0.8438104458878642
FHK_123,FHK_123,312.9110833333333,44.0613888888889,0.031899543097807,16.960586586037735,0.948732505,0.9170091570000001,-0.09473358800000001,s,,1.9894049497146389,0.1172151334038198,15.036707304609127,0.2309020767555942,63.31302185817253,1.3493192045032636,1.3331692405981557
FHK_127,FHK_127,312.9219166666666,43.798611111111114,0.010031587374708,15.689936412432427,1.356962746,0.43952110899999997,0.077011043,qps,mp,1.5781159673861105,0.2391494344576885,14.556195001074446,0.4672246499568313,57.6389131738334,3.781515356247701,0.5755131852726523
LkHA_162,FHK_130,312.92541666666665,44.64908333333333,0.0070598206451841,15.44070238892405,8.214345952,0.584323499,-0.07990298900000001,qps,l,1.094336777828936,0.1044973573993433,15.239570455134327,0.2216984198516565,47.57907331737463,2.7144365308445595,0.2676540436701741
FHK_133,FHK_133,312.9370833333333,44.4386111111111,0.0104241886175103,16.875230833860762,3.772258735,0.154098754,0.034869356000000004,p,l,1.9890075383515384,0.3357273702532601,15.152452358708866,0.5877954163048722,63.30842803715168,3.7838315527569972,0.5556513390350539
FHK_134,FHK_134,312.93816666666663,43.81730555555556,0.0195257172801706,18.4704446723301,6.242051875,0.6086663139999999,0.25513472,qpd,,1.1816056711718748,0.0886766638399263,18.052017573136748,0.1996660831712127,49.7585604909529,2.1106812039266747,1.018761556655726
FHK_137,FHK_137,312.94395833333334,44.37258333333333,0.0145454837283569,16.42148929050633,2.1754194559999998,0.24557758100000002,0.108992362,p,,1.518164931760105,0.2412507010635476,15.303058309106758,0.5142200987960353,56.62750408031312,4.094818997302791,0.7073336049866564
FHK_138,FHK_138,312.94758333333334,44.53561111111111,0.0266389073319194,18.38911595189873,6.421386329,0.698575058,0.400023807,qpd,,1.5207715163724709,0.2155321647628298,17.283783895855578,0.4491832810837568,56.6726410377283,3.6835259461408767,1.2638805127154216
FHK_142,FHK_142,312.95675,44.63127777777776,0.0041957972214868,14.645893890506333,,0.85285742,-0.727325805,b,,0.9575547377699396,0.0631525786971718,14.71306390582352,0.1023736562043664,43.75786182513459,1.8819716982783488,0.2117223091594542
FHK_146,FHK_146,312.9820833333334,44.5646388888889,0.0190802156271585,15.871081526045014,47.6288296,0.8750612329999999,0.850254675,apd,,4.087554146401793,0.414200770178156,10.119898332864892,0.7680816908950767,76.25288493358202,1.3453177699182324,0.809195390528528
LkHA_138,FHK_15,312.654125,44.34716666666666,0.0234484449780067,15.2951091471519,,0.9170863579999999,0.44679756600000003,l,,5.6599901418518375,0.8945235461800509,6.4671972640209745,1.6949911757584544,79.98045385875703,1.499416601679411,0.6967784172742433
FHK_150,FHK_150,312.9936666666666,44.62338888888888,0.0123198905774066,17.326969899999998,1.905820305,0.119857102,0.134623175,p,,0.9497179058711744,0.1019503576555138,17.44559994969284,0.2522388267322615,43.52270244045829,3.068155614791425,0.7563786557681297
LkHA_164,FHK_153,312.99662499999994,44.42880555555556,0.0117449855050601,15.192673933544304,4.1544103439999995,0.796673072,-0.120431691,qps,,1.1154205534798505,0.1883785542040469,14.984118439762964,0.3445043758847985,48.12304458701554,4.7224443780583005,0.3214520533523929
FHK_155,FHK_155,312.9975416666666,44.272861111111105,0.0083494597378896,14.666361271296294,,0.9446047240000001,-0.31421863899999997,b,,0.8836592649684325,0.0750145509790525,14.85770675901783,0.1245699959064587,41.46572150733151,2.409948715759055,0.2863970199594204
FHK_158,FHK_158,313.00466666666665,44.544166666666676,0.0062942173076196,15.927255687619047,4.758,0.7622063571331341,-0.20086633399999998,qps,,0.7820356869577025,0.1024550902659753,16.31601625021247,0.1830432766960008,38.02667624994094,3.599453435977003,0.2529272738293641
FHK_163,FHK_163,313.0193333333333,44.625111111111096,0.0263447063876699,14.156162515555556,54.68595864,0.803827277,1.110095103,qpd,,3.341298454333061,0.2802974878344659,9.140747159045398,0.5988969135178035,73.33835497678031,1.3192526227383332,0.9286603029519392
FHK_164,FHK_164,313.02204166666667,44.291472222222225,0.0246674863426654,17.454611510759488,10.169,0.7436173464984345,0.653486386,qpd,,1.9771379900497468,0.2678164416659956,15.218219709653368,0.6126745889421725,63.17055317381324,3.098804852655161,1.2140903325239425
LkHA_168,FHK_165,313.0252083333333,44.28777777777778,0.0073760698170036,12.924269782901554,,0.94286067,-0.434041268,b,l,0.7269203152174949,0.0830849308732349,13.25838457125616,0.10111734291299697,36.01416384695241,3.1089172166908465,0.1974779527387685
FHK_172,FHK_172,313.04820833333326,44.29855555555557,0.0149120500256585,16.146627497468355,3.5357204089999996,0.350141197,0.415245694,p,,3.1139232912396824,0.3843134479863928,12.0115776636772,0.7551788403057094,72.19618680042826,2.0496196577365016,0.5739417271000732
FHK_176,FHK_176,313.0564583333333,44.20058333333334,0.0059747296567214,16.12621518878327,0.972364247,0.4,0.38213955299999997,p,,4.603354298773203,1.193749400310776,16.121758864266912,0.0073360757200582,77.74388839921694,2.805982769139067,0.2047227413712892
FHK_179,FHK_179,313.063125,44.28908333333332,0.0239118186392349,18.67728777010582,191.1471525,0.8915359759999999,-0.10454202800000001,l,,1.6139238069063475,0.0904849557526998,17.404968726441354,0.1814557016829372,58.21731616933155,1.430855359633393,1.5713204218697157
LkHA_171,FHK_181,313.0643750000001,44.469722222222224,0.0176453431334284,16.667725382594934,211.017524,0.7516133290000001,0.267596968,qpd,,2.6240904786704053,0.2336960505051222,13.369010893810652,0.4715990041920745,69.1389356621889,1.693867227285651,0.826041247431861
FHK_182,FHK_182,313.0696249999998,44.258111111111106,0.0094634776200692,17.548647459662288,7.864284321,0.213592118,0.253614189,p,l,1.1102737257857735,0.06640019263624801,17.32628826425684,0.1350618309275386,47.991307393012235,1.6990068743267943,0.6481674310837121
FHK_183,FHK_183,313.074375,44.354444444444454,0.0084060194269332,17.080885022468355,3.211301186,0.339658929,-0.009943933,p,,1.287181088122352,0.086747212596113,16.511459075019086,0.17180608121454094,52.156671058027285,1.864589322207751,0.459062088352224
FHK_192,FHK_192,313.097,43.082361111111105,0.0117899722350061,17.51118385960265,7.2293159,0.185978552,0.194843522,p,l,2.0038407441331594,0.16966833628575598,15.481052265747426,0.3418934981230705,63.478892950848206,1.9270038135050007,0.5918840941048028
FHK_200,FHK_200,313.1092083333333,44.573944444444436,0.0066072051054497,15.642248783860762,1.43293698,0.36664853399999997,-0.184694897,p,,1.2963812711244742,0.1121626241507467,14.976722120223135,0.2492815301891289,52.35419437235514,2.401753378685397,0.3663405799810351
FHK_203,FHK_203,313.11329166666667,44.077527777777796,0.017298234494587,18.32473673219048,0.9159824529999999,0.899913075,-0.007048545,s,,1.1599930009737829,0.0542439370732888,17.97520807130338,0.1181835838229954,49.23622383188718,1.319339250261355,1.1272026919915743
FHK_21,FHK_21,312.66883333333334,44.3473888888889,0.0090972942099461,17.449447292088607,1.035877909,0.9030367659999999,-0.280924173,b,,1.1241320516492852,0.0611282825629745,17.150835564690333,0.1463286702390878,48.344501415522735,1.5432627935658323,0.6590764194609561
LkHA_174,FHK_210,313.1287083333333,44.33655555555556,0.0575314370148184,17.216935001265824,,0.8951428140000001,0.47661891,apd,,4.746813977718956,1.3034130729024784,10.020545818677741,2.5174550575827963,78.10358817724527,3.1203311460418814,2.25756840696686
FHK_213,FHK_213,313.14091666666667,44.407194444444436,0.0211488645699885,18.33769013734177,8.937695417999999,0.833252799,-0.073479322,qps,,1.083067764844594,0.0564854644866836,18.152430064606868,0.1321764541885173,47.283608347881575,1.4872027370425709,1.4325854679024363
FHK_216,FHK_216,313.14529166666665,44.233472222222225,0.010985937098055,16.1096266894636,10.64909183,0.17096604,0.295120494,p,l,3.2279717839734445,0.2778407402704075,12.2639493651256,0.4778428965008698,72.7874343161708,1.3827661410604806,0.5782976337304354
FHK_217,FHK_217,313.1471249999999,44.55538888888889,0.0134592915899969,17.3700066306962,6.441763937999999,0.360205793,0.279628721,p,,1.0185528607389776,0.0514906576556668,17.31487007138739,0.1473421906864676,45.52660036661679,1.4434010468959395,0.8242980216777881
FHK_22,FHK_22,312.678375,44.36530555555554,0.0108562699755055,17.840674112658228,1.025153559,0.8919054679999999,-0.22548389100000002,s,,0.8726642331369119,0.0487656306941303,18.16519781532393,0.1241231458367693,41.11004008252189,1.5897459295741836,0.893245133020981
FHK_226,FHK_226,313.1774999999999,44.322555555555546,0.0164578548592488,17.37768687468354,8.977221807000001,0.136448135,0.09089936400000001,p,,2.517164543638996,0.3930040930003679,14.269067831626227,0.8123335708571151,68.33343995904917,3.0322653644197834,0.8246592477808411
FHK_234,FHK_234,313.21095833333334,43.71541666666667,0.0227024397684657,18.314623541471573,1.301703335,0.8795810079999999,0.6697706999999999,apd,,0.9527880683972628,0.09993028586213698,18.40524530476543,0.2191222230733043,43.61504795031488,2.9612124315574606,1.5790356488570108
LkHA_140,FHK_24,312.68720833333333,44.26516666666665,0.0192491322984354,16.181072238342967,3.2240521419999997,0.9064341359999999,-0.212533141,s,,0.5466956224980847,0.0859693911087492,17.101266278766175,0.1731786621519777,28.66523367072197,3.769494211929161,0.6463265960119212
LkHA_177,FHK_251,313.2739583333334,44.710305555555536,0.0097790901334249,15.94552321170886,4.116498968,0.6038816379999999,0.016617629,qps,,1.4326412788559633,0.0902286176540866,14.97142874950923,0.2029897748779809,55.084518445510035,1.6865809794794764,0.4672069554937634
FHK_253,FHK_253,313.2792083333334,44.30697222222222,0.0055099992774587,14.196387123492062,,0.895302059,-0.7174817529999999,b,,0.8644899813140554,0.1024011831253755,14.35350251960492,0.1185525082322129,40.84308601227421,3.333704987788419,0.2171303609469006
FHK_255,FHK_255,313.28416666666664,44.087305555555545,0.0345004884449746,18.22356009295238,2.326244467,0.801024548,0.096186181,qps,,1.2584428628589437,0.0905296095634622,17.67823802059825,0.1958894564423872,51.52819343750973,1.9993084067292868,1.661181712768511
FHK_26,FHK_26,312.692,44.319444444444436,0.0281360817067058,16.437197907911393,13.70463665,0.648882999,0.427430752,qpd,p,3.621040433318063,0.8626591144643431,11.484003317496095,1.6271249785641908,74.5617787502865,3.4830756277530326,0.8487346366248488
FHK_272,FHK_272,313.3210833333333,44.64283333333332,0.0137237890019883,17.396612630696207,174.69689680000005,0.782494349,0.372368463,qps,l,1.0987393147602098,0.0511138103534061,17.122980183214434,0.1400042793356455,47.69360633824638,1.3267519598034951,1.3506650846234045
LkHA_178,FHK_278,313.3497499999998,43.905,0.0086672207066693,14.443741231666666,,0.674807632,0.27610793100000003,qpd,,4.128502448806769,1.0578905828389056,8.627710673430045,1.953172013691004,76.38413183417988,3.179833865246111,0.2952875355715767
FHK_28,FHK_28,312.695875,44.29147222222221,0.0120817199644638,16.592677313730572,1.053074296,0.637760698,-0.06563323900000001,qps,,1.1205427311680711,0.1036986010170971,16.338513737183472,0.2198744809674782,48.253490095220975,2.6144133537654577,0.438801222076854
FHK_281,FHK_281,313.35270833333334,44.342805555555536,0.0117626768811114,16.458690968987344,2.778363006,0.199089861,0.319779506,p,,2.021731971038772,0.2493282147526069,14.313423290677662,0.5277107236205332,63.68183122520525,2.7758207330396414,0.4915033028785321
FHK_282,FHK_282,313.357375,44.17925,0.0079557851346431,16.505422041444863,1.453457054,0.148104955,0.060817786,p,l,1.4963617109249585,0.1018987936802366,15.496910615583145,0.2085573277023149,56.24568347852016,1.8008584128786662,0.3742206217032965
FHK_285,FHK_285,313.3654583333333,44.17630555555554,0.0388734420536378,17.597791905893537,6.8210000000000015,0.881788753231842,0.011918463999999998,l,,3.9893609546312216,0.4044412532429697,10.160684563878247,1.0024650670267912,75.9278093158978,1.3521820563338007,1.5362592733138702
FHK_286,FHK_286,313.36758333333336,44.305777777777756,0.0100392814770493,18.148579890506326,0.974698721,0.164154778,0.09998264400000001,p,,1.1786349763438064,0.0598529022875684,17.730845216748754,0.1368488688667906,49.6874237707637,1.4345473503817985,0.9892511602965472
FHK_300,FHK_300,313.394875,44.48825,0.0150916298810791,17.3086925414557,4.675960875,0.87883214,0.111900771,s,,1.2033412275794113,0.0992177719232705,16.745590548210174,0.2708482537269763,50.27275843638088,2.313691761028336,1.068208484426178
FHK_32,FHK_32,312.70329166666664,44.32316666666665,0.0222805705909359,16.69428304398734,211.017524,0.738732563,-0.6745968859999999,b,,1.9246746700332027,0.0566094291048023,14.969054380804064,0.1050192970246062,62.545039576553975,0.6895632588452547,1.083673233929123
FHK_323,FHK_323,313.44395833333334,44.1803888888889,0.0095507666439661,17.23880222452471,2.889083162,0.132813887,0.236865723,p,l,1.2922889080564541,0.073968917160758,16.556771783365463,0.1721730487714587,52.266551309139004,1.5823019500178437,0.6421537961691578
FHK_327,FHK_327,313.487125,44.85883333333333,0.036007652209359,18.18332610709677,,0.902203069,0.177626075,s,,0.9824462170736764,0.2163218233182915,18.20004881179464,0.3906277732342023,44.492668612315605,6.045278618014254,2.20269465311583
FHK_344,FHK_344,313.55720833333334,44.40897222222221,0.0528039982186264,16.71683148974359,5.492000000000001,0.7576522052474995,0.438971784,qpd,,2.5080504278343896,0.3529393942282237,13.181260578564384,0.8306272454454033,68.2620352581484,2.7141569307732585,1.849420011810147
FHK_348,FHK_348,313.5881250000001,44.257555555555534,0.00807130579637,15.6086406994403,,0.9472145009999999,-0.457880036,b,,0.7990137433821372,0.0354064914286027,16.11917355523343,0.0900037605599095,38.625335367009065,1.238918023198424,0.3123573133097426
FHK_35,FHK_35,312.72154166666667,44.39822222222222,0.0227602820459244,17.260714003821658,79.23302013,0.889110519,0.3906203,apd,,1.4058556371187607,0.1476280828353099,16.40336997645754,0.3083861172822288,54.575354560487824,2.811101148992288,0.7814755204455971
V1490_Cyg,FHK_36,312.72325,44.35025,0.0571177858500193,14.963962011392406,31.17223429,0.67236422,0.706981437,qpd,,7.057727146265768,0.7012622904860475,5.119395305122258,1.1133161738403177,81.93551771895929,0.7762954704608636,1.784787354363207
FHK_361,FHK_361,313.69416666666666,44.20166666666666,0.032758040806016006,17.883353257276113,12.48266155,0.586719789,0.649971139,qpd,,1.1651495823427147,0.0865907409350106,17.393223842436832,0.2451158399842725,49.36186344836934,2.1084680705581507,1.5626619367972665
FHK_362,FHK_362,313.713125,44.19302777777778,0.0240321938378117,17.674581081835207,2.421,0.877823857869894,-0.309294345,b,,1.4057744888138868,0.08041156093010601,16.643597082577482,0.2027871434605028,54.573792511121255,1.5486114594631388,1.4072219081363468
FHK_371,FHK_371,313.796375,43.95413888888889,0.0076875656540472,16.862677871000002,12.64792577,0.242243016,-0.054335666,p,,1.4865256144305234,0.1604712713144449,15.969439766358807,0.29459978588919,56.07090073994108,2.8486870091556935,0.3812930595430545
FHK_372,FHK_372,313.82604166666664,44.50352777777778,0.0125971513428688,17.079380843730885,4.137474985,0.38133555399999997,0.084424475,p,l,1.9558576553502744,0.4071779043954464,15.1261326101718,0.8357734752219832,62.92003498193088,4.683976393472251,0.7196580708235398
FHK_390,FHK_390,314.0839583333334,44.70777777777778,0.0112769407826567,18.301651022935786,200.59145519999998,0.859926785,-0.162781609,qps,,0.8645044456551086,0.0345413176308153,18.553524628446887,0.0657962204148567,40.8435602849005,1.1332169294033754,0.6733524718207613
FHK_40,FHK_40,312.72625,44.297944444444454,0.0178802720584949,17.05909723852459,6.524584329,0.8153791890000001,-0.144376505,qps,,2.1904329907092466,0.1511352571496835,14.955458824895768,0.26735008887829004,65.46184425776097,1.48568746656354,0.8509550228915819
FHK_405,FHK_405,314.194875,43.76916666666666,0.0269550641399178,17.34777808039867,111.8762962,0.8529426370000001,0.6798409329999999,apd,,3.58383717843211,0.320790476237585,12.267316869182816,0.6153727882868942,74.40927381617482,1.3166635874755406,0.9947389288647857
FHK_408,FHK_408,314.21570833333334,43.387027777777774,0.0136616447012837,14.724201862598429,3.437,0.4505383654006752,0.21214070000000002,mp,,3.7045899216942217,0.9247676018114336,11.104491890062787,1.2323277877688479,74.89387406429667,3.4337585872579885,0.3536731147803997
FHK_409,FHK_409,314.2174583333333,44.09766666666667,0.0553410775063637,18.40283689043152,12.91961908,0.491696077,0.452461475,qpd,,3.110967087559038,3.679153158990029,13.387766125749819,8.456782707504615,72.18028913829772,20.71388713858229,2.250636126919103
FHK_418,FHK_418,314.28275,43.69872222222222,0.0141603138865633,15.4011667102649,2.699546865,0.672750706,0.414780204,l,qps,6.888800926823772,1.9285043282057035,5.244062318224894,3.332437136036725,81.74045795014183,2.1152820734504614,0.5050916411666787
LkHA_144,FHK_43,312.73170833333336,44.297305555555546,0.0173437503158861,15.946455352173913,4.63856342,0.88315852,0.083570012,l,,9.03651076127471,24.749793060037064,1.2750969140223036,44.82628886213193,83.68517607664144,87.50857676236235,0.6907415240994805
FHK_430,FHK_430,314.4521666666667,43.495222222222225,0.0132397961833468,16.91557074370861,7.294421477,0.30438399899999996,0.350789743,p,l,1.6105248890412522,0.2878839241045937,15.841458514625629,0.4978827346708812,58.163207341916284,4.45406161983686,0.6465978900885739
FHK_431,FHK_431,314.45341666666667,44.09055555555556,0.0084349925633118,16.068743418063313,3.554292979,0.42457691200000003,-0.014763058999999999,p,l,2.3016587094732754,0.2222712918506333,14.023539744590256,0.3501977175356643,66.51653083215693,1.9931199509204405,0.2999374154775009
LkHA_185,FHK_434,314.4995,43.89055555555557,0.0141578066200681,14.827265697674415,3.773631023,0.7919367620000001,0.016643913,qps,,2.3428535429832253,0.1230473266100633,12.764694762727265,0.1901424057133569,66.8857602308047,1.0839565803143476,0.6270360901071048
HBC_721,FHK_438,314.531875,43.88133333333333,0.0149783566479693,18.686032510596032,1.6448134230000002,0.88001727,-0.084263214,s,,1.0786987412920817,0.067825257751296,18.51256614177197,0.1412342744626844,47.168160824080324,1.7955140164572043,0.9920132148948064
FHK_44,FHK_44,312.73945833333335,44.41272222222222,0.0201092161661392,17.63652670664557,2.207354572,0.810936647,0.186059408,qps,,1.1723697251218412,0.0807150437717261,17.23649143779351,0.1835008987381936,49.53670910788611,1.9434771423296269,1.1037277930115381
FHK_442,FHK_442,314.54174999999987,43.75999999999999,0.0311448662939756,17.502515415231787,4.529032924,0.52513063,-0.19017242199999998,qps,,2.0669736308795232,0.1614018036003316,15.870510257402694,0.2500254730905258,64.18234416151199,1.7525269423729652,1.9758056838175608
FHK_444,FHK_444,314.54775,43.882527777777774,0.0536868617474224,18.681353464765106,182.0,0.5632376994301438,-0.093619878,qps,,-7.727520278748871,2.3071468481844613,35.597763406203825,4.596017790021501,-82.6264634957022,2.021472428529085,1.8908877455486464
FHK_45,FHK_45,312.74195833333334,44.49952777777778,0.0074353493951183,16.48954746329114,35.22973074,0.727375627,-0.309076227,b,,1.1656774004857042,0.094522574741825,16.162304342457258,0.1858100041433585,49.374687546412744,2.3042428470632093,0.3390429061012531
FHK_451,FHK_451,314.57466666666664,43.89558333333334,0.0330380520186157,16.648405226490063,15.044,0.8088859094470731,-0.011839141999999999,qps,,4.338329592581172,0.7795988374151719,8.375869804908964,1.9169414357345191,77.01983888541807,2.1403777790079244,1.4426044433977545
LkHA_187,FHK_455,314.58974999999987,43.89580555555556,0.0094830084387081,16.31600544039735,2.8738719169999998,0.8247219990000001,0.028673554,qps,,1.7026270999915611,0.1505828305654021,14.914023532964563,0.3030333898207296,59.57310521092002,2.202947962099352,0.3814098031178224
FHK_456,FHK_456,314.59708333333333,43.88302777777778,0.0181736176240036,16.56330697847682,7.829,0.66488043,0.195872821,qps,,2.1237889858752066,0.2291050343098788,14.583959375179026,0.3984225850993157,64.78629054621628,2.3627918481043126,0.6763018281125761
LkHA_189,FHK_459,314.60004166666664,43.8985,0.0118179748892366,15.569150735430467,2.449709693,0.733864154,0.344276316,qps,l,2.1774041123683108,0.1855018026560326,13.36687303891479,0.3481973840492882,65.33245400777632,1.8358649087372003,0.57870814020371
FHK_46,FHK_46,312.743125,44.24233333333332,0.0074126636567757,15.041055618819186,4.878227901,0.300220969,0.22923501100000002,p,,1.8442611036823493,0.2377763825356011,13.84675896748632,0.3351249658670774,61.53245130437286,3.0525233431145584,0.2769061715726448
FHK_460,FHK_460,314.60645833333336,43.89127777777777,0.0422328670496831,18.028784549833887,8.540412291,0.806117422,0.7320603640000001,qpd,,1.6289617139889119,0.3111257389978948,16.638367456875013,0.663802194832158,58.45473671201538,4.8638660793158515,1.8455416677079561
FHK_464,FHK_464,314.621125,44.1806111111111,0.0123150428287197,19.255770423719166,,1.0,0.218368002,s,,0.9535040025837828,0.0282702342699525,19.31971974851664,0.0413350753871526,43.636541556097356,0.8460809247458032,0.9521856573502808
FHK_468,FHK_468,314.62891666666667,43.75311111111111,0.0102206863669307,19.065774103691272,1.286813488,1.0,-0.0061538190000000005,u,,0.9622695395338384,0.028356799914304,19.122533864274605,0.0452934443186325,43.89845416052063,0.8446949001866508,0.9682604503727056
V1597_Cyg_,FHK_47,312.7434583333333,44.24561111111111,0.0087102016139694,15.04919018376384,3.4224571210000003,0.861027423,-0.11930859,qps,,1.1243184046725716,0.1876618098856424,14.810830643313286,0.3518991574487788,48.349217070378074,4.6765091076972976,0.2921106828232643
FHK_473,FHK_473,314.665625,44.025777777777776,0.1027972871354609,17.06617821628788,,0.6915889059999999,-0.533573769,b,,-6.772358041374124,1.1671992147435564,26.6473971114455,1.4672542898239769,-81.60045395148893,1.3846305508904635,3.4558599148185642
LkHA_191,FHK_479,314.77429166666667,43.950861111111095,0.0112690572350705,12.436008956420233,,0.89857599,-0.886587072,b,,0.1317927049638049,0.1005639847091595,13.288180738525677,0.0979266687560107,7.507896283258507,5.627695150587377,0.1975918569121701
LkHA_145,FHK_48,312.74458333333337,44.291888888888884,0.0132714491338072,15.670873376265822,7.220862552000001,0.561001305,0.021201081,qps,,2.014023992994768,0.2263831271329368,13.955550508788187,0.38281580335171295,63.59475474658273,2.5278553113962894,0.6500325169500759
FHK_485,FHK_485,314.88599999999997,44.143277777777776,0.0093283588998315,18.335167832031253,0.83879275,0.8046662290000001,0.071541061,qps,,0.8369544242918054,0.0327103399637734,18.695308665012774,0.0727664233223475,39.92779645666295,1.1026667316351295,0.8260392937884729
FHK_489,FHK_489,313.25279166666667,44.616527777777755,0.0079301822311865,14.974908689240507,1.682325221,0.576427568,-0.076658949,qps,l,1.329512517622946,0.1018317151475466,14.209912718408155,0.2370513497502662,53.05114677738097,2.0939890181990357,0.2751300833387657
FHK_490,FHK_490,313.32283333333334,44.46722222222221,0.0123240630364733,17.482243312025314,1.3459999999999999,0.7104265303473277,-0.074387674,qps,,1.1981639258942112,0.0670595999816564,16.969964350311244,0.16976569296393498,50.15127547400481,1.5835926738811859,0.7687683216037401
FHK_493,FHK_493,313.46770833333323,44.284888888888865,0.0063055700597426,15.545838199180324,7.386,0.7521382696804955,-0.5795232929999999,b,,0.8049714009631012,0.2139411637007263,15.8932385779714,0.3745506190416137,38.83307016570669,7.297370842700799,0.2725489284271647
FHK_496,FHK_496,313.6274583333334,44.40149999999999,0.021603863310886002,17.289131726279866,6.139763365,0.6510820279999999,-0.27638706,b,p,0.6978777855490619,0.1426843639755183,17.93721120837753,0.3049097345247773,34.910324977635085,5.449192379157443,0.7735358704664199
FHK_500,FHK_500,312.77270833333336,44.2331388888889,0.0231764947832658,17.81513967851852,2.5417939819999997,0.664646706,0.360080752,qps,,1.636471014613308,0.2632279226080075,16.52245539279561,0.5261134023109717,58.572105867387975,4.038231357067321,1.0248163152985144
FHK_506,FHK_506,314.58137499999987,43.89574999999999,0.0193302064778596,17.586490596357613,3.4141465269999998,0.802299935,0.35042346399999996,qpd,,1.3750260775343346,0.2583079900419522,16.647219542459723,0.6557162275662494,53.973136019448326,5.0246807019946464,0.995479317278904
FHK_510,FHK_510,313.48154166666666,44.185055555555536,0.0153030263583985,18.15974031749049,10.29793923,0.274930729,0.23592749,p,,0.9292535232849636,0.046284603607573,18.329779112694077,0.11725178895271601,42.899882456902425,1.4210807723010055,1.1702958706760611
FHK_511,FHK_511,313.52083333333337,44.17349999999998,0.0119019239980251,17.724005658039218,11.53150683,0.5030621239999999,0.061085855999999994,qps,mp,1.2349597042454978,0.064478788789549,17.105288811887185,0.1693880559866318,51.0014192594956,1.4646948428733986,0.875756189440798
FHK_514,FHK_514,313.38891666666666,44.4218611111111,0.0091955617873719,17.919325901582283,3.643609694,0.499831304,-0.11875997,qps,,1.0901723215377692,0.0617917503479781,17.67881024933702,0.1586203970470805,47.47027087642362,1.610251885592833,0.9340582491451568
FHK_517,FHK_517,313.4169999999998,44.43058333333333,0.0063039580711798,15.614338815822785,1.390723046,0.625066802,-0.443480294,b,,1.3820367141835463,0.0924856795968936,14.757821663494859,0.2094574568576197,54.111637455316895,1.8161298834361068,0.3456918890321646
FHK_524,FHK_524,312.7025,44.28433333333333,0.0591703766111762,17.94896921141439,0.984388422,0.903570712,0.177551092,s,,1.7693888704979566,0.2062795382228187,16.41830260734626,0.4037593256178358,60.52630335898714,2.8345792431887387,1.9055844869513807
FHK_530,FHK_530,313.028,44.48988888888889,0.0130531227624074,17.185958587974685,11.59165236,0.6003134720000001,-0.47645179,b,l,1.9937696566675525,0.2797050230028719,15.167222465726686,0.5684525149846094,63.363375915951,3.1910168728520403,0.6029642426982756
FHK_531,FHK_531,313.1360833333334,44.442277777777775,0.0089054868085937,17.30997563386076,5.3262183180000005,0.549182025,-0.14300579800000002,qps,mp,1.2452754822258445,0.0771965867172613,16.68311401133267,0.1986523328780816,51.23431066921986,1.7289017092217007,0.6717859075761238
FHK_532,FHK_532,313.111625,44.61849999999998,0.0121671518858493,16.62408673670886,4.112329261,0.496272814,-0.071664731,qps,,1.1857429604754288,0.0705045407974499,16.094299953116472,0.1967567841074675,49.85728643048191,1.6814927338716104,0.8225066384671901
FHK_543,FHK_543,312.94912499999987,43.71083333333332,0.0063499118875179,15.92182139554656,1.140177967,0.117401958,0.329615483,p,,1.4664336818603,0.1506434056691296,15.098009837590794,0.2630078140269978,55.70888626190257,2.721290668103705,0.3769601093590541
FHK_56,FHK_56,312.75600000000014,44.22497222222221,0.0139529489849913,17.909544746296294,7.057676214,0.331454093,0.313378167,p,,1.313967134878702,0.0901774812006834,17.235074397090244,0.1910145835756225,52.726904382177274,1.8841219378446288,0.7158804007637585
FHK_562,FHK_562,313.36470833333334,44.10261111111111,0.0039550840567876,14.129596097148287,,0.754617335,-0.38079442799999996,b,,0.8466026952555772,0.0480489903201073,14.320155257263243,0.0594838639549086,40.251341860423494,1.6010359658277378,0.1515598662014651
FHK_566,FHK_566,313.6438750000001,44.552472222222214,0.010635847621775,17.180451868404912,7.272602807999999,0.499943032,-0.010154605,qps,,1.3134458446953698,0.0887932146936473,16.42960497816325,0.2100960537619371,52.715947064612294,1.8572195742521038,0.6404364787159498
FHK_567,FHK_567,313.8686666666666,44.72905555555555,0.0228886242981559,16.907814559938842,2.427794427,0.174512532,0.275018428,p,,2.115274088637171,0.5730365661457842,14.963443897198696,0.9979591431366408,64.69746462854323,5.546546174610249,0.699508649730884
FHK_569,FHK_569,313.7390000000001,44.645444444444436,0.00960233594955,15.885364830674845,3.861968526,0.26759716899999997,-0.119139577,p,l,2.6437379211068572,0.3962465504217802,13.25645545380832,0.6281114565985257,69.2807587698867,2.8126664157764694,0.3665862584830903
FHK_571,FHK_571,313.6909166666666,44.59666666666666,0.0118179174257774,17.985530385889565,10.14356255,0.201790425,0.145979427,p,l,1.0086571551610972,0.0742566780479034,17.950078791042046,0.1857635799744041,45.24693829387086,2.103084183118699,0.9674165330246548
FHK_575,FHK_575,313.3562083333333,44.45452777777778,0.0097494801282871,17.404139577848106,13.38827785,0.7578233129999999,0.11381126300000001,qps,,1.104695818603199,0.0453471995998142,17.099172673943265,0.1309307983573404,47.84776917900108,1.1693079049284492,1.0261652712885987
FHK_576,FHK_576,313.284625,44.834722222222226,0.0152704421419358,18.072639693,1.6481765869999998,0.146875211,-0.391889849,mp,,1.1894426912878189,0.0889962968690755,17.647046291889765,0.2001021353573229,49.94523116193407,2.0984621799756242,0.9637678635655194
FHK_577,FHK_577,313.34925,45.113277777777775,0.0892923917559358,18.017617467741946,,0.9418154790000001,0.899310409,apd,,-9.462671104399877,35.406778171073725,37.43624394545797,67.45250174187103,-83.96746260929314,85.22326881597844,2.992565050270545
FHK_579,FHK_579,314.99058333333335,44.78683333333335,0.0115149606630759,15.293953728467152,3.7310000000000003,0.8617859362520174,0.151656544,l,,4.386713783214244,1.9882951026614315,11.843120461901547,2.0328383606648304,77.15823190353706,4.800958703178736,0.2868787767103637
2MASS_J20534213+4426536,FHK_580,313.4255833333333,44.44825,0.0138939317641925,17.546147067405062,6.87831655,0.688554288,-0.063594942,qps,,1.0222756229224204,0.0773356189478459,17.47705951716403,0.2067883574280564,45.63109378256344,2.1574396747082174,0.7940122236956546
FHK_62,FHK_62,312.7635833333333,44.1536111111111,0.009602121701754,15.998682344649445,7.894870403,0.252715418,0.023093423,p,l,2.018069241243343,0.2414276665526522,14.269032094304357,0.4093035524393222,63.64052031421974,2.7060015980152055,0.4387117542133396
FHK_67,FHK_67,312.7834583333332,44.53055555555557,0.0320868581608027,17.175922171518987,6.311574573,0.75689686,0.007704168000000002,qps,,3.5658763528373885,0.6603912806448153,11.75791424546319,1.3847355625806763,74.33458176623326,2.7251673025202914,0.8958223767999363
FHK_75,FHK_75,312.8069166666665,44.539611111111114,0.0078888629652304,16.547669854113927,4.189,0.8510125046359827,-0.41567904899999997,b,l,1.505929453256586,0.0978053495421411,15.5113017372196,0.1998418877558574,56.4141801293351,1.7203093769147224,0.4620531506658065
LkHA_151,FHK_79,312.81516666666664,44.24861111111111,0.0159086465005038,15.457927763468636,6.609562065,0.7032805990000001,0.31910763,qpd,l,2.4962665494715908,0.3641353285627513,12.597431207296646,0.6941110561216908,68.16904670406046,2.8013039408284084,0.5246961335610383
FHK_8,FHK_8,312.52520833333324,44.296944444444435,0.0187979242463477,17.930861225227964,3.952197973,0.36716890399999996,0.145976114,p,,1.0776293654793707,0.0752266126781183,17.76975900471388,0.1514370860610299,47.139826735232226,1.9930737066435384,0.7737863042099606
FHK_82,FHK_82,312.82383333333325,44.308305555555535,0.0609924225435792,17.210951628481016,7.169853297,0.541547611,0.638022553,qpd,,6.785587561965015,1.6779283615473704,5.9670115681763125,3.2228645940410763,81.61657878624547,1.9488749149352995,2.095690454122356
LkHA_153,FHK_86,312.83741666666657,44.43877777777776,0.0211419522957335,15.12139472943038,3.840051247,0.483920136,0.086916202,qps,,3.0137763316321413,0.3677523075090869,11.713233059188221,0.6251163025340585,71.64365881264844,2.0773951114214806,0.7939737522884529
FHK_98,FHK_98,312.85299999999995,44.30516666666665,0.0336765253565925,18.1333075066879,2.6917832089999996,0.8970311940000001,0.781731746,apd,,0.9423822322364904,0.20054587665707505,18.23185126698895,0.4129478103136978,43.30090723080966,6.007233936194835,1.8801119013522969
2MASS_J20535572+4245309,GDR1_2065995748890512768,313.4822098612072,42.75857157120715,0.0054349395290583,15.126327520529802,5.945187964,0.48696347700000003,-0.043832484000000005,qps,,2.309942618754076,0.2929933495857737,13.197160363900439,0.4307196334271337,66.59167348827975,2.63609887091221,0.3190406423699447
FHK_180,GDR1_2066790146043148928,313.063094833578,43.502067898891696,0.0306269598546004,16.51341547033333,,0.70974602,0.18116402199999998,qpd,,4.620915317710193,0.4227688506424614,7.9716886962115945,0.9992257343901852,77.78907007658889,1.0703341486509272,1.0169137158747723
FHK_177,GDR1_2066844954118735744,313.0565416594131,43.677474814002274,0.0186263878815991,17.179727661999998,9.096729161,0.729536967,-0.40779656200000003,b,,1.6362273329388275,0.1588278235558523,15.782183784498308,0.3539219646528835,58.568310702880105,2.436852318312472,0.6794747873161657
FHK_544,GDR1_2066855807501721472,312.72695122983924,43.773269174141255,0.0096224655762579,16.624553913804714,3.5960404130000003,0.818284245,-0.075894012,qps,,1.4991265170703172,0.1259823464623243,15.799687372063095,0.2062090470228721,56.29452721035602,2.2345025852750457,0.5179225677612084
FHK_547,GDR1_2067026815919131392,312.1477361340496,43.88704390388232,0.0334362550451291,16.43248228217822,0.987722364,0.8770119259999999,-0.283691445,b,l,2.453128717989875,0.0720747565752706,14.28191185499846,0.1050066652306291,67.82209286306627,0.5881491269094539,1.4925110350923698
FHK_545,GDR1_2067026953358039552,312.2407993910927,43.83196843673044,0.0411090722439871,18.190070663366345,3.570675982,0.530644946,0.106912069,qps,,1.273183645324248,0.1640849132377623,17.61618630422911,0.3356217707960915,51.85275183069256,3.5606119131286205,1.5708930451547938
2MASS_J20474099+4343186,GDR1_2067030011373814272,311.9208388887532,43.72187408397071,0.0563261867284507,18.004417798675497,154.5780939,0.7821404540000001,0.21127192600000005,qps,,4.165605930793781,0.4892824723215676,11.890240118875553,0.9051049108158092,76.50095585396107,1.4923193464500093,2.810676261584599
2MASS_J20473802+4349281,GDR1_2067032760152922112,311.90846247232747,43.8244836909553,0.0340264861135538,18.552596622516557,6.680736485,0.8582779620000001,-0.488004019,b,,1.6042747351299969,0.1077989231812223,17.498039926717873,0.2005615980624711,58.063283561698206,1.73170260422218,1.7971806904977343
2MASS_J20472521+4348322,GDR1_2067034237622346240,311.85506950394415,43.80895436501861,0.1092295545479505,17.42457244257426,4.681,0.8334441547320458,-0.06287136900000001,l,,5.293912861675457,0.9161588875871728,11.018243304070705,1.3669372584113146,79.30308200525097,1.7751974215802018,4.334232639288156
2MASS_J20472236+4350114,GDR1_2067034546860024960,311.84317431163174,43.83650749979533,0.0073993107386779,16.38655536534653,8.261655142,0.53717797,0.176180413,qps,,1.7657348952686551,0.120215167377804,15.096828144631967,0.2024049591364916,60.47554184128286,1.6569818526909932,0.4710325737927506
FHK_23,GDR1_2067059732550905600,312.68135869358946,44.264363962796075,0.01414646191308,16.649337016091955,3.0938359930000003,0.7036261540000001,-0.20792579100000005,qps,,1.4422132553424376,0.1215244865892541,15.838331884369069,0.2255644677436521,55.26338363110415,2.2551878555028866,0.5544261189694546
FHK_9,GDR1_2067061691055800448,312.5413045611885,44.255897046358434,0.0318894808724769,18.10320173222656,211.017524,0.5034854,0.19425851600000002,qpd,,2.848764277821437,0.2447644993420634,13.9512585314245,0.542742329572496,70.65742624178299,1.5241659887940897,1.3359461170775486
LkHA_136,GDR1_2067062618768745728,312.6377938867216,44.26074778882028,0.0169660471355867,17.495957253084107,9.480335991,0.6982199159999999,-0.119688061,qps,,1.309356038646602,0.0722394382927508,16.86706712868035,0.1468472456238263,52.629789170128966,1.5190409590284637,0.6944381786968002
LkHA_137,GDR1_2067062824937136000,312.6543514096502,44.30684138979343,0.0208678916876339,14.797057259177215,191.1471525,0.572060372,0.632691247,qpd,,3.491947118477451,0.1554917411510092,10.160521126896988,0.29527227505050296,74.0197070773505,0.6711725615086532,0.8195815079265935
FHK_2,GDR1_2067067807089176192,312.2990627247952,44.209140069320284,0.017852747707043,17.492141815891475,0.9118839940000001,0.8855123340000001,0.41162685200000004,apd,,1.4270760444863957,0.1664978161230661,16.444893425763873,0.4086558536896012,54.97978361488153,3.096587442681141,0.7960900990404794
FHK_548,GDR1_2067069937403328128,312.1369366609665,44.199896751032334,0.0185467509329208,17.987367584393066,115.0559831,0.83625401,-0.26540550399999996,b,,1.8609418017284909,0.1038812455369514,16.41918078383638,0.1900492634088095,61.74809111930142,1.3313984815538724,0.9331549001476336
FHK_6,GDR1_2067074301079809408,312.38411283044843,44.28419106599425,0.08062809479696299,17.360921175766016,4.752594487,0.686107365,0.194831703,qps,,2.3605845117080126,0.4929464658662831,14.749404706422466,0.9609935446310852,67.0413235981752,4.156219648902759,3.6290685874444013
2MASS_J20482880+4424115,GDR1_2067120514926515200,312.1200287972347,44.403194018955965,0.0076217036370196,16.55561252376543,9.017099355,0.524642323,-0.069333884,qps,,1.7611903994597709,0.1370528386983861,14.904473824922668,0.2971984830511678,60.41218530692992,1.9003672271365424,0.4236891143576859
2MASS_J20492323+4434373,GDR1_2067128658184872064,312.34681680905624,44.57699362853485,0.0163899664177101,17.435537612727273,11.683,0.7275728012238788,0.187504863,qps,l,2.0056814531748453,0.2139980814654076,15.227643938836465,0.4703557292928035,63.499905305957405,2.4347113642000657,0.8621844932069503
2MASS_J20492606+4435298,GDR1_2067128795623856256,312.3586594109029,44.591598598223285,0.0123081344559242,18.356640868773237,,0.855620982,0.518096855,s,,1.0185691282472455,0.0678703866939471,18.30513680305114,0.1495613134148854,45.52705738387515,1.903802505353055,1.049688975317121
2MASS_J21004676+4255265,GDR1_2161843098061857280,315.1948747006565,42.92404720463947,0.0653437726173468,18.31750028355264,3.545666858,0.7045349259999999,0.042749588,qps,,-7.753256731346003,4.366901566642366,33.23455055771629,7.47863100015055,-82.65066913812103,3.4499686130036737,2.1014694129978526
FHK_472,GDR1_2162078393549548288,314.6652178869925,43.71918620169887,0.0043612437575791,14.4734824602649,5.518,0.970745824872205,-0.12959443699999998,qps,,0.9412132417344532,0.0776778326254104,14.555315058479113,0.10981954530163301,43.26541147116446,2.3517948106392406,0.1533188963009656
FHK_399,GDR1_2162091003573281920,314.15074819573965,43.359072063574246,0.019995399426258997,18.01416574013841,32.60770622,0.853736467,-0.282463077,b,,1.5848601832364904,0.1585248266353973,16.973936527751547,0.2888973577807352,57.74928321728282,2.555717837916073,1.1900706291737584
FHK_407,GDR1_2162091278451209472,314.2148785903454,43.38047442503331,0.0079500129843153,17.180913789679714,121.98577220000001,0.738204878,-0.37126887299999994,b,,0.9818707175453146,0.0419833996880717,17.221672532837484,0.0886354301860059,44.4758978161197,1.227427096067074,0.3983289397516709
FHK_423,GDR1_2162117563651224960,314.3612272648295,43.59153144981275,0.0133677853055834,17.195405385430462,6.956136401,0.708948967,0.10381180599999999,qps,,0.9404352031439224,0.0336699630615613,17.336090834120075,0.0778166226384478,43.241765332679,1.0251380138127657,1.1067589285070911
FHK_414,GDR1_2162121961697794304,314.2639594847423,43.69569038789106,0.05840474040798599,16.536406207615894,200.4936641,0.841109373,0.376879705,qpd,l,4.271020151879236,0.4516793775773917,11.244517087076206,0.7196422334825172,76.82236513960105,1.3296846918493466,2.247451062162643
FHK_419,GDR1_2162122064777006080,314.30208780917013,43.68232215600878,0.0576929662543649,18.530256577926426,1.4370376459999998,0.940119368,0.042283818,s,,2.244696418241019,0.4026462491047355,16.824838093447703,0.5487633787132449,65.98728812522808,3.830148424596477,3.0248839977999986
FHK_417,GDR1_2162122339654917120,314.2815455457374,43.699905814840704,0.017603371156526,16.748250714950167,7.152707036,0.687038447,0.489962356,qpd,,1.8004578100166049,0.2933018797733042,15.27222379063688,0.5474109456852982,60.95158025827121,3.9353182684173285,0.7757901313181002
FHK_435,GDR1_2162126187945624704,314.50575275109367,43.75559320151324,0.0377022683703019,16.628129056291392,,0.802963601,0.464860483,qpd,,4.014592746456704,0.5365457956318218,11.00132908178086,0.9936597356142034,76.01277006917314,1.77017811634606,1.2653641856242597
FHK_440,GDR1_2162126325384584576,314.53692232894724,43.783272613953606,0.022982457695168997,17.284203926158938,5.910481643,0.702818018,0.021227541000000003,qps,,2.87978239509253,0.4473882202587398,13.325769653912756,0.9362008398814128,70.85052100375847,2.7308362127723456,1.025189910579361
FHK_436,GDR1_2162127562335172992,314.5252253995614,43.82579207636382,0.0135479092670617,17.015865100662253,3.931140461,0.618398794,0.210063573,qps,l,5.105503910398453,0.9857194041682416,10.539615021225512,1.5507111447418298,78.91793946719876,2.050567739906064,0.4795033823344269
V1716_Cyg,GDR1_2162127974652045056,314.5254813603184,43.883630729713374,0.0178988369933076,16.54455093311037,4.14011554,0.771976467,-0.49253385299999997,b,p,1.9794168203344449,0.2686424260635421,14.898204640903796,0.4567310437700921,63.19712623283736,3.096384892761096,0.4039075836110697
FHK_443,GDR1_2162128009011784832,314.5450978433306,43.885607658494436,0.0231156185999888,15.738759987959865,,0.679946693,0.6658793789999999,apd,,5.274498821305657,0.7469170240092469,7.404731185646338,1.4475567790052015,79.26462548345705,1.4532649200762315,0.4555160551741393
FHK_404,GDR1_2162134880959435904,314.1945193774256,43.767239662532866,0.0082420557428097,17.128751480132447,3.37151231,0.216027565,-0.056871871,p,,1.5788146214538137,0.1667431689959032,16.140420083392762,0.2878946202113015,57.650378374654636,2.7276549750272077,0.4604603010336198
FHK_410,GDR1_2162135327636039936,314.2472540277824,43.79804463179902,0.0485056496764163,17.989592233112578,210.93634989999998,0.686681619,-0.841405886,b,,2.4870139419148733,0.1267216148550742,15.755914533865788,0.1913659234267219,68.09550191610357,1.0050540690496559,1.9218541917916423
FHK_457,GDR1_2162221536218867072,314.59855597445545,43.882055000647505,0.0151388629513511,17.01047079271523,18.99563517,0.38610026299999994,0.173592518,p,,4.489268897332393,0.8958313558978219,10.433292003854458,1.6859578708471832,77.44219218285888,2.3337058649590734,0.6446406951946593
FHK_462,GDR1_2162221639298015872,314.61260429407434,43.88890231742855,0.0307008338365686,17.64846815231788,182.4307119,0.891372855,0.078678472,s,,1.5706390110727677,0.1075677028237291,16.636760790824052,0.1906348641642683,57.515763665481714,1.7766472705147116,1.0838075083514025
FHK_466,GDR1_2162221673657763584,314.6267388988931,43.89975752674886,0.0484184888056469,18.6480362367893,6.446772246,0.860481741,0.301903311,qpd,,2.0885212292727457,0.5173224054120876,16.641650354673093,0.9464617930425449,64.41454249735872,5.233017348484854,1.8746038437932084
FHK_467,GDR1_2162221673657766272,314.62700181220225,43.90262235999385,0.0111968570121612,17.284063567880793,167.3534414,0.708689272,0.393821601,qpd,,1.3886525671331902,0.1274620195428306,16.55662995724423,0.2354936179375162,54.24148929959734,2.4895803915816335,0.484433517588377
FHK_450,GDR1_2162221776736976896,314.57094734880053,43.89535910826638,0.0177478603899404,12.71868739143969,106.0188118,0.8666928509999999,0.34644803399999996,l,,4.380645043479463,0.4498402240788635,7.055200664685987,0.7577190684505011,77.14103765448473,1.2591840787850077,0.5248410882176323
LkHA_186,GDR1_2162221811096717952,314.5817321920033,43.89846388188703,0.0154713853902834,16.332937650662256,,0.8543773000000001,0.043691145,qps,,2.1937031376855787,0.1244008694234681,14.165402684815142,0.2281602553944761,65.49412032949982,1.2189555317139011,0.6823804587285734
FHK_477,GDR1_2162223086709799296,314.72174296798727,43.9758002436749,0.0234434100246593,18.769012180936453,106.0188118,0.7985119959999999,0.789649996,qpd,,1.1967645464855554,0.1487943532787135,18.4188388948844,0.2523586237760433,50.118333246725996,3.4377634065733544,1.2747841740971049
FHK_476,GDR1_2162224147560188672,314.6975081853883,44.026321614100105,0.0214656251664618,18.83293866621881,10.16896976,0.65857242,0.668695943,qpd,,1.2201725998220585,0.0987117985650684,18.463122333489345,0.1565828870296712,50.663455030035884,2.2770375055330314,1.0674119483529163
V752_Cyg,GDR1_2162227205576431488,314.63997369544984,44.05985047413489,0.0824209150927301,16.058203364126395,6.652886452000001,0.933081827,-0.053087122,s,,2.430018581894415,0.1042672748193314,14.716390568972649,0.0931116376119067,67.63187913477897,0.8639934082147573,3.415674319396466
2MASS_J20593270+4408353,GDR1_2162231676644797824,314.8864393131778,44.14306109748972,0.0093283588998315,18.335167832031253,,0.8046662290000001,0.071541061,qps,,0.8360570762511049,0.0295879498845712,18.697976144841718,0.0667898989350899,39.897548166075225,0.9970815464301004,0.8260392937884729
2MASS_J20584910+4416162,GDR1_2162235726791704960,314.7046177588673,44.27115999428571,0.0836125774910061,18.248531540601505,,0.92455156,0.678225182,apd,,2.8326000929233777,1.312913530391849,14.126884010760913,2.83083878097002,70.55531036349069,8.132552954864904,3.3727936271735497
FHK_481,GDR1_2162235795513138560,314.81188288335704,44.20792432338372,0.024746607800246002,18.634627979133857,0.979836261,0.760053277,-0.037057216000000004,qps,,1.2921492419677536,0.1434313406252073,18.120043284808236,0.2643346556508525,52.26355401924131,3.0598996572901185,1.5060368144443472
FHK_425,GDR1_2162239506362783488,314.4054311152652,44.112204802183285,0.0227765901084164,18.559317752327743,,0.928703066,-0.231160915,s,,1.4648733932123978,0.0918129465455881,17.645224843437802,0.1849168582049536,55.68048913028714,1.6640991327162211,1.3290053153864874
FHK_441,GDR1_2162240708953684992,314.5397046059057,44.184086431611995,0.0476137070144411,18.411467504299065,191.1471525,0.8583926279999999,0.239309635,s,,4.309656336946805,0.5262669764681549,12.078288200173152,0.9877268628540374,76.93643326626008,1.5156978263538707,2.10833808531795
FHK_446,GDR1_2162251394832460672,314.55137913084803,44.34949107285121,0.0092116082260793,17.879340285321103,6.4315589929999994,0.15525773699999998,0.253585697,p,,1.3205278830963487,0.0830874399251935,17.16979663018969,0.1808524220117284,52.86433814002152,1.7255373444050592,0.7586838739193512
FHK_267,GDR1_2162872928138757248,313.3151536451038,43.73966973033053,0.0804145369625174,17.450247625,191.0,0.7088816136887618,-1.1991309270000001,b,,2.8908905391944755,0.2180439287190976,14.5739931297575,0.3415752991300937,70.91877133839112,1.3730125260525667,3.3546589819585
LkHA_180,GDR1_2162886568955114112,313.4279200391176,44.06351857361957,0.032486223857233,15.453546489272027,9.73,0.8797998728028281,0.47213046299999994,qpd,,4.3947773585221865,0.4138837072392749,8.99570882874608,0.7714204109342395,77.18102011191615,1.1545950281077828,1.0179889082897908
FHK_335,GDR1_2162886775113495552,313.51609850019884,44.029936251960095,0.0568378252081074,16.716647277254904,4.901793091,0.8523987540000001,0.31969037899999997,qps,,2.227719417971577,0.2747560832559872,14.4400478059536,0.5230511333316734,65.82518559951578,2.6114098849003056,2.6860906635321613
FHK_385,GDR1_2162902683672550912,314.0487983814546,44.18196083626438,0.0401527113786507,16.040120445676695,4.47,0.8349097165011605,0.9901737979999999,qpd,,4.513267174933453,0.4184441869053881,9.825882780093922,0.7397047354238229,77.50686393622439,1.1246129182514717,1.1158198466162157
FHK_377,GDR1_2162903680105026176,313.92714208954806,44.23687717027233,0.0393786870663908,18.299030080268203,9.017099355,0.628025548,0.849149247,qpd,,1.4529138385766196,0.3322589258739299,17.251236228129038,0.7527304756145501,55.46141907522818,5.9267595295259525,2.212033331439049
FHK_378,GDR1_2162904161141389696,313.98792998351576,44.259951032886626,0.0432331100450497,17.040008815599993,8.74517201,0.715890217,0.836255816,qpd,,2.2466307236610383,0.2016152077137525,14.52195004472517,0.3963149812750437,66.00562863521596,1.9052688310593395,1.5522768381793526
FHK_367,GDR1_2162909830498130048,313.76259600948583,44.18112215981157,0.0175408163787541,16.323365861235956,138.8486621,0.81649608,0.303008328,qpd,,2.6479333324292726,0.1865781054463422,12.595583712080465,0.4206275792019953,69.31080446962085,1.328740862648582,0.8011172009496751
FHK_239,GDR1_2162924673904534272,313.22628231487136,43.871243289641264,0.0464108737890859,17.327595406333337,118.41887779999999,0.839734561,0.6292212970000001,qpd,,3.8392659943887364,0.3214835554802264,11.42250054170692,0.6602820125677651,75.40075272582405,1.1699811640504072,1.7828224255544027
FHK_186,GDR1_2162930652500328832,313.0769060360245,44.087509519964286,0.0168551930023949,18.40657965,8.524816322000001,0.910579833,-0.095740936,s,,1.216447407852066,0.0465864410332884,17.907241280866398,0.1092922236934441,50.577540182816065,1.0740110784544672,1.2239187723454794
FHK_222,GDR1_2162931580213813632,313.16609292875387,44.09671588914086,0.0100792968528854,18.677729346946567,222.58683880000004,0.6388990529999999,-0.157003822,s,,0.9082230153033539,0.0204375214896418,18.84584034387131,0.0382829079135031,42.24645133451721,0.6418413754774542,1.0510815653954215
FHK_204,GDR1_2162931786370808448,313.11680283929536,44.05861394172086,0.056493558507864014,14.862886073025047,154.7234825,0.803680642,-0.098254941,b,,5.5400327448752495,0.2467741009573791,5.962899996027441,0.488644026063378,79.76803856007652,0.4454424525704344,1.5914996863694626
FHK_220,GDR1_2162932851524210816,313.15196438536617,44.19620838058371,0.0293255985352491,17.33695864038095,6.588110785,0.61388145,1.053986957,qpd,,4.10552637734634,0.5166545903294777,10.699043171399305,1.1032602045477082,76.31079505025579,1.6453840074400528,1.1069982378604706
FHK_280,GDR1_2162932993257907584,313.35294774701265,44.04186114412709,0.0096480342403605,12.729297376078431,,0.919934879,-0.598474916,b,,0.3698861075681638,0.0612434405124292,13.223256561308546,0.047762707111004006,20.298733253052553,3.081858053802214,0.264261604358898
FHK_491,GDR1_2162933882314931968,313.393035373416,44.12793432838515,0.0075312752124033,16.913563771946563,6.631153495,0.41250403,0.04425049,p,,1.2316060644976052,0.0665369710989975,16.478881553573373,0.1240226881344224,50.92519879545151,1.5120188213217256,0.3909204121865484
FHK_313,GDR1_2162935565942174208,313.41729718195745,44.17929426247285,0.0444075933676283,17.357072902862598,,0.899173593,0.583278956,apd,,2.0285600118014595,0.1261768762535845,14.953306480275847,0.2901190992676649,63.75852242741935,1.3980136960505578,1.7749043519204386
FHK_294,GDR1_2162936665453858432,313.38076414721843,44.2262346869474,0.0152984980016347,17.280940823900572,10.79061198,0.9107275979999999,-0.185591735,s,,1.5324417633058092,0.0660135892810239,16.119722744760693,0.1443708821750924,56.873408155450754,1.128376736816963,0.8859256788382339
FHK_263,GDR1_2162938074203123712,313.30835291416764,44.216048994754495,0.0304034895565849,17.1272569027451,7.2682390329999995,0.433771409,0.736827569,p,,1.5623771467173078,0.1672474561614539,15.921119156297696,0.3486246016506094,57.37871054124039,2.7395063292432797,1.5799083847578819
FHK_252,GDR1_2162939173714801152,313.27476939197817,44.26074820925187,0.0703463358313658,18.7518296275,64.19815216,0.9397472929999999,0.523591348,apd,,2.4012081670689587,0.22470207333111397,15.866714364244109,0.4442184434018452,67.39037015995648,1.8930431359302031,2.0809514631241868
FHK_236,GDR1_2162939208074518912,313.2187268777803,44.240317136194896,0.0667736205980758,17.90623305700389,,0.813679597,0.73599536,qpd,l,5.595614482979811,1.2029721503787305,7.547313067707889,2.647476538566832,79.86754748642309,2.1151326724210158,3.1568983808604933
FHK_238,GDR1_2162939208074527616,313.22393503246906,44.249178733588536,0.0897753072879314,17.32986503671875,8.74517201,0.8953736870000001,0.5385055679999999,apd,,4.253536445764216,0.4017771631944431,10.300873403797912,0.8360452553934259,76.77010113537506,1.1895365539508538,3.5816452850805116
FHK_275,GDR1_2162939792190072448,313.3288316946642,44.24402348085625,0.0238810297276797,18.40965160176125,9.037171278999999,0.61929329,0.409932775,qpd,,1.1771230474410477,0.0549282968679122,17.97216259235102,0.1325934536095427,49.651138654112174,1.3170069850092072,1.2953014750591776
FHK_305,GDR1_2162940067068027264,313.40123051637886,44.27395532006168,0.0709409392593914,18.302225167559524,6.341,0.8555710585739641,0.290986531,qpd,,1.8663706004613183,1.1897050492873078,16.581007674083686,2.3078109189771165,61.81761122841621,12.259804379692323,2.616275207526447
FHK_301,GDR1_2162940067068027392,313.3967863782052,44.281289838825465,0.0116284963591065,17.707663938653365,21.91679103,0.506885268,-0.14364422300000002,qps,l,1.1125757062995776,0.0564577893339657,17.455114748345494,0.1269277782713462,48.05031331303315,1.442694377092959,0.6742690364436984
FHK_147,GDR1_2162941716335179008,312.9884250111627,44.03779365337419,0.0372911535051674,17.973610135294113,7.483116982,0.589542067,0.391307753,qpd,,2.7694675422940174,0.4528225743789247,14.581054513473509,0.8543733615485829,70.14634804076886,2.979455384006414,1.2509319333369795
FHK_139,GDR1_2162942918926094208,312.95230917862733,44.088782803535345,0.0091482947350434,16.984882794291757,61.7399005,0.917540348,0.025622881,s,,1.2866195776407776,0.0498835347607865,16.401284804121524,0.1004752757553131,52.14455854237642,1.0749169111228398,0.5007405267236624
FHK_190,GDR1_2162944911791083136,313.09385664703177,44.23337851243401,0.0129428409216379,15.987209324230768,3.00899417,0.639882437,0.307349042,qpd,,2.61198272609741,0.2588205254812172,13.230291539824146,0.44218550070189,69.05060927936401,1.8764399297306809,0.4510080202008836
FHK_185,GDR1_2162945976943020416,313.0767383034075,44.275134667591544,0.0575675495418362,17.517297898325356,0.978693158,0.908014401,0.35819973200000005,apd,,2.5257443578051966,0.1844287346508213,14.227204950729663,0.3951496500068296,68.40025353721488,1.4230812722180026,1.9116499731787169
FHK_109,GDR1_2162946080022052992,312.8787451542417,44.116509859787705,0.0230448150828612,15.968770996309965,,0.92522934,0.843931207,apd,,2.7396262357940686,0.5245812085430968,13.356263272498614,0.7789115711388597,69.94724560668115,3.351583482818125,1.0024648276186925
FHK_117,GDR1_2162946526698717056,312.8904299532222,44.17068994339685,0.0236029332969168,17.398006147232472,9.56972265,0.778845135,0.078569791,qps,mp,2.210570768755113,0.2712841161091609,14.966512454668308,0.5464740331023066,65.65934272327317,2.5920916955040765,0.9852746476123576
FHK_141,GDR1_2162946767216898432,312.9535923761257,44.184080404503575,0.0125411158203905,17.39375896355932,4.159,0.8399642416511374,-0.244863405,qps,,1.2392959117828135,0.0493623123850404,16.908716287218827,0.1024434479637435,51.099600597552566,1.1156403304535305,0.5431082849176542
FHK_96,GDR1_2162947420052773760,312.8517155562052,44.21783703842847,0.1147378289079387,18.207893335826768,,0.728351132,1.048908641,apd,,-16.10818413953597,12.33305943805852,51.78320010252121,25.358154846142405,-86.44761860264387,1.9703803088459109,3.9121992862766133
FHK_83,GDR1_2162947591850664960,312.82599171691106,44.21892964524781,0.0319738436469387,15.534116549446495,7.879547681,0.435741505,0.067408417,p,l,4.295674967528168,0.6904096409953098,9.764548200093822,1.199600338059195,76.89538004539276,1.9729380385787991,0.7561680852271657
FHK_110,GDR1_2162947729289614848,312.8818772201587,44.216997522769105,0.0260682953000686,18.577878004832712,235.4983471,0.813714122,0.648025786,qpd,l,1.3337391591444012,0.1564226067667065,17.806281652046902,0.3467494957803332,53.1384711002117,3.195902290684759,1.3119568705723217
LkHA_156,GDR1_2162947798009095808,312.8624501704055,44.22094146912779,0.0081548334574362,16.540460474907757,9.684,0.832206467244841,-0.278302434,qps,l,1.2162575917696872,0.0967237182809406,16.12306221264242,0.1895833997016351,50.573153992398936,2.2366435650740963,0.4154214864138904
FHK_91,GDR1_2162948107246789120,312.8483716815662,44.261805992122966,0.0243169782781916,17.922280920462047,6.786335762,0.509187329,0.040348699999999994,qps,,1.4957080460277965,0.0965085262580828,16.97178246205122,0.1863985862471064,56.23411722466742,1.7055950218174931,1.1593684781112037
FHK_105,GDR1_2162948141606527616,312.8690904291109,44.2625428298529,0.0217719016459132,17.771286724752475,7.0332230110000005,0.918982856,-0.38972014899999996,b,,1.4987102273855837,0.0629767897807048,16.84919244931133,0.1183601770560951,56.28718089393485,1.1147408235689966,1.4645867274033404
FHK_145,GDR1_2162948691363126144,312.97041974693065,44.2659479554346,0.0863088067084449,18.495977467540325,200.59145519999998,0.86196587,0.8326754590000001,apd,,8.135297689549942,4.38086002338583,2.8065633081956127,9.357167367375684,82.9922896482778,3.205387474740948,2.8478545114059166
FHK_156,GDR1_2162949309837722880,313.00072099191436,44.333053725436564,0.0144689502676612,17.805405756962024,4.955637461,0.7833564390000001,0.33967962399999996,qpd,,1.1232760323141582,0.072873110746721,17.514475936524896,0.16427224791108402,48.32282558534358,1.8450099353759453,0.8097845358241285
LkHA_160,GDR1_2162949378557095680,312.922569534802,44.251955561685,0.0727275374960034,17.250871053768847,6.73,0.8233111527486827,-0.011707178,qps,,2.530181970051916,0.17709110954314802,14.22936149301222,0.3288631201713369,68.43465634871873,1.3781731951297196,3.711969859090715
LkHA_161,GDR1_2162949378557115136,312.9246367931808,44.26892642828634,0.0134374390178152,15.806769566903071,1.022571464,0.92545846,-0.22914561100000005,s,,2.0241006346414387,0.1258636789163441,14.069738269365704,0.2137775994744615,63.70848271436829,1.4172483951680257,0.7024831471112225
FHK_230,GDR1_2162951027824541312,313.19785316973656,44.26164443036425,0.0260677445826659,18.507607537717604,7.941,0.922018200510077,-0.20433620600000002,s,,1.0254552375998371,0.096646969310953,18.45393408737928,0.2161430326976727,45.72003552946996,2.672944160747631,1.4693049321149496
FHK_233,GDR1_2162951474504020224,313.2076249187297,44.317265273447205,0.0301886525216761,15.59799658622951,8.62353862,0.870193106,0.786156877,apd,,3.2265866049571685,0.4924821788923623,11.781302285932155,0.8338098579169557,72.78048162128351,2.4212127640118584,1.00514715240499
LkHA_175,GDR1_2162951749379088640,313.14321933614536,44.294499503192384,0.0272559392817044,17.028982650316454,7.285653935,0.727276852,0.044395024000000005,qps,,2.0899939925479343,0.1432604062868695,14.97504277248538,0.2653778237282322,64.43027105963644,1.5259602043222031,1.0650234650611559
FHK_205,GDR1_2162952470933669632,313.1180077764276,44.354053424749935,0.0368889401559961,16.819040310126585,5.797807791,0.6798335059999999,0.320393225,qpd,,2.051292218274708,0.2421454865175405,14.908867120977964,0.4427094703374239,64.01087789549115,2.691154583974744,1.5673127163454814
FHK_247,GDR1_2162952711451794176,313.25749878643944,44.31827220058872,0.0129299418038058,17.298740671202527,8.264510977,0.406032905,0.054564456,p,,1.2210245769761423,0.0779510162901393,16.725030033005424,0.2001297544058609,50.68306103064511,1.7869481030441696,0.7549967266192283
FHK_175,GDR1_2162955185352996096,313.0539040561621,44.34816854948304,0.0915973016518784,17.553402915238095,,0.888847197,0.226960258,s,,4.036024033462029,1.3524485670136412,10.789111836537463,3.0337129204787177,76.08414568236594,4.111345878974592,3.911722739807488
FHK_184,GDR1_2162955803828359040,313.0766347666336,44.417247815415685,0.0338637691056205,18.59538515886076,0.9770444309999999,0.872480777,0.321262485,apd,,1.60486859376684,0.1506962844584422,17.529785739288272,0.2554816293731274,58.07280233295217,2.397522342112956,1.0131173237966915
FHK_166,GDR1_2162956903341232128,313.02800205995027,44.465390588231315,0.0360843120303556,17.13692101174603,,0.914861897,0.802403841,apd,,2.908924548736505,0.3104559266693445,13.229908515092196,0.6237812681098678,71.02858430592046,1.8776516024424588,1.4401323131879178
FHK_325,GDR1_2162960820350057856,313.478159470982,44.328335578072405,0.0409964224559046,18.36827207405064,,0.660569254,0.601902279,qpd,,2.7019099117708905,0.667325889329609,14.604380127431526,1.4256617680034394,69.69005448832274,4.379761866085908,1.6124290735787592
FHK_328,GDR1_2162961267026674432,313.4896617057508,44.342379395681846,0.0136385115773097,16.743939964102562,6.867000000000001,0.8837383460653948,0.42935575,apd,,1.4735032366886611,0.1423063226640182,15.627928412017255,0.33370989530302003,55.83703595902821,2.584259644749896,0.8135207691199764
2MASS_J20542302+4419154,GDR1_2162961541904548992,313.5959319846104,44.3209265814808,0.0070521026293726,14.83773164785276,,0.9030328959999999,-0.506585099,b,,0.8772323167415117,0.0661557574436735,15.081458331031149,0.1350011585681283,41.258285014500345,2.137581507935381,0.2918374219343913
FHK_345,GDR1_2162962985013647616,313.56699484966947,44.40291592301878,0.0145271169738286,16.188776685971224,95.012,0.6945378164880017,-0.011517455,qps,,2.286582716150588,0.2425009937284414,13.487626170820255,0.5067680106671117,66.37861254353456,2.2199615365810312,0.5617310409566366
FHK_492,GDR1_2162965012238950656,313.4077230134428,44.405784683179455,0.0144263054482452,17.702651426265824,14.43557811,0.213325608,0.09504881,p,,1.2982546711831944,0.0782374128935796,16.996487431216778,0.1877246737883311,52.39420187779878,1.6633949495814089,0.9433662171087484
FHK_290,GDR1_2162965287117378944,313.3769366489555,44.445401246216534,0.040849957202647,17.857208163291137,182.55218,0.693431756,0.7356028659999999,qpd,,3.629021494346912,0.6551330857263289,11.181360694497403,1.6314523978622866,74.59411545253677,2.536354005230313,1.4507230319390614
FHK_302,GDR1_2162965699433784192,313.39769032411016,44.46339235085033,0.0334028109806058,17.21367645189873,106.16934450000001,0.9231738190000001,-0.053098965,s,,4.114502856154576,0.4516106277043328,11.222287237207343,0.8594303243108811,76.3395402291412,1.433786464845645,1.2141194323344953
FHK_332,GDR1_2162966146109606528,313.4939417295994,44.42661241635336,0.0560333428350173,18.14623255727848,4.545090002,0.787542572,0.223493442,qps,,1.054513441387874,0.0929819969210047,17.95256367900434,0.2219438449669919,46.51990119857327,2.514467784961812,3.942750468705032
FHK_339,GDR1_2162966798944719488,313.5365549737283,44.503181058530046,0.0076503476554243,16.708739242771088,,0.856445688,0.042223039000000004,s,,0.8617888300206271,0.09452119995002199,16.986986605049232,0.1942956518459535,40.75439569547774,3.0867571847459443,0.3488377849144403
FHK_331,GDR1_2162967795377160064,313.49350340688306,44.54305795713624,0.0054605921776049,15.391868904113927,4.93755646,0.877667201,-0.29457629,b,,1.165272484339964,0.0680336831076563,15.00394439387578,0.1568197383664316,49.36485018215766,1.6436424454240868,0.2623199353204202
FHK_359,GDR1_2162969788241971712,313.6900622847246,44.52697728864731,0.0078571504714701,17.190797483128836,12.75723041,0.65922105,-0.077934103,qps,,1.1766979058622935,0.0704351379531178,16.802115991294972,0.1537745810924367,49.64092567509637,1.6893724405382926,0.551635857364307
FHK_570,GDR1_2162969788241973632,313.68607457615644,44.52895151743057,0.0054179303512245,14.161540622699382,,0.8380382359999999,-0.295271222,b,,0.9261268397868614,0.0858839072518323,14.284277439669907,0.1437604346892191,42.80359895154446,2.6316228572274265,0.2367346290852612
FHK_364,GDR1_2162975698125115392,313.72642956071644,44.72860375213026,0.0214619671083308,17.747421680368102,1.0182116270000001,0.865565315,-0.401992091,b,,1.7380833720187234,0.1119498397465839,16.44814133425156,0.1988035948837652,60.08618492144663,1.6032819197153918,1.139504833941158
FHK_360,GDR1_2162976419671618816,313.69025747381744,44.72828317522482,0.0347628237757704,17.59101980462963,0.931168245,0.886133866,0.739447324,apd,,2.6250655925460373,0.5718814732798112,14.261110000994876,1.1648899815099538,69.14600010400468,3.9859008490338974,1.305691086016154
FHK_256,GDR1_2162978172018122240,313.2877317325571,44.50295916225333,0.0273997082589178,17.779741533227853,,0.891483762,0.073450881,s,,1.597154293364078,0.1097484947940363,16.297519260457875,0.2664521124920025,57.94875769324157,1.7617343298838373,1.3677024811846743
FHK_249,GDR1_2162984631649047936,313.2637373528789,44.663571185242866,0.0110653403395224,17.495358950632912,4.7693439269999995,0.7825796859999999,0.4433506720000001,qps,,0.8945646886031531,0.0509742284168258,17.74970459439888,0.1268001573932995,41.81469125561322,1.6218360749897789,0.6263838968286282
LkHA_181,GDR1_2162988101982678912,313.6231402254145,44.75750335500434,0.0378673072505509,16.58704143128834,0.93025454,0.876527585,0.17173019899999994,qps,,2.613433406565117,0.1107622529448297,13.437888573588333,0.218035746643153,69.06122969553755,0.8110756345857604,1.885411465000668
FHK_354,GDR1_2162988754817727232,313.6121692637456,44.79805822787978,0.072885490190467,15.681671987692305,11.59165236,0.827530819,0.920888562,qpd,,6.5173974621498605,0.5657972187272929,4.771615836067667,1.1014445782863669,81.27682502236776,0.7429074266440114,2.8453544111654723
FHK_346,GDR1_2162989201494332800,313.57383253288066,44.811134999192745,0.006825653485705999,14.531002381176473,9.038308844,0.6981672,0.034135061,qps,mp,0.9531610247462616,0.1235623147833286,14.617589403491971,0.2255098305076694,43.62624673964267,3.6480611624489967,0.2575933296016636
FHK_353,GDR1_2162989510731974016,313.60174372573124,44.80487816338861,0.0592963419693873,17.102169000309598,8.230999823,0.666877858,0.826710739,qpd,,5.3107124059336055,0.5373960555662256,7.964303849480804,1.1051668716349337,79.3361456963582,1.0506555614749389,2.0947013061707045
FHK_382,GDR1_2163017101601143040,314.020203173375,44.58231171364184,0.0138402681405549,17.635630671253818,18.51789993,0.897166937,-0.369182826,b,,1.5207087262079388,0.1596647409660221,16.72718721982931,0.2829157339689043,56.671553486236846,2.721711871840568,0.6800345724514996
FHK_415,GDR1_2163020881172468608,314.2669830495015,44.63076131524417,0.006063347100793,15.300166646788993,3.2760848989999998,0.541420503,0.278429865,qps,l,2.217569299335396,0.1693212808581268,13.814037999769734,0.2068516763234598,65.72728235129172,1.6230998472566798,0.2732537795104049
FHK_368,GDR1_2163069500202546688,313.76662345958664,44.74070007403486,0.0244007101460476,17.419238013523135,,0.9170974000000001,0.038262195,s,,2.048035738353648,0.2134474435878782,15.770199923599048,0.3375082915524547,63.975003998407686,2.377383574610497,1.0043103262412247
FHK_80,GDR1_2163135367823138944,312.8169403422865,44.249996064152405,0.0398414474039363,17.05020224222222,,0.887225101,0.565182257,apd,,5.404458917387727,1.28103830997849,8.017054271682964,2.5947356704100666,79.51698386641604,2.302619957148776,1.3471135708104198
FHK_58,GDR1_2163135573981345152,312.7565367275058,44.26166089652195,0.0136367595631689,15.458944435973596,7.364955093,0.25912758199999997,-0.044159119000000004,p,,6.470767382611468,2.8741617112331475,6.492344159663039,4.673182181449441,81.214939506142,3.2439226649513286,0.4915627451048647
FHK_57,GDR1_2163135573981345280,312.7561119042319,44.259557343227584,0.0094454480181051,16.425334344518273,5.529332058,0.465223382,0.19687951399999998,qps,l,1.530750863182896,0.1961035130568053,15.401545411958432,0.3770218884595069,56.84445078114664,3.33042558069251,0.3881073084315052
V1492_Cyg,GDR1_2163135677060562176,312.7737481103964,44.2756174992443,0.0548681633610284,14.880948977096775,10.484000000000002,0.8808547086080255,0.39082823899999997,qpd,,3.7089098035908266,0.3629097043579987,10.262450341019981,0.6135554326888489,74.91066565399844,1.3943441088683362,2.2070798071592854
FHK_72,GDR1_2163136123738466688,312.80038267902404,44.313240837133534,0.0167788554431886,17.856060620915038,,0.844882063,0.078625681,qps,,0.8137560786968889,0.0816453218559345,18.190518137468363,0.1449316457044531,39.137182386574935,2.7915626082118146,1.0348222575462591
FHK_84,GDR1_2163136192456870016,312.83106326015115,44.325146090175686,0.0696911908783994,17.171662231012654,,0.909081879,0.562771371,apd,,3.8269223729828585,1.5804334648167069,12.144767541656787,2.8004655958065605,75.35567756578521,5.148979659529075,2.9049432474342294
LkHA_141,GDR1_2163136364255498624,312.7190342985914,44.27888878470984,0.0162720389324859,14.763744509661837,8.615267333,0.9427829870000001,0.6112783079999999,apd,,1.6232600108223814,0.6565665119657164,13.819881811963361,0.9975926385401052,58.36508943191473,9.164264562506473,0.546423351686859
FHK_50,GDR1_2163136742213531520,312.74588223129325,44.33173518582862,0.0095162504458335,17.571178858544304,5.499372497,0.709388757,0.246901746,qps,,1.177844113503041,0.073168576207977,17.225387006990772,0.1377610262562392,49.668450145441845,1.7528884276823182,0.5524552391111217
FHK_52,GDR1_2163136746511218176,312.7478393033757,44.32750211468454,0.0291833112538597,17.589087183174602,6.8435330389999995,0.71814763,0.290134195,qpd,,2.384251287285882,0.3501204052091051,15.050518959388919,0.6427391230352653,67.2459030116276,2.9547166243697696,1.2318929701581345
FHK_564,GDR1_2163137360688842752,312.7746285220051,44.39641897681263,0.0127468272117538,18.35151021582279,,0.8366923759999999,-0.11095234300000001,qps,l,1.496794147037808,0.0749183249937245,17.44862355370975,0.1338673840767192,56.253331246674655,1.3181787919997432,1.0122179907152709
LkHA_154,GDR1_2163137738645105280,312.8444553863257,44.3521006870259,0.0228763244724369,16.11277988386076,7.759074376,0.6769984459999999,0.35913362200000004,qpd,mp,2.5356650291171157,0.5870514709621426,13.527066892556947,0.9962626647776762,68.47701997543807,4.3563483969962515,1.0514895294749131
FHK_140,GDR1_2163138116611233408,312.9531889678755,44.39470490406047,0.0308113481174892,18.112394731962024,8.859677726000001,0.811969925,-0.224973882,qps,l,1.8013428330646386,0.0800551508480287,16.389638072659857,0.1732139784072117,60.96353142220628,1.0802249976879486,1.3680031659417058
LkHA_157,GDR1_2163138288400926464,312.8865953964193,44.39665464404827,0.0307353016764011,16.514140796835445,,0.943884222,-0.144531083,s,,1.730650738359604,0.1223413048408021,15.141114294254706,0.2224749080406214,59.97993332111248,1.7473222730298141,1.4289615725018752
FHK_124,GDR1_2163138361418522624,312.9135525014715,44.40778696773347,0.0453599777382239,14.83070555063291,1.036142283,0.905139425,0.57371199,apd,,3.7862884504445966,0.3851465294284295,10.029654313662189,0.6606895146235132,75.20538303985565,1.4350989977921702,1.4537519315885896
FHK_85,GDR1_2163138597639123456,312.8326758152813,44.38512183346858,0.0577182584072401,17.823620213375797,0.980347457,0.90622513,1.015177836,apd,,5.176636988606093,0.7043633946775878,9.722767106410014,1.334176659036676,79.06652617098435,1.4204823625783718,2.2966305950122003
LkHA_152,GDR1_2163138601937119360,312.81884032151413,44.3827735529161,0.0099873242608242,15.311396306962028,2.424894251,0.693340347,-0.319964467,b,,1.4561401799892533,0.2066565676476447,14.67892087868838,0.2854913250415842,55.52078052752678,3.8240940782428186,0.3737575217436275
FHK_104,GDR1_2163139151692568576,312.8685210789231,44.433620803815266,0.0705465749655929,17.900429102215192,191.1471525,0.624619761,0.196571921,qps,l,15.255143420300493,7.094384000566768,-10.278767872082195,13.858789617797887,86.24953028518793,1.5268113817357565,2.8991030397599284
FHK_30,GDR1_2163139804527939968,312.70243444677425,44.3512518624165,0.0401665286905018,18.500785217777786,6.224483591,0.598299349,0.260466704,qpd,,1.7129467333679198,0.1702280683060869,17.105282390817464,0.3388694655176252,59.72407223152545,2.4759366433676364,1.6163270897642352
FHK_20,GDR1_2163139873247408384,312.6685306707504,44.339344334403286,0.0163764646281931,18.230372762974685,5.035543363,0.45677427600000003,0.022213901,p,l,1.0497023686989926,0.0764582107529563,18.110538034980532,0.1608631588410176,46.389068979376546,2.0716643739420992,0.8640518643224129
FHK_526,GDR1_2163139937669407872,312.6557508284225,44.34805504775345,0.0098696232133563,15.324809871202529,6.048294312,0.742248178,-0.17108059899999994,qps,l,2.049340916997948,0.1861546653332103,13.368403340700365,0.3463541667802489,63.98939199297523,2.0230118297399047,0.4088200168389431
FHK_41,GDR1_2163140246906862080,312.7287237613243,44.38283520549869,0.0833155864399355,17.635158098101265,18.95007764,0.877060573,0.522507161,s,,6.3290071179321155,1.6471306435106086,7.989421747713642,2.9155756609664074,81.02133958922411,2.203738464416853,2.5820902560390087
FHK_49,GDR1_2163140281266601728,312.7448012775342,44.38816458154733,0.0193621747079563,18.044684586075945,4.445552248,0.834660263,-0.1726996,qps,,1.4756021237270598,0.0872120459834853,17.111055199904175,0.1750880436572259,55.874920375173474,1.5766230629669642,1.2933587372426671
LkHA_149,GDR1_2163140315626343168,312.7693628453087,44.3972432622505,0.0334556844455987,14.460411889556953,191.1471525,0.473332001,0.7469977059999999,qpd,l,5.426204796170607,0.3405496017165847,7.8928973289939774,0.5026918414303867,79.55807244175185,0.6450384196894781,1.1511752162341626
FHK_61,GDR1_2163140315626344064,312.76289490947937,44.40076132666685,0.0287927236673217,16.862320221725238,8.383979932,0.69454287,0.398048629,qpd,,3.4769905421270386,0.3219684186932288,12.232593314677784,0.5914614955109592,73.95449788171584,1.3993566209164978,0.8059883566091205
FHK_63,GDR1_2163140315626346880,312.7638913920373,44.40428515934821,0.0293988167807136,16.650278862658226,,0.692850335,-0.317525525,b,l,2.2014923365508685,0.0975971564912245,14.818990816105654,0.1520034601863287,65.57067818173267,0.954284350104433,1.4212039063742137
2MASS_J20505096+4423465,GDR1_2163140453064444544,312.7123320321692,44.39623822222878,0.0434223214723725,18.008952876190477,3.536,0.860278092778931,0.42300722399999996,qps,,1.8265475597138885,0.4963815178495151,16.096585607013616,1.1386412006081292,61.30013432015952,6.167831301366428,1.5749582431428149
FHK_11,GDR1_2163140968460295680,312.6154861844204,44.39139410498164,0.0071406156665788,15.265812181329114,,0.72748768,-0.49899669700000004,b,,1.9476523867722368,0.2094701866679476,13.517496453794301,0.3882333745912705,62.822281864342116,2.4965227351810966,0.324254317686615
FHK_12,GDR1_2163141208978477312,312.63467375634264,44.43817851699804,0.0082806109075355,17.764991392405065,211.017524,0.777349423,-0.032179424,qps,,1.0416741561316691,0.0297653102055749,17.65114122946831,0.0793158830837885,46.169345056017114,0.8178458510235858,0.8555703904442888
V1701_Cyg,GDR1_2163143717240796032,312.7537272945984,44.530465728732146,0.0839930634459226,15.958055012658225,6.937,0.9179627532704802,0.811777981,apd,,5.9853345279003785,0.6363220899433211,6.948584411793767,1.1069640634537583,80.51491326099746,0.9865654544121396,2.8188811858701803
FHK_135,GDR1_2163144473153865856,312.94164656473293,44.47646401982018,0.0263450486721506,17.764639197151894,10.62123209,0.662787017,0.178334548,qps,,1.672864592128067,0.2111247884066375,16.413619359851836,0.4234221800891138,59.12998762074547,3.1357333160589893,1.1661623714044842
FHK_160,GDR1_2163144541882323584,313.011144384048,44.45799695989046,0.0179233067847284,18.032306264444443,4.104015138,0.745062236,0.637477057,qpd,,1.2508794520794413,0.1072188102209834,17.462222576066004,0.2403880529689672,51.35984714381178,2.3995312766155665,1.0451053500260357
FHK_162,GDR1_2163144576233088640,313.0152968094033,44.47723291815445,0.0187539295039927,18.22164661107595,,0.904675674,-0.14940710699999998,s,,1.1728511087286086,0.054112667517692,17.87663256843617,0.11201433228710304,49.54832193115371,1.3062224155652749,0.8009740519408138
LkHA_165,GDR1_2163144644952565120,313.00412135165266,44.478171669720055,0.012137031338032,16.920486928797473,19.8779141,0.8849063079999999,-0.178221133,s,,1.8045969536259296,0.1142287785792011,15.3880337927827,0.2145882412890118,61.007394228222296,1.5311704922677385,0.736719805511989
FHK_152,GDR1_2163144851111005056,312.99458089748686,44.50758285888877,0.0406891889485553,18.228984302866237,182.55218,0.8134175290000001,0.755397641,qpd,,2.149420114723891,0.3553596255081732,15.805135193661414,0.7469389329200231,65.05017899175243,3.5298248751558163,1.883002556509089
LkHA_159,GDR1_2163145984982389632,312.916507636757,44.553945873148145,0.0548578205792779,16.54426884177215,182.55218,0.7068129259999999,0.646749088,qpd,,5.705230981363938,0.3858864861722462,7.430688403512617,0.7398394723082862,80.05831468153286,0.6551197631248008,1.8778330586106597
FHK_107,GDR1_2163148596322501760,312.8736830348407,44.538787089797324,0.0041462408935269,13.942275634603176,,0.832119713,-0.772128025,b,,0.8289953912699328,0.0926360508645632,14.140288290190314,0.1083469304520816,39.65857498345103,3.1348341694422737,0.2114141524710317
FHK_90,GDR1_2163148768121199360,312.84503454566214,44.56183160166629,0.0075417219042468,16.66576390474684,,0.862244178,-0.24513795100000002,s,,1.7693445481388062,0.1237574269510406,15.271129331072192,0.2253323406551377,60.52568926339681,1.7109879215118962,0.41574505888238
FHK_116,GDR1_2163149214797802752,312.88916795656144,44.58175004168541,0.0328143321244544,16.369284096518985,,0.693449158,0.119266816,l,,9.321658169421676,1.7921203999982225,3.2936764032757937,2.8275660889768863,83.87689496680424,1.1316197983786016,1.0951889580350227
FHK_114,GDR1_2163149317877028224,312.8879983144297,44.61655320862664,0.03735019736891298,18.18091062974684,1.0106078109999999,0.875657674,0.9388742290000001,apd,,0.9421789868374116,0.1665843264274732,18.29219373968084,0.4002529755412585,43.29473889424496,5.13098590195142,1.8886248999357769
FHK_93,GDR1_2163149661474923520,312.84865725313716,44.589583827644724,0.0659624439014231,18.67234145382166,60.37907355,0.9517600409999999,0.121115032,s,,3.8754777356104704,0.8690530595714681,13.022725439119325,1.6351626047479648,75.53141466059989,3.0100646054807343,3.5784177908057435
LkHA_139,GDR1_2163155055959979392,312.6678481482751,44.51358919827957,0.0282773922653287,14.808467292038214,,0.761931985,0.328263446,qpd,,4.2966730129492,0.4094557455185055,9.499550596949641,0.6614969343345258,76.8983192049314,1.1758653452425265,0.7553861210649465
FHK_29,GDR1_2163155227752761088,312.70038599475987,44.56016414568739,0.0238191778928811,18.26475209556962,6.351,0.769814274418077,0.244467591,qps,,1.1358321353383172,0.0661251619469343,17.94116103531751,0.1549094853598909,48.63892848759464,1.6548602539828874,0.9861116322560516
FHK_39,GDR1_2163156052385630336,312.7257984084001,44.635609332751294,0.0221120394325388,16.690521618670886,9.547218333,0.23915235699999998,-0.108190787,p,,3.0162008392008257,0.3613719523312206,12.851009749075244,0.6777182712161629,71.6574261017377,2.0166985814891762,0.9648537798577704
2MASS_J20504576+4455118,GDR1_2163169761929937280,312.6906807725453,44.91994973521836,0.0400236971592621,18.24938069134615,,0.811744606,0.478528944,apd,,2.398839047348713,0.5593385343920677,14.620371746550855,1.3920484236085064,67.37028980283431,4.406894336046958,1.9709445769169167
2MASS_J20502457+4455154,GDR1_2163215391652091520,312.60242541317564,44.92092749329559,0.0112421888775469,17.890102136942673,10.402999999999999,0.7793557297227547,-0.044261232000000005,qps,,1.1151052075618562,0.0600743774903287,17.625431864769173,0.139307872480737,48.11499560539408,1.5345495349533542,0.9536793457709888
FHK_546,GDR2_2067027228235955584,312.21539449689067,43.85037700947687,0.0160411894435473,18.018390788448844,5.61544905,0.698734623,0.280448986,qpd,,1.1525395953181188,0.0977563732809798,17.69505275377388,0.2145253868959376,49.05348580480816,2.4080246302467168,0.6929268681241972
FHK_221,GDR2_2162926254452857472,313.1646322654713,43.998398325633936,0.0187427735620054,18.005319249664424,8.743228892000001,0.458979569,0.235777536,p,,1.0808262972899434,0.0853170691079391,17.81936904902464,0.1947454273556204,47.22444262732626,2.2421713673953976,1.0188009021260722
LkHA_163,GDR2_2162948455142499968,312.9943655202102,44.2490878988824,0.0159891222480355,16.939160590625,0.989185357,0.914681796,-0.098139615,s,,1.9435265080435744,0.0853861509428439,14.767596067100506,0.1966998231469325,62.77288306758127,1.0245575571356873,0.8205166225932518
LkHA_172,GDR2_2162951684957670144,313.11151769035183,44.285138743533935,0.0074807613435100015,14.00024013918575,,0.8212936359999999,-0.38981559200000004,b,l,1.8339977383838053,0.1395070372850636,12.827595203253852,0.1970126239886376,61.3982654627884,1.817150893764775,0.2964069627363499
LkHA_150,GDR2_2163136059317926016,312.8130652914013,44.304877026551296,0.019692126742014,16.240582676265824,4.224,0.8418402461159913,0.28666652600000003,qpd,,2.5903103590527183,0.1919324978084224,13.467026871185768,0.3266137017230663,68.89071273307107,1.4159158232672922,0.8949776449788849
FHK_59,GDR2_2163137120170654720,312.758957326272,44.33585049865385,0.0551088482606942,18.52074329776358,160.85371519999995,0.8739534409999999,-0.400002907,b,,2.278019827616661,0.1955316613470255,16.298052128219332,0.3485299928570198,66.29959483286305,1.809706375046012,1.7126226303594116
FHK_31,GDR2_2163139804529410944,312.70289201218,44.348121718414774,0.0124041961231033,16.43917278607595,10.790999999999999,0.7827901042979671,0.012840853999999999,qps,,1.9648607188808511,0.1666205041155116,14.656564919858837,0.3080325532840744,63.02654859300778,1.9373573691389687,0.6442734465967163
2MASS_J20564735+4341276,PSO_J205647.351+434127.587,314.19732404391516,43.69100543901369,0.0075150802145949,13.25320285397351,,0.889999278,-0.26265258399999997,b,,0.8992464513603304,0.0853320484447406,13.339018466692512,0.0726581725090911,41.96334986239498,2.708002795773958,0.1779453533997635
2MASS_J20581850+4353460,PSO_J205818.503+435346.014,314.5771034612672,43.896088894135396,0.0413606616594539,18.066858266887408,,0.733885041,0.321107702,qpd,,2.1119755540236387,0.2166967787435149,15.149046623240206,0.5460520400153932,64.6628971477428,2.2412100764949687,1.4705893197394118
