filename,class,ra,dec,ID,,catname, period,p2,p3,p4,
0.911:ID:2MASS_J20470481+4349114.png,3,311.7700707,43.81983743,2MASS_J20470481+4349114,,204704.81+434911.4,,,,,
0.537:ID:GDR1_2067034546860024960.png,2,311.8431743,43.8365075,GDR1_2067034546860024960,,204722.36+435011.4,8.26039,,,,
0.871:ID:GDR1_2067034237622346240.png,3,311.8550695,43.80895437,GDR1_2067034237622346240,,204725.21+434832.2,,,,,
0.858:ID:GDR1_2067032760152922112.png,3,311.9084625,43.82448369,GDR1_2067032760152922112,,204738.03+434928.1,,,,,
0.782:ID:GDR1_2067030011373814272.png,3,311.9208389,43.72187408,GDR1_2067030011373814272,,204741.00+434318.7,,,,,
0.520:ID:2MASS_J20475256+4345137.png,2,311.9689046,43.75372372,2MASS_J20475256+4345137,,204752.53+434513.4,5.944,,,,
,,,,,,,,,,,
0.929:ID:2MASS_J20475581+4329019.png,3,311.9825253,43.48387322,2MASS_J20475581+4329019,,204755.80+432901.9,,,,,
0.524:ID:GDR1_2067120514926515200.png,2,312.1200288,44.40319402,GDR1_2067120514926515200,,204828.80+442411.4,9.001636,,,,
0.836:ID:GDR1_2067069937403328128.png,3,312.1369367,44.19989675,GDR1_2067069937403328128,,204832.86+441159.6,,,,,
0.640:ID:2MASS_J20483292+4351190.png,3,312.1371735,43.85529686,2MASS_J20483292+4351190,,204832.92+435119.0,,,, ,if there is a real periodicity or timescale it's around 80 days
0.892:ID:GDR1_2067026815919131392.png,3,312.1477361,43.8870439,GDR1_2067026815919131392,,204835.45+435313.3,,,,,
0.698:ID:GDR2_2067027228235955584.png,2,312.2153945,43.85037701,GDR2_2067027228235955584,,204851.69+435101.3,5.61274,,,,
0.530:ID:GDR1_2067026953358039552.png,2,312.2407994,43.83196844,GDR1_2067026953358039552,,204857.79+434955.0,3.570948,,,,
0.885:ID:GDR1_2067067807089176192.png,3,312.2990627,44.20914007,GDR1_2067067807089176192,,204911.77+441232.9,,,,,
0.732:ID:GDR1_2067128658184872064.png,3,312.3468168,44.57699363,GDR1_2067128658184872064,,204923.23+443437.1,,,,,
0.855:ID:GDR1_2067128795623856256.png,3,312.3586594,44.5915986,GDR1_2067128795623856256,,204926.07+443529.7,,,,,
0.686:ID:GDR1_2067074301079809408.png,3,312.3841128,44.28419107,GDR1_2067074301079809408,,204932.18+441703.0,4.750189,,,,
0.467:ID:FHK_8.png,2,312.5252083,44.29694444,FHK_8,,205006.04+441748.9,3.952446,,,,
0.503:ID:GDR1_2067061691055800448.png,3,312.5413046,44.25589705,GDR1_2067061691055800448,,205009.91+441521.2,,,,,
0.752:ID:GDR1_2163215391652091520.png,2,312.6024254,44.92092749,GDR1_2163215391652091520,,205024.58+445515.3,,,,,
0.727:ID:GDR1_2163140968460295680.png,3,312.6154862,44.3913941,GDR1_2163140968460295680,,205027.71+442329.0,,,,,
0.777:ID:GDR1_2163141208978477312.png,3,312.6346738,44.43817852,GDR1_2163141208978477312,,205032.32+442617.4,,,, ,"29day timescale is strong, but phased diagrams don't look great"
0.698:ID:GDR1_2067062618768745728.png,2,312.6377939,44.26074779,GDR1_2067062618768745728,,205033.07+441538.6,9.475192,,,,
0.917:ID:FHK_15.png,3,312.654125,44.34716667,FHK_15,,205036.99+442049.7,,,,,
0.572:ID:GDR1_2067062824937136000.png,3,312.6543514,44.30684139,GDR1_2067062824937136000,,205037.04+441824.6,,,,,
0.798:ID:GDR1_2163139937669407872.png,3,312.6557508,44.34805505,GDR1_2163139937669407872,,205037.38+442052.9,6.0467,,,,
0.761:ID:GDR1_2163155055959979392.png,3,312.6678481,44.5135892,GDR1_2163155055959979392,,205040.28+443048.9,,,,,
0.556:ID:GDR1_2163139873247408384.png,2,312.6685307,44.33934433,GDR1_2163139873247408384,,205040.44+442021.6,5.033,,,,
0.896:ID:FHK_21.png,3,312.6688333,44.34738889,FHK_21,,205040.52+442050.6,,,,,
0.898:ID:FHK_22.png,3,312.678375,44.36530556,FHK_22,,205042.81+442155.0,,,,,
0.703:ID:GDR1_2067059732550905600.png,3,312.6813587,44.26436396,GDR1_2067059732550905600,,205043.52+441551.7,3.092,,,,
0.906:ID:FHK_24.png,3,312.6872083,44.26516667,FHK_24,,205044.92+441554.5,,,, ,
0.811:ID:GDR1_2163169761929937280.png,3,312.6906808,44.91994974,GDR1_2163169761929937280,,205045.76+445511.8,,,,,
0.648:ID:FHK_26.png,1,312.692,44.31944444,FHK_26,,205046.08+441909.9,13.68,,,,
0.637:ID:FHK_28.png,2,312.695875,44.29147222,FHK_28,,205047.01+441729.2,1.053,,,,
0.786:ID:GDR1_2163155227752761088.png,3,312.700386,44.56016415,GDR1_2163155227752761088,,205048.09+443336.5,6.342,,,,
0.598:ID:GDR1_2163139804527939968.png,2,312.7024344,44.35125186,GDR1_2163139804527939968,,205048.58+442104.5,6.228,,,,
0.946:ID:FHK_524.png,3,312.7025,44.28433333,FHK_524,,205048.59+441703.5,,,,,
0.790:ID:GDR2_2163139804529410944.png,3,312.702892,44.34812172,GDR2_2163139804529410944,,205048.69+442053.2,10.81,,,,
0.738:ID:FHK_32.png,3,312.7032917,44.32316667,FHK_32,,205048.78+441923.3,,,,,
0.475:ID:2MASS_J20505039+4450115.png,3,312.7099655,44.83654073,2MASS_J20505039+4450115,,205050.39+445011.5,,,,,
0.830:ID:GDR1_2163140453064444544.png,3,312.712332,44.39623822,GDR1_2163140453064444544,,205050.95+442346.4,3.536,,,,
0.942:ID:GDR1_2163136364255498624.png,3,312.7190343,44.27888878,GDR1_2163136364255498624,,205052.56+441643.9,8.392,,,,
0.889:ID:FHK_35.png,3,312.7215417,44.39822222,FHK_35,,205053.17+442353.6,,,,,
0.672:ID:FHK_36.png,3,312.72325,44.35025,FHK_36,,205053.58+442100.9,31.022,,,,
0.859:ID:2MASS_J20505363+4424305.png,3,312.7234562,44.40844659,2MASS_J20505363+4424305,,205053.62+442430.4,,,,,
0.239:ID:GDR1_2163156052385630336.png,1,312.7257984,44.63560933,GDR1_2163156052385630336,,205054.19+443808.1,9.55,,,,
0.815:ID:FHK_40.png,2,312.72625,44.29794444,FHK_40,,205054.29+441752.6,6.516,,,,
0.818:ID:GDR1_2066855807501721472.png,3,312.7269512,43.77326917,GDR1_2066855807501721472,,205054.46+434623.7,3.556496,,, ,"peak seems very real, but strange that not also present in g-band"
0.877:ID:GDR1_2163140246906862080.png,3,312.7287238,44.38283521,GDR1_2163140246906862080,,205054.89+442258.2,,,,,
0.810:ID:2MASS_J20505543+4417461.png,3,312.7309995,44.29608741,2MASS_J20505543+4417461,,205055.43+441745.9,,,,,
0.883:ID:FHK_43.png,3,312.7317083,44.29730556,FHK_43,,205055.61+441750.2,4.623,,,,
0.810:ID:FHK_44.png,3,312.7394583,44.41272222,FHK_44,,205057.47+442445.7,2.207,,,,
0.727:ID:FHK_45.png,3,312.7419583,44.49952778,FHK_45,,205058.07+442958.3,35.228,,,,
0.861:ID:2MASS_J20505838+4414444.png,3,312.7430013,44.24568901,2MASS_J20505838+4414444,,205058.32+441444.4,3.422,,, ,this seems like a duplicate of FHK_47
0.300:ID:FHK_46.png,1,312.743125,44.24233333,FHK_46,,205058.35+441432.3,4.88,,,,
0.861:ID:FHK_47.png,3,312.7434583,44.24561111,FHK_47,,205058.42+441444.1,3.422,,,,
0.561:ID:FHK_48.png,2,312.7445833,44.29188889,FHK_48,,205058.70+441730.7,7.221889,,,,
0.834:ID:GDR1_2163140281266601728.png,3,312.7448013,44.38816458,GDR1_2163140281266601728,,205058.75+442317.3,4.419892,,,,
0.709:ID:GDR1_2163136742213531520.png,3,312.7458822,44.33173519,GDR1_2163136742213531520,,205059.01+441954.2,5.494,,,,
0.718:ID:GDR1_2163136746511218176.png,3,312.7478393,44.32750211,GDR1_2163136746511218176,,205059.48+441939.0,6.842103,,,,
0.236:ID:2MASS_J20510029+4424364.png,1,312.7512359,44.41009411,2MASS_J20510029+4424364,,205100.29+442436.3,7.012561,,,,
0.914:ID:GDR1_2163143717240796032.png,3,312.7537273,44.53046573,GDR1_2163143717240796032,,205100.89+443149.6,,,,,
0.331:ID:FHK_56.png,1,312.756,44.22497222,FHK_56,,205101.44+441329.8,7.060788,,,,
0.465:ID:GDR1_2163135573981345280.png,2,312.7561119,44.25955734,GDR1_2163135573981345280,,205101.46+441534.4,5.531199,,,,
0.259:ID:GDR1_2163135573981345152.png,1,312.7565367,44.2616609,GDR1_2163135573981345152,,205101.56+441541.9,7.359365,,,,
0.873:ID:GDR2_2163137120170654720.png,3,312.7589573,44.3358505,GDR2_2163137120170654720,,205102.14+442009.0,,,,,
0.694:ID:GDR1_2163140315626344064.png,3,312.7628949,44.40076133,GDR1_2163140315626344064,,205103.09+442402.7,,,,,
0.397:ID:FHK_62.png,1,312.7635833,44.15361111,FHK_62,,205103.25+440912.9,7.890579,,,,
0.692:ID:GDR1_2163140315626346880.png,3,312.7638914,44.40428516,GDR1_2163140315626346880,,205103.33+442415.4,,,,,
0.473:ID:GDR1_2163140315626343168.png,3,312.7693628,44.39724326,GDR1_2163140315626343168,,205104.64+442350.0,,,,,
0.725:ID:FHK_500.png,3,312.7727083,44.23313889,FHK_500,,205105.45+441359.3,,,,,
0.880:ID:GDR1_2163135677060562176.png,3,312.7737481,44.2756175,GDR1_2163135677060562176,,205105.69+441632.2,,,,,
0.836:ID:GDR1_2163137360688842752.png,3,312.7746285,44.39641898,GDR1_2163137360688842752,,205105.91+442347.1,,,,,
0.421:ID:2MASS_J20510663+4421407.png,1,312.7776383,44.36131221,2MASS_J20510663+4421407,,205106.63+442140.7,1.397283,,,,
0.756:ID:FHK_67.png,3,312.7834583,44.53055556,FHK_67,,205108.02+443150.0,6.31,,,,
0.756:ID:GDR1_2163143481019730688.png,3,312.783554,44.53080373,GDR1_2163143481019730688,,205108.05+443150.8,6.31,,,,source confusion with FHK_67
0.783:ID:2MASS_J20510895+4416420.png,3,312.7873019,44.27831364,2MASS_J20510895+4416420,,205108.95+441641.9,6.147,,,,
0.886:ID:GDR1_2163136123738466688.png,3,312.8003827,44.31324084,GDR1_2163136123738466688,,205112.09+441847.6,,,,,
0.452:ID:2MASS_J20511252+4418093.png,2,312.8021979,44.30255956,2MASS_J20511252+4418093,,205112.52+441809.2,7.989,,,,
0.912:ID:2MASS_J20511262+4418454.png,3,312.8025823,44.31261411,2MASS_J20511262+4418454,,205112.61+441845.4,,,,,is this an eclipsing binary?
0.828:ID:FHK_75.png,3,312.8069167,44.53961111,FHK_75,,205113.65+443222.6,4.1965,,,,
0.446:ID:2MASS_J20511374+4422252.png,2,312.8072667,44.37366095,2MASS_J20511374+4422252,,205113.74+442225.1,2.075,,,,
0.816:ID:2MASS_J20511455+4413379.png,3,312.8106512,44.22717526,2MASS_J20511455+4413379,,205114.55+441337.8,,,,,
0.845:ID:GDR2_2163136059317926016.png,3,312.8130653,44.30487703,GDR2_2163136059317926016,,205115.13+441817.5,4.175,,,,
0.703:ID:FHK_79.png,2,312.8151667,44.24861111,FHK_79,,205115.63+441454.9,6.613125,,,,
0.899:ID:GDR1_2163135367823138944.png,3,312.8169403,44.24999606,GDR1_2163135367823138944,,205116.06+441459.9,,,,,
0.693:ID:GDR1_2163138601937119360.png,2,312.8188403,44.38277355,GDR1_2163138601937119360,,205116.52+442257.9,2.424,,,,
0.541:ID:FHK_82.png,2,312.8238333,44.30830556,FHK_82,,205117.71+441829.8,7.175,,,,
0.544:ID:GDR1_2162947591850664960.png,1,312.8259917,44.21892965,GDR1_2162947591850664960,,205118.23+441308.1,7.885,,,,
0.909:ID:GDR1_2163136192456870016.png,3,312.8310633,44.32514609,GDR1_2163136192456870016,,205119.45+441930.5,,,,,
0.898:ID:GDR1_2163138597639123456.png,3,312.8326758,44.38512183,GDR1_2163138597639123456,,205119.84+442306.4,,,,,
0.809:ID:2MASS_J20512059+4420322.png,3,312.8358132,44.34228589,2MASS_J20512059+4420322,,205120.59+442032.2,1.623, ,,,second period at 2.58 days but with similar phasing
0.483:ID:FHK_86.png,2,312.8374167,44.43877778,FHK_86,,205120.97+442619.5,3.838,,,,
0.878:ID:2MASS_J20512139+4424054.png,3,312.8391174,44.40149992,2MASS_J20512139+4424054,,205121.38+442405.3,,,,,
0.676:ID:GDR1_2163137738645105280.png,3,312.8444554,44.35210069,GDR1_2163137738645105280,,205122.66+442107.5,3.884,,,,
0.862:ID:GDR1_2163148768121199360.png,3,312.8450345,44.5618316,GDR1_2163148768121199360,,205122.80+443342.5,4.947,,,,
0.509:ID:GDR1_2162948107246789120.png,2,312.8483717,44.26180599,GDR1_2162948107246789120,,205123.60+441542.5,6.789,,,,
0.951:ID:GDR1_2163149661474923520.png,3,312.8486573,44.58958383,GDR1_2163149661474923520,,205123.67+443522.5,,,,,possible ~10 day timescale
0.728:ID:GDR1_2162947420052773760.png,3,312.8517156,44.21783704,GDR1_2162947420052773760,,205124.41+441304.2,,,,,
0.897:ID:FHK_98.png,3,312.853,44.30516667,FHK_98,,205124.71+441818.5,,,,,
0.879:ID:FHK_101.png,3,312.8605833,44.608,FHK_101,,205126.53+443628.7,,,,,
0.811:ID:GDR1_2162947798009095808.png,3,312.8624502,44.22094147,GDR1_2162947798009095808,,205126.98+441315.3,9.673,,,,
0.624:ID:GDR1_2163139151692568576.png,3,312.8685211,44.4336208,GDR1_2163139151692568576,,205128.44+442601.0,,,,,
0.918:ID:GDR1_2162948141606527616.png,3,312.8690904,44.26254283,GDR1_2162948141606527616,,205128.58+441545.1,,,,,
0.853:ID:GDR1_2163148596322501760.png,3,312.873683,44.53878709,GDR1_2163148596322501760,,205129.68+443219.6,,,,,
0.925:ID:GDR1_2162946080022052992.png,3,312.8787452,44.11650986,GDR1_2162946080022052992,,205130.89+440659.4,,,,,
0.813:ID:GDR1_2162947729289614848.png,3,312.8818772,44.21699752,GDR1_2162947729289614848,,205131.65+441301.1,,,,,
0.943:ID:GDR1_2163138288400926464.png,3,312.8865954,44.39665464,GDR1_2163138288400926464,,205132.78+442347.9,,,,,
0.886:ID:GDR1_2163149317877028224.png,3,312.8879983,44.61655321,GDR1_2163149317877028224,,205133.11+443659.5,,,,,
0.709:ID:FHK_115.png,3,312.8890833,44.44358333,FHK_115,,205133.37+442636.9,6.288,,,,
0.693:ID:GDR1_2163149214797802752.png,3,312.889168,44.58175004,GDR1_2163149214797802752,,205133.40+443454.3,,,,,
0.778:ID:GDR1_2162946526698717056.png,3,312.89043,44.17068994,GDR1_2162946526698717056,,205133.70+441014.4,4.781,,,,"three plausible peaks at 4.781, 9.569, 8.1"
0.113:ID:FHK_118.png,1,312.8974583,44.51088889,FHK_118,,205135.38+443039.2,4.419,,,,
0.917:ID:FHK_123.png,3,312.9110833,44.06138889,FHK_123,,205138.65+440341.0,,,,,
0.941:ID:GDR1_2163138361418522624.png,3,312.9135525,44.40778697,GDR1_2163138361418522624,,205139.25+442428.0,,,,,~20 day timescale
0.706:ID:GDR1_2163145984982389632.png,3,312.9165076,44.55394587,GDR1_2163145984982389632,,205139.96+443314.2,,,,,
0.439:ID:FHK_127.png,1,312.9219167,43.79861111,FHK_127,,205141.25+434755.0,1.357,,,,
0.828:ID:GDR1_2162949378557095680.png,3,312.9225695,44.25195556,GDR1_2162949378557095680,,205141.41+441507.0,6.717,,,,
0.912:ID:GDR1_2162949378557115136.png,3,312.9246368,44.26892643,GDR1_2162949378557115136,,205141.91+441608.1,,,,,
0.584:ID:FHK_130.png,2,312.9254167,44.64908333,FHK_130,,205142.09+443856.6,8.211,,,,
0.154:ID:FHK_133.png,1,312.9370833,44.43861111,FHK_133,,205144.89+442618.9,3.774,,,,
0.608:ID:FHK_134.png,2,312.9381667,43.81730556,FHK_134,,205145.15+434902.3,6.254,,,,
0.662:ID:GDR1_2163144473153865856.png,2,312.9416466,44.47646402,GDR1_2163144473153865856,,205145.99+442835.2,10.662,,,,
0.245:ID:FHK_137.png,1,312.9439583,44.37258333,FHK_137,,205146.55+442221.2,2.175,,,,
0.698:ID:FHK_138.png,3,312.9475833,44.53561111,FHK_138,,205147.42+443208.1,6.463,,,,"not thrilled with phased lightcurve, but plausible"
0.117:ID:FHK_543.png,1,312.949125,43.71083333,FHK_543,,205147.78+434238.9,1.14,,,,
0.917:ID:GDR1_2162942918926094208.png,3,312.9523092,44.0887828,GDR1_2162942918926094208,,205148.55+440519.6,,,,,
0.811:ID:GDR1_2163138116611233408.png,2,312.953189,44.3947049,GDR1_2163138116611233408,,205148.76+442340.9,8.889,,,,
0.804:ID:GDR1_2162946767216898432.png,3,312.9535924,44.1840804,GDR1_2162946767216898432,,205148.86+441102.6,4.16,,,,not thrilled with phased lightcurve but probably real
0.890:ID:FHK_142.png,3,312.95675,44.63127778,FHK_142,,205149.61+443752.5,,,,,
0.856:ID:2MASS_J20515226+4418213.png,3,312.9677502,44.30591573,2MASS_J20515226+4418213,,205152.26+441821.2,,,,,
0.861:ID:GDR1_2162948691363126144.png,3,312.9704197,44.26594796,GDR1_2162948691363126144,,205152.90+441557.4,,,,,
0.875:ID:FHK_146.png,3,312.9820833,44.56463889,FHK_146,,205155.70+443352.7,,,,,~50 day timescale
0.589:ID:GDR1_2162941716335179008.png,2,312.988425,44.03779365,GDR1_2162941716335179008,,205157.22+440216.0,7.489,,,,
0.119:ID:FHK_150.png,1,312.9936667,44.62338889,FHK_150,,205158.47+443724.1,1.906,2.092,,,
0.923:ID:GDR2_2162948455142499968.png,3,312.9943655,44.2490879,GDR2_2162948455142499968,,205158.64+441456.7,,,,,
0.813:ID:GDR1_2163144851111005056.png,3,312.9945809,44.50758286,GDR1_2163144851111005056,,205158.69+443027.2,,,,,
0.796:ID:FHK_153.png,3,312.996625,44.42880556,FHK_153,,205159.18+442543.7,4.153,,,,
0.944:ID:FHK_155.png,3,312.9975417,44.27286111,FHK_155,,205159.40+441622.2,,,,,
0.825:ID:GDR1_2162949309837722880.png,3,313.000721,44.33305373,GDR1_2162949309837722880,,205200.17+441958.9,4.955,,,,
0.884:ID:GDR1_2163144644952565120.png,3,313.0041214,44.47817167,GDR1_2163144644952565120,,205200.98+442841.4,,,,,
0.739:ID:FHK_158.png,2,313.0046667,44.54416667,FHK_158,,205201.11+443239.0,1.261518,4.761489,,,
0.745:ID:GDR1_2163144541882323584.png,3,313.0111444,44.45799696,GDR1_2163144541882323584,,205202.67+442728.7,4.104,,,,
0.904:ID:GDR1_2163144576233088640.png,3,313.0152968,44.47723292,GDR1_2163144576233088640,,205203.67+442838.0,,,,,
0.803:ID:FHK_163.png,3,313.0193333,44.62511111,FHK_163,,205204.63+443730.3,,,,,
0.742:ID:FHK_164.png,3,313.0220417,44.29147222,FHK_164,,205205.28+441729.3,10.186712,1.105537,0.910494,0.475959,"this is a tough one as all four peaks look real in both g and r, but all  except first *could* be windowing"
0.942:ID:FHK_165.png,3,313.0252083,44.28777778,FHK_165,,205206.04+441715.9,,,,,
0.600:ID:FHK_530.png,1,313.028,44.48988889,FHK_530,,205206.72+442755.4,,,,,
0.914:ID:GDR1_2162956903341232128.png,3,313.0280021,44.46539059,GDR1_2162956903341232128,,205206.72+442923.6,11.566,,,,
0.350:ID:FHK_172.png,1,313.0482083,44.29855556,FHK_172,,205211.56+441754.8,3.537,,,,
0.888:ID:GDR1_2162955185352996096.png,3,313.0539041,44.34816855,GDR1_2162955185352996096,,205212.93+442053.4,,,,,
0.729:ID:GDR1_2066844954118735744.png,2,313.0565417,43.67747481,GDR1_2066844954118735744,,205213.56+434038.9,9.085,,,,
0.709:ID:GDR1_2066790146043148928.png,3,313.0630948,43.5020679,GDR1_2066790146043148928,,205215.14+433007.4,,,,,
0.891:ID:FHK_179.png,3,313.063125,44.28908333,FHK_179,,205215.15+441720.6,,,,,
0.751:ID:FHK_181.png,3,313.064375,44.46972222,FHK_181,,205215.45+442811.0,,,,,
0.385:ID:FHK_182.png,1,313.069625,44.25811111,FHK_182,,205216.70+441529.1,7.867,,,,
0.339:ID:FHK_183.png,1,313.074375,44.35444444,FHK_183,,205217.84+442116.0,3.212,,,,
0.863:ID:GDR1_2162955803828359040.png,3,313.0766348,44.41724782,GDR1_2162955803828359040,,205218.39+442502.0,,,,,
0.936:ID:GDR1_2162945976943020416.png,3,313.0767383,44.27513467,GDR1_2162945976943020416,,205218.41+441630.4,,,,,
0.910:ID:GDR1_2162930652500328832.png,3,313.076906,44.08750952,GDR1_2162930652500328832,,205218.45+440515.0,,,,,
0.721:ID:GDR1_2162944911791083136.png,3,313.0938566,44.23337851,GDR1_2162944911791083136,,205222.52+441400.1,3.01,,,,
0.185:ID:FHK_192.png,1,313.097,43.08236111,FHK_192,,205223.27+430456.4,7.232,,,,
0.366:ID:FHK_200.png,1,313.1092083,44.57394444,FHK_200,,205226.20+443426.1,1.433,,,,
0.821:ID:GDR2_2162951684957670144.png,3,313.1115177,44.28513874,GDR2_2162951684957670144,,205226.76+441706.4,,,,,
0.496:ID:FHK_532.png,2,313.111625,44.6185,FHK_532,,205226.79+443706.5,4.112,,,,
0.899:ID:FHK_203.png,3,313.1132917,44.07752778,FHK_203,,205227.19+440439.1,,,,,
0.803:ID:GDR1_2162931786370808448.png,3,313.1168028,44.05861394,GDR1_2162931786370808448,,205228.03+440331.0,,,,,
0.679:ID:GDR1_2162952470933669632.png,2,313.1180078,44.35405342,GDR1_2162952470933669632,,205228.32+442114.5,5.79,,,,
0.595:ID:2MASS_J20522880+4418297.png,2,313.1200225,44.30822975,2MASS_J20522880+4418297,,205228.80+441829.6,9.991,,,,
0.895:ID:FHK_210.png,3,313.1287083,44.33655556,FHK_210,,205230.88+442011.6,,,,,
0.549:ID:FHK_531.png,2,313.1360833,44.44227778,FHK_531,,205232.66+442632.1,5.329,,,,
0.833:ID:FHK_213.png,3,313.1409167,44.40719444,FHK_213,,205233.82+442425.8,8.947,,,,
0.291:ID:2MASS_J20523394+4429168.png,1,313.1414374,44.48800175,2MASS_J20523394+4429168,,205233.94+442916.8,8.627,,,,
0.727:ID:GDR1_2162951749379088640.png,3,313.1432193,44.2944995,GDR1_2162951749379088640,,205234.37+441740.1,7.278,,,,
0.170:ID:FHK_216.png,1,313.1452917,44.23347222,FHK_216,,205234.86+441400.5,10.659,,,,
0.360:ID:FHK_217.png,1,313.147125,44.55538889,FHK_217,,205235.30+443319.4,6.444,,,,
0.613:ID:GDR1_2162932851524210816.png,3,313.1519644,44.19620838,GDR1_2162932851524210816,,205236.47+441146.3,6.587,,,,
0.458:ID:GDR2_2162926254452857472.png,1,313.1646323,43.99839833,GDR2_2162926254452857472,,205239.51+435954.2,8.747,,,,
0.638:ID:GDR1_2162931580213813632.png,3,313.1660929,44.09671589,GDR1_2162931580213813632,,205239.86+440548.1,,,,,
0.136:ID:FHK_226.png,1,313.1775,44.32255556,FHK_226,,205242.59+441921.1,8.969,,,,
0.886:ID:GDR1_2162951027824541312.png,3,313.1978532,44.26164443,GDR1_2162951027824541312,,205247.48+441541.9,,,,,
0.870:ID:GDR1_2162951474504020224.png,3,313.2076249,44.31726527,GDR1_2162951474504020224,,205249.82+441902.1,8.425,,,,phased lightcurve not spectacular but seems real
0.879:ID:FHK_234.png,3,313.2109583,43.71541667,FHK_234,,205250.63+434255.5,,,,,
0.813:ID:GDR1_2162939208074518912.png,3,313.2187269,44.24031714,GDR1_2162939208074518912,,205252.49+441425.1,,,,,
0.895:ID:GDR1_2162939208074527616.png,3,313.223935,44.24917873,GDR1_2162939208074527616,,205253.74+441457.0,,,,,
0.839:ID:GDR1_2162924673904534272.png,3,313.2262823,43.87124329,GDR1_2162924673904534272,,205254.30+435216.4,,,,,
0.576:ID:FHK_489.png,2,313.2527917,44.61652778,FHK_489,,205300.67+443659.4,1.682,2.449,,,
0.406:ID:GDR1_2162952711451794176.png,1,313.2574988,44.3182722,GDR1_2162952711451794176,,205301.79+441905.7,8.263,,,,
0.782:ID:GDR1_2162984631649047936.png,3,313.2637374,44.66357119,GDR1_2162984631649047936,,205303.29+443948.8,4.765,,,,
0.603:ID:FHK_251.png,2,313.2739583,44.71030556,FHK_251,,205305.75+444237.0,4.117,,,,
0.939:ID:GDR1_2162939173714801152.png,3,313.2747694,44.26074821,GDR1_2162939173714801152,,205305.94+441538.6,,,,,
0.895:ID:FHK_253.png,3,313.2792083,44.30697222,FHK_253,,205307.01+441825.0,,,,,
0.801:ID:FHK_255.png,2,313.2841667,44.08730556,FHK_255,,205308.19+440514.2,2.327,,,,
0.146:ID:FHK_576.png,1,313.284625,44.83472222,FHK_576,,205308.31+445005.0,1.648,,,,
0.924:ID:GDR1_2162978172018122240.png,3,313.2877317,44.50295916,GDR1_2162978172018122240,,205309.05+443010.6,,,,,
0.433:ID:GDR1_2162938074203123712.png,1,313.3083529,44.21604899,GDR1_2162938074203123712,,205314.00+441257.7,7.27,,,,
0.709:ID:GDR1_2162872928138757248.png,3,313.3151536,43.73966973,GDR1_2162872928138757248,,205315.63+434422.8,,,,,
0.782:ID:FHK_272.png,3,313.3210833,44.64283333,FHK_272,,205317.05+443834.1,35.228,,,,
0.695:ID:FHK_490.png,2,313.3228333,44.46722222,FHK_490,,205317.48+442801.9,1.346,0.573,3.848,,all three peaks are likely real
0.619:ID:GDR1_2162939792190072448.png,2,313.3288317,44.24402348,GDR1_2162939792190072448,,205318.91+441438.4,9.058,,,,
0.658:ID:2MASS_J20532233+4438526.png,3,313.343053,44.64793143,2MASS_J20532233+4438526,,205322.33+443852.5,1.698572,2.4303,0.70717,,"three peaks very strong and consistent in both g and r, though phased lightcurves all look the same. unclear "
0.941:ID:FHK_577.png,3,313.34925,45.11327778,FHK_577,,205323.81+450647.7,,,,,
0.674:ID:FHK_278.png,2,313.34975,43.905,FHK_278,,205323.93+435418.0,,,,,
0.199:ID:FHK_281.png,1,313.3527083,44.34280556,FHK_281,,205324.65+442034.0,2.779,,,,
0.919:ID:GDR1_2162932993257907584.png,3,313.3529477,44.04186114,GDR1_2162932993257907584,,205324.70+440230.7,,,,,
0.757:ID:FHK_575.png,3,313.3562083,44.45452778,FHK_575,,205325.48+442716.2,13.336,,,,
0.148:ID:FHK_282.png,1,313.357375,44.17925,FHK_282,,205325.76+441045.3,1.454,3.177,,,both peaks are real; not harmonics
0.754:ID:FHK_562.png,3,313.3647083,44.10261111,FHK_562,,205327.53+440609.3,,,,,
0.643:ID:FHK_285.png,3,313.3654583,44.17630556,FHK_285,,205327.70+441034.6,6.82,,,,
0.318:ID:FHK_286.png,1,313.3675833,44.30577778,FHK_286,,205328.22+441820.7,0.974,42.72,,,both peaks seem real
0.693:ID:GDR1_2162965287117378944.png,3,313.3769366,44.44540125,GDR1_2162965287117378944,,205330.46+442643.4,,,,,
0.910:ID:GDR1_2162936665453858432.png,3,313.3807641,44.22623469,GDR1_2162936665453858432,,205331.38+441334.4,,,,,
0.499:ID:FHK_514.png,2,313.3889167,44.42186111,FHK_514,,205333.33+442518.6,3.645,,,,
0.412:ID:GDR1_2162933882314931968.png,1,313.3930354,44.12793433,GDR1_2162933882314931968,,205334.32+440740.5,6.619,,,,
0.878:ID:FHK_300.png,3,313.394875,44.48825,FHK_300,,205334.77+442917.7,4.674,,,,phased lightcurve is not awesome
0.506:ID:GDR1_2162940067068027392.png,2,313.3967864,44.28128984,GDR1_2162940067068027392,,205335.22+441652.6,21.859,,,,
0.923:ID:GDR1_2162965699433784192.png,3,313.3976903,44.46339235,GDR1_2162965699433784192,,205335.44+442748.2,,,,,
0.838:ID:GDR1_2162940067068027264.png,3,313.4012305,44.27395532,GDR1_2162940067068027264,,205336.29+441626.2,,,,,
0.443:ID:2MASS_J20533662+4439529.png,3,313.4026267,44.66467216,2MASS_J20533662+4439529,,205336.63+443952.8,3.209,,,,
0.213:ID:GDR1_2162965012238950656.png,1,313.407723,44.40578468,GDR1_2162965012238950656,,205337.85+442420.8,14.437,,,,
0.625:ID:FHK_517.png,2,313.417,44.43058333,FHK_517,,205340.07+442550.0,1.391,3.531,,,"phasing of p2 not great, so perhaps questionable"
0.905:ID:GDR1_2162935565942174208.png,3,313.4172972,44.17929426,GDR1_2162935565942174208,,205340.15+441045.4,,,,,
0.688:ID:FHK_580.png,2,313.4255833,44.44825,FHK_580,,205342.13+442653.7,6.874,,,,
0.851:ID:GDR1_2162886568955114112.png,3,313.42792,44.06351857,GDR1_2162886568955114112,,205342.70+440348.6,9.72,,,,maybe?
0.132:ID:FHK_323.png,1,313.4439583,44.18038889,FHK_323,,205346.55+441049.4,2.889,,,,
0.647:ID:FHK_493.png,3,313.4677083,44.28488889,FHK_493,,205352.24+441705.5,7.379,,,,
0.660:ID:GDR1_2162960820350057856.png,3,313.4781595,44.32833558,GDR1_2162960820350057856,,205354.75+441942.0,,,,,
0.274:ID:FHK_510.png,1,313.4815417,44.18505556,FHK_510,,205355.56+441106.1,10.2286,,,,
0.503:ID:GDR1_2065995748890512768.png,2,313.4822099,42.75857157,GDR1_2065995748890512768,,205355.73+424530.8,1.202,5.944,,,both peaks are real
0.902:ID:FHK_327.png,3,313.487125,44.85883333,FHK_327,,205356.90+445131.7,,,,,
0.886:ID:GDR1_2162961267026674432.png,3,313.4896617,44.3423794,GDR1_2162961267026674432,,205357.51+442032.5,,,,,
0.873:ID:GDR1_2162967795377160064.png,3,313.4935034,44.54305796,GDR1_2162967795377160064,,205358.44+443235.0,,,,,
0.787:ID:GDR1_2162966146109606528.png,3,313.4939417,44.42661242,GDR1_2162966146109606528,,205358.54+442535.8,4.545,,,,
0.852:ID:GDR1_2162886775113495552.png,3,313.5160985,44.02993625,GDR1_2162886775113495552,,205403.86+440147.7,4.902,,,,
0.503:ID:FHK_511.png,2,313.5208333,44.1735,FHK_511,,205405.00+441024.5,4.961,11.498,,,"there are three peaks at the p2 at 11.863, 11.498, 11.181 so using the middle"
0.831:ID:GDR1_2162966798944719488.png,3,313.536555,44.50318106,GDR1_2162966798944719488,,205408.77+443011.4,,,,,
0.703:ID:FHK_344.png,2,313.5572083,44.40897222,FHK_344,,205413.73+442432.2,9.845,5.547,1.219,,all three peaks in both g and r but phased LCs unimpressive.  1.22 might be the best period here.
0.694:ID:GDR1_2162962985013647616.png,3,313.5669948,44.40291592,GDR1_2162962985013647616,,205416.07+442410.4,,,,,
0.698:ID:GDR1_2162989201494332800.png,2,313.5738325,44.811135,GDR1_2162989201494332800,,205417.71+444840.0,12.511,,,,
0.956:ID:FHK_348.png,3,313.588125,44.25755556,FHK_348,,205421.15+441527.1,,,,,
0.900:ID:GDR1_2162961541904548992.png,3,313.595932,44.32092658,GDR1_2162961541904548992,,205423.02+441915.3,,,,,
0.666:ID:GDR1_2162989510731974016.png,2,313.6017437,44.80487816,GDR1_2162989510731974016,,205424.41+444817.5,8.234,,,,
0.827:ID:GDR1_2162988754817727232.png,3,313.6121693,44.79805823,GDR1_2162988754817727232,,205426.92+444753.0,,,,,
0.876:ID:GDR1_2162988101982678912.png,3,313.6231402,44.75750336,GDR1_2162988101982678912,,205429.55+444527.0,,,,,
0.651:ID:FHK_496.png,1,313.6274583,44.4015,FHK_496,,205430.59+442405.3,6.133,,,,
0.499:ID:FHK_566.png,2,313.643875,44.55247222,FHK_566,,205434.53+443308.8,7.277,,,,
0.838:ID:GDR1_2162969788241973632.png,3,313.6860746,44.52895152,GDR1_2162969788241973632,,205444.65+443144.2,,,,,
0.659:ID:GDR1_2162969788241971712.png,2,313.6900623,44.52697729,GDR1_2162969788241971712,,205445.61+443137.1,12.757,,,,
0.886:ID:GDR1_2162976419671618816.png,3,313.6902575,44.72828318,GDR1_2162976419671618816,,205445.66+444341.8,,,,,
0.367:ID:FHK_571.png,1,313.6909167,44.59666667,FHK_571,,205445.81+443547.9,10.134,,,,
0.586:ID:FHK_361.png,3,313.6941667,44.20166667,FHK_361,,205446.59+441205.9,12.513,,,,
0.845:ID:FHK_362.png,2,313.713125,44.19302778,FHK_362,,205451.14+441134.9,,,,,
0.796:ID:GDR1_2162975698125115392.png,3,313.7264296,44.72860375,GDR1_2162975698125115392,,205454.34+444342.9,,,,,
0.267:ID:FHK_569.png,1,313.739,44.64544444,FHK_569,,205457.36+443843.5,3.862,,,,
0.816:ID:GDR1_2162909830498130048.png,3,313.762596,44.18112216,GDR1_2162909830498130048,,205503.02+441052.0,,,,,
0.917:ID:GDR1_2163069500202546688.png,3,313.7666235,44.74070007,GDR1_2163069500202546688,,205503.98+444426.5,,,,,
0.242:ID:FHK_371.png,1,313.796375,43.95413889,FHK_371,,205511.13+435714.9,12.681,,,,
0.381:ID:FHK_372.png,1,313.8260417,44.50352778,FHK_372,,205518.24+443012.6,4.139,,,,
0.174:ID:FHK_567.png,1,313.8686667,44.72905556,FHK_567,,205528.47+444344.5,2.428,,,,
0.628:ID:GDR1_2162903680105026176.png,3,313.9271421,44.23687717,GDR1_2162903680105026176,,205542.51+441412.7,9.009,,,,
0.715:ID:GDR1_2162904161141389696.png,3,313.98793,44.25995103,GDR1_2162904161141389696,,205557.10+441535.8,8.751,,,,
0.897:ID:GDR1_2163017101601143040.png,3,314.0202032,44.58231171,GDR1_2163017101601143040,,205604.84+443456.3,,,,,
0.814:ID:GDR1_2162902683672550912.png,3,314.0487984,44.18196084,GDR1_2162902683672550912,,205611.71+441055.0,4.473, ,,, 
0.859:ID:FHK_390.png,3,314.0839583,44.70777778,FHK_390,,205620.15+444228.0,,,,,
0.853:ID:GDR1_2162091003573281920.png,3,314.1507482,43.35907206,GDR1_2162091003573281920,,205636.17+432132.6,,,,,
0.536:ID:2MASS_J20564400+4346000.png,2,314.1833688,43.76669444,2MASS_J20564400+4346000,,205644.00+434600.0,4.064, ,,,
0.216:ID:GDR1_2162134880959435904.png,1,314.1945194,43.76723966,GDR1_2162134880959435904,,205646.68+434602.0,3.371,,,,
0.852:ID:FHK_405.png,3,314.194875,43.76916667,FHK_405,,205646.77+434608.9,,,,,
0.902:ID:PSO_J205647.351+434127.587.png,3,314.197324,43.69100544,PSO_J205647.351+434127.587,,205647.35+434127.6,,,,,
0.738:ID:GDR1_2162091278451209472.png,3,314.2148786,43.38047443,GDR1_2162091278451209472,,205651.57+432249.7,,,,,
0.404:ID:FHK_408.png,1,314.2157083,43.38702778,FHK_408,,205651.77+432313.2,1.41,3.437,,,both might be real peaks though there is also a 0.77d harmonic
0.491:ID:FHK_409.png,2,314.2174583,44.09766667,FHK_409,,205652.18+440551.6,12.937,,,,
0.686:ID:GDR1_2162135327636039936.png,3,314.247254,43.79804463,GDR1_2162135327636039936,,205659.34+434752.9,,,,,
0.643:ID:2MASS_J20570162+4341387.png,3,314.2567903,43.69410701,2MASS_J20570162+4341387,,205701.62+434138.7,0.748,,,,
0.841:ID:GDR1_2162121961697794304.png,3,314.2639595,43.69569039,GDR1_2162121961697794304,,205703.35+434144.4,,,,,
0.541:ID:GDR1_2163020881172468608.png,2,314.266983,44.63076132,GDR1_2163020881172468608,,205704.07+443750.7,3.277,,,,
0.687:ID:GDR1_2162122339654917120.png,3,314.2815455,43.69990581,GDR1_2162122339654917120,,205707.57+434159.6,7.156, ,,,
0.672:ID:FHK_418.png,2,314.28275,43.69872222,FHK_418,,205707.86+434155.4,2.7,,,,
0.940:ID:GDR1_2162122064777006080.png,3,314.3020878,43.68232216,GDR1_2162122064777006080,,205712.50+434056.3,,,,,
0.708:ID:GDR1_2162117563651224960.png,3,314.3612273,43.59153145,GDR1_2162117563651224960,,205726.69+433529.5,6.974,,,,
0.929:ID:GDR1_2162239506362783488.png,3,314.4054311,44.1122048,GDR1_2162239506362783488,,205737.30+440643.9,,,,,
0.304:ID:FHK_430.png,1,314.4521667,43.49522222,FHK_430,,205748.52+432942.8,7.285,,,,
0.424:ID:FHK_431.png,1,314.4534167,44.09055556,FHK_431,,205748.82+440526.0,3.555,,,,
0.791:ID:FHK_434.png,3,314.4995,43.89055556,FHK_434,,205759.88+435326.0,3.777,,,,
0.802:ID:GDR1_2162126187945624704.png,3,314.5057528,43.7555932,GDR1_2162126187945624704,,205801.38+434520.1,,,,,
0.683:ID:GDR1_2162127562335172992.png,2,314.5252254,43.82579208,GDR1_2162127562335172992,,205806.05+434932.8,3.929,,,,
0.771:ID:GDR1_2162127974652045056.png,1,314.5254814,43.88363073,GDR1_2162127974652045056,,205806.11+435301.0,4.139,,,,
0.880:ID:FHK_438.png,3,314.531875,43.88133333,FHK_438,,205807.65+435252.7,,,,,
0.788:ID:GDR1_2162126325384584576.png,3,314.5369223,43.78327261,GDR1_2162126325384584576,,205808.86+434659.7,5.91,,,,
0.858:ID:GDR1_2162240708953684992.png,3,314.5397046,44.18408643,GDR1_2162240708953684992,,205809.52+441102.7,,,,,
0.525:ID:FHK_442.png,2,314.54175,43.76,FHK_442,,205810.01+434535.9,4.529,,,,
0.679:ID:GDR1_2162128009011784832.png,3,314.5450978,43.88560766,GDR1_2162128009011784832,,205810.82+435308.1,,,,,
0.557:ID:FHK_444.png,3,314.54775,43.88252778,FHK_444,,205811.46+435257.0,,,,,
0.155:ID:GDR1_2162251394832460672.png,1,314.5513791,44.34949107,GDR1_2162251394832460672,,205812.33+442058.1,6.426,,,,
0.866:ID:GDR1_2162221776736976896.png,3,314.5709473,43.89535911,GDR1_2162221776736976896,,205817.02+435343.2,,,,,
0.818:ID:FHK_451.png,3,314.5746667,43.89558333,FHK_451,,205817.91+435344.1,14.99,,,,
0.733:ID:PSO_J205818.503+435346.014.png,3,314.5771035,43.89608889,PSO_J205818.503+435346.014,,205818.50+435345.9,,,,,
0.802:ID:FHK_506.png,3,314.581375,43.89575,FHK_506,,205819.52+435344.6,3.413,,,,
0.854:ID:GDR1_2162221811096717952.png,3,314.5817322,43.89846388,GDR1_2162221811096717952,,205819.61+435354.4,,,,,
0.824:ID:FHK_455.png,3,314.58975,43.89580556,FHK_455,,205821.53+435344.9,,,,,
0.664:ID:FHK_456.png,3,314.5970833,43.88302778,FHK_456,,205823.29+435258.8,7.829,0.885,,,questionable second period
0.386:ID:GDR1_2162221536218867072.png,1,314.598556,43.882055,GDR1_2162221536218867072,,205823.65+435255.3,18.956,,,,
0.810:ID:2MASS_J20582381+4353114.png,3,314.599206,43.88648447,2MASS_J20582381+4353114,,205823.80+435311.3,,,,,
0.733:ID:FHK_459.png,3,314.6000417,43.8985,FHK_459,,205824.00+435354.5,2.45,1.682,,,likely real second period
0.806:ID:FHK_460.png,2,314.6064583,43.89127778,FHK_460,,205825.55+435328.5,8.536,,,,
0.891:ID:GDR1_2162221639298015872.png,3,314.6126043,43.88890232,GDR1_2162221639298015872,,205827.02+435320.0,,,,,
,,314.621125,44.18061111,FHK_464,,205829.07+441050.1,,,,,
0.860:ID:GDR1_2162221673657763584.png,3,314.6267389,43.89975753,GDR1_2162221673657763584,,205830.41+435359.1,6.444,,,,
0.708:ID:GDR1_2162221673657766272.png,3,314.6270018,43.90262236,GDR1_2162221673657766272,,205830.48+435409.4,,,,,
,,314.6289167,43.75311111,FHK_468,,205830.94+434511.1,,,,,
0.933:ID:GDR1_2162227205576431488.png,3,314.6399737,44.05985047,GDR1_2162227205576431488,,205833.59+440335.4,6.64,,,,
0.668:ID:GDR1_2162078393549548288.png,3,314.6652179,43.7191862,GDR1_2162078393549548288,,205839.65+434309.0,5.165,,,,phasing is not great
0.691:ID:FHK_473.png,3,314.665625,44.02577778,FHK_473,,205839.74+440132.7,,,,,
0.702:ID:GDR1_2162224147560188672.png,3,314.6975082,44.02632161,GDR1_2162224147560188672,,205847.40+440134.7,10.171,,,,
0.964:ID:GDR1_2162235726791704960.png,3,314.7046178,44.27115999,GDR1_2162235726791704960,,205849.10+441616.1,,,,,
0.798:ID:GDR1_2162223086709799296.png,3,314.721743,43.97580024,GDR1_2162223086709799296,,205853.21+435832.8,,,,,
0.889:ID:FHK_479.png,3,314.7742917,43.95086111,FHK_479,,205905.83+435703.0,,,,,
0.782:ID:DPP2017_409.png,3,314.8032263,44.2741207,DPP2017_409,,205912.77+441626.8,,,,,
0.786:ID:GDR1_2162235795513138560.png,3,314.8118829,44.20792432,GDR1_2162235795513138560,,205914.85+441228.5,,,,,
0.804:ID:FHK_485.png,3,314.886,44.14327778,FHK_485,,205932.64+440835.7,,,,,
0.804:ID:GDR1_2162231676644797824.png,3,314.8864393,44.1430611,GDR1_2162231676644797824,,205932.74+440835.0,,,,,
0.844:ID:FHK_579.png,3,314.9905833,44.78683333,FHK_579,,205957.74+444712.6,3.737,,,,
0.704:ID:GDR1_2161843098061857280.png,3,315.1948747,42.9240472,GDR1_2161843098061857280,,210046.76+425526.5,3.547,,,,
