ID,SLOPE,SLOPE_ANGLE,SLOPE_ANGLE_ERROR,80%_SPREAD
2MASS_J20505039+4450115,12.591594403556059,85.45921093798167,0.6058575281690539,2.257386501534249
GDR1_2162967795377160064,1.1430647616773548,48.81923260823645,1.3148614612046852,0.17606853790151256
2MASS_J20532233+4438526,1.335060399507176,53.165696139590736,2.655599721154324,0.17272483822799511
GDR1_2163140315626344064,3.3747089328916253,73.49429258129017,1.1764543915633559,0.49065506868664954
2MASS_J20503796+4425123,0.8693674764005784,41.00263479073189,2.2311010160022553,0.5929110701580713
PSO_J205601.466+433543.777,1.017838071997754,45.50649238489594,0.8177131475219306,0.31901645314692173
GDR1_2162909830498130048,2.655072826979337,69.3617441788281,1.0314710615454714,0.3794290249961696
GDR1_2162931786370808448,5.516750877482647,79.7257753969731,0.42107765201432257,0.8312212137449748
GDR1_2162962985013647616,1.6950975540023057,59.46209199544806,2.7885638016541288,0.2594487730266204
GDR1_2162967864096636288,1.070150882152134,46.94083053208537,1.6876328511262324,0.14972967812612392
GDR1_2163140246906862080,5.584183862237681,79.84724784492012,2.1281199182573247,1.306207746788008
GDR1_2162961541904548992,0.8084846371521447,38.95500695830476,1.726092562774943,0.1870592977148804
GDR1_2163069500202546688,2.6700560269910723,69.46787010769275,1.7767883454608195,0.5158131116306066
2MASS_J20500617+4425050,1.055475988803772,46.54600131571364,1.618214659793391,0.3860659221450553
GDR1_2162976935068180608,0.6403233884479289,32.632385858324135,28.910743498942107,0.11878291203325331
GDR1_2163136192456870016,4.2415572292509,76.73405596088979,4.173640136245044,1.2144668931253069
GDR1_2162134880959435904,1.7314193263544535,59.99095222394978,2.552126929607558,0.2655796124173748
2MASS_J20531994+4428438,1.1772340043806981,49.65380341297336,2.0286045009676723,0.17606626575912898
GDR1_2162128009011784832,3.7979194029102494,75.24871238985531,0.9660071737620767,0.21667631918388963
GDR1_2162952745812291712,1.4529659270018092,55.46240907720753,1.9094474114510225,0.7369053619607371
GDR1_2066790146043148928,3.61808329199214,74.54976339613435,1.0609637458305325,0.6679826801842275
GDR1_2163139937669407872,1.956612736479084,62.928999628673,2.316539169358926,0.19883392735959493
GDR1_2163145984982389632,4.811084133177319,78.25807011968764,0.7342030620828269,1.18393014288017
GDR1_2162886568955114112,3.553619317141404,74.28322593710902,0.9561106008925947,0.6156217484577491
GDR1_2162988754817727232,5.546416960290098,79.7795677271095,0.7217287363846467,1.369986862988732
2MASS_J20533662+4439529,1.3521539608914759,53.51482428957537,1.7416293761716004,0.32685599878766514
GDR1_2163141208978477312,1.0053102697317013,45.15172481640582,1.2166497768775386,0.5451921287316246
2MASS_J20505575+4418286,1.0126973322234456,45.36145220885896,0.7734229865037086,0.35580679353805955
GDR1_2163162065339769856,1.0157021647661657,45.44632068594177,1.3327898945132923,0.23240761036072488
GDR1_2162240708953684992,4.0439343754563435,76.11031494325084,1.7141923696167696,0.8704623847647213
GDR1_2067120514926515200,1.5499711044920685,57.17097162153542,1.817349475804329,0.2539844811613534
GDR1_2162961267026674432,1.7981940061571144,60.9209725013773,2.3394817575875946,0.3056636116960947
GDR1_2162989201494332800,1.0344315247522775,45.9696038922449,3.387770496620556,0.15235586155416758
GDR2_2162948455142499968,1.8502854496515326,61.61067828524941,1.0646108217981445,0.46190639260322186
GDR1_2162091278451209472,0.9228118246302702,42.701187772281955,0.99066493575439,0.2731974203455789
GDR1_2067062824937136000,3.188381080459905,72.58655150031024,0.6497960541325307,0.5639375133027942
2MASS_J20510895+4416420,1.1003986216362238,47.736643485535424,3.6241847923587214,0.5511561995689909
GDR1_2162952711451794176,1.2859639769892286,52.13040805458619,1.4360843067371958,0.44991380812997583
2MASS_J20505363+4424305,2.4991873277529018,68.19216627341434,2.1124099030451315,0.4870085363590402
2MASS_J20512059+4420322,1.0689151366382796,46.907805214243574,1.479540343738928,0.2512676968639145
2MASS_J20510029+4424364,1.4971610094278105,56.259816919324116,2.233664174831635,0.6175671905272799
GDR1_2162978172018122240,1.9228850609188988,62.52322839306727,1.167299306040189,0.6872281302470347
GDR1_2067067807089176192,1.491847442268677,56.16566466153307,2.8829940274659176,0.4249037229114032
GDR1_2163140968460295680,1.611715730087578,58.18218518765785,3.468166589603171,0.18106058564327965
GDR1_2162984631649047936,0.9862367959725703,44.602987476523744,1.437558146796981,0.3591021436063997
GDR1_2163143717240796032,7.22416978474369,82.11895918890339,0.8261586735612663,1.637860409741279
GDR1_2162221811096717952,2.0887918928705593,64.4174345311532,1.0793660111895627,0.41449263293118044
GDR1_2067128658184872064,1.8120748842846564,61.1077330922636,4.50581133852985,0.487178648779822
GDR1_2162951474504020224,4.305442580487856,76.92408758659305,2.2076613044379707,0.4969494261265366
GDR1_2162947591850664960,2.0267679943907115,63.738435087720426,8.69212737015429,0.4538794716360801
GDR1_2162935565942174208,2.556612908726614,68.63741932359791,0.8990646112812898,0.8095604840777275
GDR1_2162964874800490496,0.0009612998059640638,0.05507840476255465,33.117059282546165,0.09485473689249568
GDR1_2162988101982678912,2.778313503768686,70.20464469005664,0.6631513715266493,1.2452350428338272
GDR1_2163137738645105280,3.4063859937552814,73.63954079957719,2.794089204472717,0.45950787660809134
GDR1_2162965287117378944,2.4399672499836416,67.71414249880685,2.1737087141406715,0.8110997917623459
2MASS_J20511455+4413379,1.4212716054820347,54.86996175089841,1.7219724143147677,0.34404441651270234
GDR1_2162949378557115136,2.0230776750687665,63.69697883832337,1.4203772781289885,0.298040716592602
GDR1_2163139873247408384,1.1417284772075116,48.786017362971776,2.347939601877818,0.4392649117132472
GDR1_2162969788241973632,0.8812662844298167,41.388640162871525,2.2631111122521985,0.13839319067700684
2MASS_J20513761+4420045,1.0569678117908738,46.58640355586072,1.147525199007003,0.3384864519222517
GDR1_2162942918926094208,1.2324640360042138,50.94472269817644,0.8908745366215483,0.26453387298167375
2MASS_J20512464+4417549,1.0117687927119652,45.335174928118164,1.2143480065742023,0.36819101897483897
GDR1_2162955185352996096,6.985830665975124,81.85362851232748,1.7224623563611943,2.180790710971811
2MASS_J20511374+4422252,0.9990201423363557,44.97191538846205,1.2986104244705639,0.5079263179075677
PSO_J205746.108+435819.388,0.8014344402524912,38.709887451047074,2.017938974354648,0.0994127792315056
GDR1_2162944911791083136,2.5575805287107993,68.64477340610986,1.771688754189162,0.18896741025045838
GDR1_2162117563651224960,1.001160730612344,45.033233191499036,0.7941157005452696,0.6321298687827888
GDR1_2163138361418522624,3.597364841272941,74.46506621364844,1.521242502889486,0.6711169993203558
GDR1_2162902683672550912,5.651034212331924,79.96489709000933,1.0885858921984222,0.5733850600973831
GDR1_2163135573981345152,4.984597216428687,78.65602382496719,2.2247539178929396,0.26505190186817806
GDR1_2162144295529814400,0.8254054065461444,39.53644961966666,1.718438290842663,0.1007991456609636
GDR1_2162221673657766272,1.3849726696307079,54.16936327180332,2.3597346720014354,0.24458134924536967
2MASS_J20505703+4416432,0.9632962605468296,43.92898261983955,1.3152389230080819,0.3292760353642654
GDR1_2162945976943020416,2.7381344823255946,69.93719195160416,1.3497594448038481,0.9274319369693904
GDR1_2162965012238950656,1.413313099234261,54.71840543543872,1.786665622899898,0.5251872795711083
2MASS_J20511244+4419430,1.0130402425496914,45.371150260933845,0.8063168426028807,0.49782444810955084
GDR1_2163136123738466688,0.9093040780735333,42.2803754262408,1.81601529963633,0.4722522693069191
2MASS_J20523553+4419105,1.0474161424250537,46.32667670340962,1.749108815260694,0.20133703928046787
GDR1_2163135677060562176,3.8838923409240658,75.56144988272156,0.9149564450120072,1.1045227525955648
GDR1_2162949309837722880,1.1720175994065487,49.52821085256814,1.6659632717211972,0.4324373389909639
GDR1_2163155055959979392,4.036746043108096,76.08654138681861,1.1104789145731504,0.5538940470347793
GDR1_2066844954118735744,1.9638098438017104,63.01415621699625,1.0389479054954402,0.38278166276314085
GDR1_2162969788241971712,1.132889594918163,48.56520259354769,1.582378630096671,0.32540156464836256
GDR1_2163155227752761088,0.9326016036525202,43.00265132431752,2.552905572019336,0.625764786347196
DPP2017_409,0.741955539926341,36.57377211997065,3.134145377920173,0.33713331978121497
GDR1_2162966798944719488,0.8714876962244716,41.07174984113525,1.7682470592259105,0.2251283222487115
GDR1_2162976488391103104,1.0220503924733257,45.624783810217735,1.965783413196771,0.1250325116343869
GDR1_2162941716335179008,2.653188417028401,69.34832259096659,2.2359937301200437,0.7440308230256027
GDR1_2066773619008833664,0.914505298878438,42.44308188769396,1.2560349058472202,0.1056824452629046
GDR1_2163215391652091520,1.2684000769287391,51.74793837676094,1.5487276856405825,0.4292805851932129
GDR1_2065995748890512768,1.9821421131744001,63.22884113728995,2.853470359847308,0.14735948680152866
GDR1_2163140315626343168,4.684602432319996,77.95019379898312,0.5498647769547019,0.8153444362708981
GDR1_2162168862740158592,0.87506221897281,41.187944153110294,1.2330974867713693,0.10861576333808198
GDR1_2162936665453858432,1.5860365418180926,57.76846633845463,1.273611164903676,0.4920794940604427
GDR1_2162126325384584576,2.529212160772711,68.42714680155694,2.622928655424819,0.3936014194831614
GDR1_2162221536218867072,2.907386611136891,71.01926753437593,2.3784115065490123,0.3981112110520506
GDR1_2162946526698717056,2.405171457147117,67.4238864706376,1.9327062233183605,0.5323666454797484
GDR1_2163136742213531520,1.2100834410858268,50.43003729656619,1.4483368231628462,0.3460145199800486
GDR1_2163136364255498624,3.8126875460777185,75.30337238422105,7.229908714581995,0.14492820586620248
2MASS_J20510663+4421407,1.8485724070137657,61.58847432061206,4.595760670348147,0.16046538821995693
GDR1_2163017101601143040,1.7263453210246857,59.91807257528922,1.6376213111220128,0.3640340876016146
GDR2_2162951684957670144,1.5228970477637727,56.70936758768388,2.371903419249667,0.15538929649971944
GDR1_2163138601937119360,1.3757432928985946,53.987354396221384,4.159683329059155,0.18967511365644985
GDR1_2162078393549548288,0.9334594628369263,43.02892799043689,2.0314345848138053,0.0909405605523772
GDR1_2162174910053832448,0.8024019444812909,38.743625402822445,2.1719851487563404,0.08228315519384832
GDR1_2162948141606527616,1.6399500603972617,58.62621933084127,1.0840886292195617,0.8417724109024731
2MASS_J20523169+4429592,1.0529904567403845,46.478553169022526,1.4897038753773306,0.6323460306530948
GDR1_2163138116611233408,1.7532556936438337,60.30097131149509,0.8206769749189206,0.8903480539768527
GDR1_2162938074203123712,1.3325743894334416,53.11444230805313,2.387132089535826,0.7299843742091925
GDR1_2066862542012143488,0.7487125469866567,36.82265846444156,4.871466398921278,0.21309943868355408
GDR1_2162127974652045056,2.195376333543892,65.51060365230668,2.691264362548988,0.2056124770323402
GDR1_2162239678161489664,1.1751210274176165,49.60300832408544,2.0434815930991204,0.16529073317093834
2MASS_J20511262+4418454,4.738533892993046,78.08339579391738,86.184210893382,0.0972386716924607
GDR1_2162273522506513792,0.4724291020472215,25.287413530544384,11.087647024312576,0.5965830486564033
GDR1_2163144541882323584,1.2832646445839537,52.072050788254415,2.4181387444992715,0.5064649736242752
GDR1_2162947798009095808,1.2113755984173133,50.460061299580886,1.4298295654270348,0.27390495147392757
GDR1_2162949378557095680,3.1797401811905064,72.54210213520959,0.49902753603566935,1.77258633228338
GDR1_2162940067068027392,1.0836028258026456,47.29771283452379,1.2311451036264898,0.3941976110219021
GDR1_2163135573981345280,1.6499511155760889,58.78084480264769,3.179876624938073,0.19698398651346238
GDR1_2067069937403328128,1.7989186633661878,60.93077692015001,1.4107752410508485,0.5502923185297366
2MASS_J20505543+4417461,1.3531998217560044,53.53600062636275,2.6975282301343233,0.4187246249581582
GDR2_2067027228235955584,1.240773373910147,51.13295876821355,2.294301219582153,0.4946408535014326
GDR1_2162989510731974016,4.563275777735941,77.63954465580863,0.9318385497188169,1.333078751925834
GDR1_2162968791809534848,0.690340788457229,34.61890136966374,1.3383661558137596,0.09879324507042453
GDR1_2163020881172468608,2.3111180722943465,66.60229898119653,1.7178666403151825,0.17442638106116481
GDR1_2162951474501233536,1.14749520022468,48.929043295605865,0.9830530444120292,0.41032681090706413
GDR1_2162939208074518912,4.637552200778302,77.8315682604319,1.3269172284088222,1.3296892540821226
GDR1_2163148596322501760,0.8074672680196026,38.91973948937753,3.036812327062221,0.10733595010320363
2MASS_J20582381+4353114,3.3453299439643525,73.35732306813178,0.5103526362083555,0.7298061950921761
GDR1_2163144473153865856,1.8832245468270659,62.03151361974338,3.1570706267701487,0.5723670392857154
GDR1_2162251394832460672,1.2830607117689277,52.067635726432165,1.347903605309553,0.41156873259826776
GDR1_2162975217080719104,1.045230260967222,46.266889481806274,1.1517342036387448,0.2841665400661051
GDR2_2163139804529410944,1.9110857241676285,62.378612361763864,1.9508431290588555,0.2732364830768583
GDR1_2162886775113495552,3.0978482076359453,72.10967605448408,1.164485200439405,1.1716001889141294
GDR1_2067059732550905600,1.697983782470164,59.50473204134512,2.952728350383261,0.24469964546859257
GDR1_2163149317877028224,1.4273713334111655,54.98535456995013,3.6054109673117045,0.5694503319289432
GDR2_2162926254452857472,1.5261335326037941,56.76515243009071,2.5056780785880135,0.5752708587043744
2MASS_J20512139+4424054,1.4478242708487896,55.36748988844769,6.55807110343642,0.09341274106353659
GDR1_2162922337443238528,0.6370104466627307,32.49756220778968,2.3329245417224183,0.07372894966422905
GDR1_2067074301079809408,3.202813284082327,72.66030457212833,0.8855444664681422,1.579497861131502
GDR1_2162965699433784192,4.503919882969492,77.48175259529954,1.3060442306156599,0.7089735207369632
GDR1_2163156052385630336,3.39962222078771,73.60873614938758,1.432748383021161,0.5062965093028211
PSO_J205647.351+434127.587,0.8855763224325581,41.52734076053647,2.7137053012234733,0.0924781619807642
GDR1_2162924673904534272,2.8748844796545785,70.8202776062436,1.5385886341422255,1.1421161875628787
GDR1_2162946767216898432,1.2930270907652575,52.28238632883194,1.2173511126410677,0.2913462785558947
GDR1_2162122339654917120,2.5591299509331615,68.65653924096077,2.8832106730185325,0.344646219841537
GDR1_2163144644952565120,1.9042574644420318,62.2942809589425,1.1153136791580243,0.43547884809969073
GDR1_2163135367823138944,3.8065036098466853,75.28053262243373,2.7905998788317294,0.6977727212712601
GDR1_2162932851524210816,3.7503514161081086,75.0699194458244,1.4881651320027252,0.65506041137556
GDR1_2162976419671618816,2.0107949011284707,63.55811725095767,3.1723992755003856,0.7194558958919695
GDR1_2163066029870618624,0.9028649061383567,42.07777238129945,1.2978326972010885,0.6134018397744274
GDR1_2162221639298015872,1.7812418109781385,60.68988048846045,1.9634554257850754,0.6578512746712044
GDR1_2162951749379088640,2.3806358792025097,67.21487475494992,1.1965564797714994,0.656216548989474
GDR1_2162904161141389696,3.0396775374481075,71.78971136680161,1.0146149757184546,0.7711899740168962
GDR1_2162956903341232128,3.2014917146918824,72.65357613539317,1.4939387067298686,0.8175518495473142
GDR1_2163136746511218176,3.1191437951740917,72.22410797291151,7.458336787359763,0.596841797077496
GDR1_2163149661474923520,2.5553242685129445,68.62761793108997,6.707601441109336,1.5558936220704318
GDR1_2162948107246789120,1.5388100563500358,56.982062420894664,1.3920096068109522,0.7441099975525263
2MASS_J20475581+4329019,4.278229363117512,76.84379778702831,0.8386216330374239,1.6804329667764684
GDR1_2067062618768745728,1.3047048127053578,52.53139091409767,1.4555996685488226,0.39984547874085363
2MASS_J20522880+4418297,2.249335908118462,66.03123324527004,2.6511597491606262,0.7394494139426584
GDR2_2163136059317926016,2.7021735954419857,69.69187520183526,1.1372619380319169,0.48189079452953276
GDR1_2067026815919131392,2.485380379539177,68.08246836773823,0.5046291727716135,0.9485572464078933
GDR1_2162126187945624704,3.2095933934223995,72.69474437340227,1.612151393189904,0.6263765777666048
GDR1_2162933882314931968,1.302674695736418,52.48830421378463,1.1999254329337201,0.2105818075750543
GDR1_2162121961697794304,3.461187728634715,73.88503369959751,0.8699323786163222,1.3033324186131034
GDR1_2163138288400926464,1.7852502118907065,60.74482461639239,1.8436116126467221,0.7770547630534939
GDR1_2162952470933669632,2.6992482945744545,69.67166653640278,1.130123345058062,0.6477165844401336
GDR1_2162964977879706112,1.8784577378538079,61.971323104896264,6.440744184869734,0.26309400863350874
GDR1_2163139731509868160,1.0047123276873855,45.13468066572916,1.08296958847074,0.34506975610398705
GDR1_2162951027824541312,1.0358369768110285,46.00847734854017,1.8832635504827764,0.6353564517513783
GDR1_2162091003573281920,1.679567100405745,59.230790292122855,3.1229684955067487,0.6642783369177403
GDR1_2066794818967689472,1.3747535258133872,53.96774061740729,1.7242268615931928,0.2252077730304647
GDR1_2162975698125115392,1.7839504970255597,60.72702968963636,1.7204858323262924,0.6289473029746402
GDR1_2162947420052773760,3.332372278353774,73.29620796171704,3.163818282048754,0.7394284607093518
GDR1_2067026953358039552,1.7744084518591963,60.59577926964769,4.781001393503931,0.9291376093896115
GDR1_2163148768121199360,1.6301458457049678,58.47329690308576,2.155997212944358,0.24543051363524881
2MASS_J20505669+4417055,0.9435356797817503,43.33588982590963,1.120699443661759,0.38504736436612186
GDR1_2162977523478063872,1.053088406948606,46.481214345325554,1.6756812728524768,0.709147149029254
GDR1_2161843098061857280,6.858450212853488,81.70441461672482,87.18367034642932,1.0311055723093432
GDR1_2067034546860024960,1.729682629871215,59.966043536477976,1.7787555470083949,0.20751268794040012
GDR1_2067061691055800448,2.335578146065153,66.82135128865158,1.4232524623192615,0.7041583426348454
GDR1_2162127562335172992,4.241701272582166,76.73449052952735,2.235698507286678,0.25177749929999216
GDR1_2162965390195367296,1.374540952696801,53.9635257397463,3.831061689063502,0.9940672491232734
GDR1_2162903680105026176,2.0786118407015723,64.3082438694699,2.662182564816044,0.7678085260239946
2MASS_J20511252+4418093,1.4690402056342862,55.75623278997801,1.84431954925864,0.31793111319433365
GDR1_2163149214797802752,7.624031076421838,82.52750200736185,0.926545753857159,0.6548978717951641
GDR1_2163140315626346880,2.237597720888791,65.9197570976093,0.8957432249515368,0.7812543809410499
GDR1_2067034237622346240,6.849074614166106,81.69321726375641,1.2288866389975857,1.96462005688206
GDR1_2162220917743579520,0.8731163909979899,41.12474363402985,4.135799766957396,0.8059010807861529
2MASS_J20515226+4418213,1.2991583254894405,52.41347339154207,4.764836171673273,0.8480880954709056
2MASS_J20505966+4430153,0.9504357694479022,43.544320083516084,2.3048088351661393,0.761892007610077
GDR1_2162223086709799296,1.4197118321118611,54.84034794673612,3.2458320568841055,0.6282354697858024
GDR1_2162946080022052992,4.305679751911847,76.92478310410326,2.7550877533115212,0.387704170280295
GDR1_2162872928138757248,3.676751805787473,74.78478316311384,0.831782914820733,1.0550986368982196
GDR1_2162960820350057856,2.14484707096563,65.00348043582113,4.509366312208698,0.7502437448773218
GDR1_2162965772447499648,1.0714343519216052,46.97508820231256,2.9656389559971705,0.10800975177376237
GDR1_2162065306784469376,-0.03298885705350622,-1.8894370763682773,45.13505882710396,0.8552432791650924
GDR1_2162952470933666688,1.3624964108766093,53.72330864843115,2.139234537058365,0.9592935210378366
2MASS_J20534506+4425179,1.1098194776033472,47.97964789780566,0.7568232615717894,0.9009728305326719
GDR1_2066855807501721472,1.6856861491527062,59.32230033211087,1.7261269954934955,0.25844716977971016
2MASS_J20502061+4547221,0.8986779328532721,41.945334770457585,3.636209504382011,1.058605184773969
GDR1_2162940445026460544,0.9343548850997879,43.05633125647632,5.034017327508781,0.717681082718554
GDR1_2162942128652084096,1.1846059082848561,49.83019403842724,1.527715816405107,0.7634853719981338
GDR1_2162237101183363712,-0.4738969972996189,-25.356132665262937,64.13563519085531,0.17172705209149441
GDR1_2162939792190072448,1.3685282533504382,53.843952653220505,1.424852928411523,0.7314679265470461
GDR1_2162940067068027264,2.879083823335435,70.84621312278726,6.042460960829088,1.1348069371627156
GDR1_2162227205576431488,2.710491703794078,69.74912890179516,0.6078816988407547,1.7776702616346072
2MASS_J20533901+4403328,0.9776141331733035,44.35146048445933,1.4710688724464123,0.7826727730075893
GDR1_2162224147560188672,0.9432811632480151,43.328174178730556,5.45596072716376,0.49443150659186785
GDR1_2163148390164061056,0.9960256340420147,44.885916247359205,1.2617284443130745,0.5952110517761713
2MASS_J20470481+4349114,2.0035466597606746,63.4755329679944,2.9023288807224716,1.1138623079224486
GDR1_2163144576233088640,1.3570424078363734,53.6136228752003,2.8971326861427498,0.4592064851910709
GDR1_2162939173714801152,1.9500968276350779,62.8514734498944,2.199313039573692,1.3694474610062661
GDR1_2162967692305623296,1.4437182958708235,55.291361785877555,6.658324300811716,1.4856720680068367
GDR1_2162964187605719552,2.7563122550223547,70.05904632925173,7.54967463211755,0.7135125736000054
GDR1_2162958415178355072,1.0274695993327634,45.77623645386626,4.1940761946199805,0.6831126464744366
GDR1_2163142828184692096,1.0474932228175247,46.32878258870674,1.4469493647791862,0.5944963314787821
PSO_J205641.026+434300.610,0.8382815745412581,39.97248377326866,1.7419726664468205,0.14325238303742727
2MASS_J20521101+4408102,1.4141111158724915,54.73365363871395,1.7471458083501903,0.8168621723013438
GDR1_2162955803828352896,1.6489322395041581,58.765154754335725,1.9792501696110358,1.011557520999272
GDR1_2162955803828359040,1.5438598114296502,57.06777170713545,3.6547027562448697,0.5752909121749106
GDR1_2067032760152922112,1.8007002335704958,60.95485545396163,1.548111871710923,1.0185591364578759
GDR1_2162935737741690752,0.8113218954161349,39.05317635959561,2.251569190609012,0.45471993914031783
GDR1_2067045679428023680,1.2095344968437072,50.417270732645555,1.498782972155496,0.882056985305538
GDR1_2162928934512434432,1.068496836053096,46.896616896784835,0.48839896552631795,0.6451582361351433
GDR1_2162974186289213312,0.991337774890352,44.75076764179929,3.71254029414007,0.6995990872618689
GDR1_2162931580213813632,0.9444492063785558,43.36356716643774,0.8246210084471356,0.5280748991157176
GDR1_2162947729290416128,0.9586199110662028,43.78968258409737,1.5565718342525645,0.7738056667378892
GDR1_2162969929975644032,0.8370339923528763,39.930477289101184,80.7795312688721,0.7905515273071053
GDR1_2162947729289614848,1.2804365888391733,52.010746560092635,3.1865874668152987,0.5962789279314697
GDR1_2162932993257907584,0.3862573744647642,21.119421401004768,3.96454532096464,0.1178310909179957
2MASS_J20511748+4419138,1.0273161859214384,45.771960225995706,1.188977216909405,0.6604515044880293
GDR1_2162136598952029568,1.7214384716795776,59.84728809225029,3.1810770486268285,0.8803673500118756
GDR1_2162886156638197760,0.8771261910172252,41.25484891002026,4.750123031116893,0.5921299417788863
GDR1_2162939276794011904,0.977834241382947,44.35790814742554,1.0718318006467624,0.6232727289245714
2MASS_J20464241+4345102,1.221912113160051,50.70346728631927,3.1410780499432125,0.5738324927646499
GDR1_2162984872167881216,1.114846853659782,48.10839669358387,2.75659135866265,0.9457702879478238
GDR2_2162943193804036864,7.132681623231724,82.01916650954587,2.5165345129746544,1.321414493908751
GDR1_2162122064777006080,3.4075095499055355,73.64464697314546,2.7543751835233583,1.356578443020335
GDR1_2162597397400140160,0.9171154966764655,42.524417967109535,1.3957428720778535,0.3704616270665899
GDR1_2067068425564498688,0.9481337812996761,43.4749437499015,1.4477150728300616,1.216072781992143
GDR1_2162955705044326016,1.0622681051058338,46.72946282202471,1.787777129612792,0.5707043160222542
GDR1_2162962748790296320,0.6588859930188906,33.38032762741072,7.292692870525254,0.697116768773872
GDR1_2162938864478448896,1.163197828316544,49.314384503898054,4.260601526494117,0.7192157197071567
2MASS_J20523022+4424108,0.9226639839589803,42.696612618597044,4.440126383959388,0.9477853894055301
2MASS_J20483292+4351190,-6.437119828084055,-81.16974207147285,80.27107264614118,1.0718159291071458
GDR1_2067034306341810304,2.4985449121388483,68.1870853764609,13.28026905655749,0.7718250082181459
2MASS_J20534496+4404139,0.7363226575486821,36.365057729844324,6.463892416844235,0.8049098853503316
GDR1_2162221776736976896,3.7988405265286906,75.25213328405206,1.077490995547846,0.30733450408564966
GDR1_2067030011373814272,3.9251971986623806,75.7071305603828,0.8262917267405074,1.456107277050732
2MASS_J20475256+4345137,0.9835364104706723,44.52444909517229,1.265867238332534,0.5783761347560925
2MASS_J20475256+4345137,0.9817112352916973,44.471245222786,1.1770398981904768,0.5783761347560925
GDR2_2067128864343322496,0.9821090626903174,44.48285017128954,0.9592362623138252,0.5414118617454768
GDR1_2067128795623856256,1.03185243278461,45.89812648650584,2.4043333483534153,0.5005572495179869
GDR1_2067063722575028480,0.8989963539848419,41.95542609418134,6.231589502456795,0.467796969087388
GDR1_2163153578484316160,6.592815295397823,81.37510379564932,2.1572806608948625,0.809183613100565
GDR1_2163169761929937280,2.0020525213525113,63.45844968936283,3.650875946434191,0.856779445678054
GDR1_2163139804527939968,2.13935539555859,64.94717827135099,2.189540822186875,0.9321401818724668
GDR1_2163140453064444544,2.4602651605662547,67.88021231595373,2.602338152245773,0.7198500396140064
GDR1_2163168524970607616,1.1185066174839857,48.201717670067524,1.540004211942202,0.7155229858208898
GDR2_2163140143827638272,0.9049341429905466,42.14302076639632,1.6853663886593104,0.668491579779217
GDR1_2163136810933010048,1.6301040133095808,58.47264155216349,2.4068350680928554,1.0859640668039834
2MASS_J20505568+4421442,0.9774584798255876,44.346900050966454,2.0999206546247144,0.7932780339281043
GDR1_2163136712151471360,0.8091727600519159,38.97884110556802,10.996260188685946,0.7079248331279375
2MASS_J20505838+4414444,1.0607016590951999,46.68726192941199,3.8696969595066903,0.14503702451371048
GDR1_2163140281266601728,1.2277258808311957,50.83669956005634,3.013095334761013,0.748983323816458
GDR1_2163143133124910976,1.094173212532685,47.574808458931486,3.643158968860452,0.7864765624385077
GDR2_2163137120170654720,3.0296983199707035,71.73370688753437,3.1473711847227803,1.2012905308668627
GDR1_2163135470902128000,1.062095290674789,46.72481034661556,2.4389991582684525,0.8479059080046416
GDR1_2163137360688842752,1.473618179182361,55.839112598909374,1.30796296886153,0.5638720121808656
GDR1_2163143481019730688,3.441506144013998,73.79769655875955,2.530567710599048,0.5134983043867445
GDR1_2163141793095097344,0.9164322948069249,42.50314921983639,1.7960554943525597,0.7392053617572936
GDR1_2163141930532987008,0.9809687039513213,44.44957262821729,1.0509960041735547,0.580702638430914
GDR1_2163138597639123456,4.652659619621528,77.86990785628551,1.301170118861085,1.283405398750869
GDR1_2163139151692568576,7.278474649255371,82.17702906735818,1.2336328934399314,1.6457432312774785
GDR1_2162948691363126144,2.705717320765083,69.71630459978203,1.6070913052741296,1.1278430968434767
GDR1_2163144851111005056,2.0326915802262353,63.804726094895095,2.3961389579896917,0.8966718691440141
GDR1_2163146569098464384,2.0790353184306793,64.31280338326613,5.573073228281072,1.2544767974400797
GDR1_2162955258367740800,0.9693825213998429,44.10930915166054,14.906700143274433,0.5723395713757138
GDR1_2162957040779711616,2.729738035669591,69.88042316850897,3.9569264497318284,0.9989953720105023
GDR1_2162930652500328832,1.2141840802335606,50.52518674018097,0.9483851434242562,0.7618856804608449
GDR1_2162958488183262208,-0.0016901341742719992,-0.0968374627895522,83.23585407982071,0.7768455715458913
GDR1_2162944946150831232,1.1497767477769703,48.985404885604815,2.391664664642846,0.7563120838395885
2MASS_J20522940+4438404,0.9950449546295541,44.857696137322826,1.1429470612282455,0.8345540772955848
2MASS_J20523394+4429168,1.2389729855335445,51.09230324441718,1.5893396525177232,0.3467223154625607
2MASS_J20523441+4438246,1.199981088374355,50.19398482314005,2.0829612061397875,0.6793483807662257
2MASS_J20524172+4434072,0.9523119209618333,43.60074488555841,0.9376375809377047,0.6616625572907111
GDR1_2162939208074527616,4.220043248292822,76.66883433104631,0.7624039850436316,1.6642167501454832
GDR1_2163173197895753856,1.371381641951052,53.900782644308734,13.827235758617954,0.9099660366692119
GDR1_2162984562930222208,1.0888193737387732,47.4348259011541,6.201299799860031,0.8543383855660398
GDR1_2162983772656231424,1.0407150876392053,46.14297838158033,1.8738787299829864,0.8585438465887312
GDR1_2162936596735173888,0.8875657262039818,41.59116155209674,0.8293043153588652,1.257525086618565
GDR1_2162936184418271104,1.033430303604204,45.94187775187586,0.4981713152163347,0.7011234120828291
GDR1_2162884782249510656,0.7320096619934745,36.2044881715823,2.761654788103052,0.7816860192424877
GDR1_2162963912729356032,3.504949847493519,74.0759803274324,3.4041029300743104,0.9647428805310554
2MASS_J20535805+4418556,0.9338887329672847,43.04206831479453,26.68062513851671,0.36958136623795346
GDR1_2162966146109606528,1.0806417397751902,47.21956512084399,3.928662131409902,2.189205555231826
GDR1_2162966798944728320,0.9756004876735924,44.292408554337456,3.7740527175454215,0.5460483504414473
2MASS_J20542793+4425037,2.5241923622417546,68.38819708138398,8.665023288129264,0.7059506557368325
2MASS_J20551100+4422132,0.8603002982701851,40.70542024928334,2.9334888449462424,0.9584148357679316
2MASS_J20561812+4348116,1.051818780044939,46.446700088887745,0.5293956964293305,0.5557068171803934
2MASS_J20561960+4345387,1.069283736934014,46.91766032461114,1.2309968676507916,0.8406586772270654
2MASS_J20562950+4314535,1.081123856871554,47.23230467626304,2.949664044023764,0.9624006933997489
GDR1_2162139210286483840,1.0320422336907935,45.90339294508473,0.8495134439211613,0.5574291177640238
2MASS_J20564400+4346000,1.1966356607699613,50.115297027425065,2.0154552496298996,0.3859986818582959
GDR1_2162135327636039936,2.5344417567955118,68.46758243354769,0.6295799535265096,1.4023427098340329
2MASS_J20570162+4341387,1.013704412662046,45.38992459825174,1.68390259331789,0.4732484944760653
PSO_J205702.685+434143.663,0.983063929570784,44.51068558525452,5.149285866287629,0.5060539228106418
GDR1_2162123198648385024,0.9664835097850129,44.02355269892531,1.2772076516616788,0.464154996229313
GDR1_2162239506362783488,1.6019559697315322,58.02606914232731,2.0497646775249625,0.6689603830290589
2MASS_J20581428+4353046,0.9778032500854524,44.357000400495394,1.7197069806780734,0.6986254975122446
PSO_J205818.503+435346.014,1.7048940340057976,59.606385388015774,2.4178212237845647,1.0089591136388174
GDR1_2162221673657763584,2.740799407799765,69.95514548126663,4.264290553370721,1.0861781078258348
2MASS_J20584906+4353167,0.991299049685567,44.749648573282336,0.8652018155243179,0.5213238961279512
GDR1_2162235726791704960,5.209271503557579,79.13338543459936,1.8531677934051884,1.1218504617080391
GDR1_2162235795513138560,1.6847151794786068,59.30781233813711,3.8430770314313456,0.7248586605723553
GDR1_2162232531340072832,1.4623747552034765,55.63492822978684,2.3599850578630623,0.7771054669064319
GDR1_2162236383929026816,0.2801905633218043,15.652370653936833,39.591358660392636,0.38092095383873215
GDR1_2162231676644797824,0.8932013318726701,41.77127081080019,1.0624691431627573,0.5283874689505144
FHK_1,1.284689029557039,52.10286380736172,2.2539789986794707,0.6642719311876935
FHK_7,0.9144237894714283,42.44053857566882,1.088468463262309,0.2500018824291965
FHK_8,1.009427727479129,45.26881535679544,2.0033462449463624,0.4167956095595642
FHK_14,3.495364391126097,74.03453417906715,87.35237693804457,0.8425884658944582
FHK_15,4.451889012573684,77.34013699109343,1.4911155452732991,0.4688903894807872
FHK_17,1.0049214057239748,45.14064152844909,1.1913750925127784,0.4362306564701295
FHK_21,1.1357443533957665,48.63673251065784,1.4148545165247577,0.38687832195578054
FHK_22,0.9776002232703123,44.351052971907194,1.4591445195014243,0.45476917498813396
FHK_24,0.7351461020560142,36.321320985500954,3.3940497646457586,0.277477750618627
FHK_25,0.9542866640904871,43.66002070127093,0.8352526004413812,0.21945150919085066
FHK_26,4.075048911479395,76.21230625948283,2.437581960047616,0.24931772978669375
FHK_28,1.1057211842923305,47.87421514776735,2.157436975866668,0.23591415069901966
FHK_32,1.941926550689638,62.75368207129381,0.7941601810557729,0.664317012804954
FHK_35,1.598708356212492,57.97381658946397,3.3226891008135806,0.3906126886462453
FHK_36,7.580613823088216,82.48519174479507,0.5541616742377024,1.141466155657982
FHK_40,1.9393289908858373,62.72245502071992,1.4710957051411624,0.5016745420999045
FHK_42,7.346147809844565,82.24821455353225,3.228058213998554,1.0658549094633454
FHK_43,6.5265566045837025,81.28887894969034,4.439203856862812,0.26741968944338446
FHK_44,1.2733400395435168,51.85617063319634,2.1571228659094244,0.6217080012302345
FHK_45,1.0672645109677081,46.86362864722581,2.1961332155967095,0.17741463313650252
FHK_46,2.1500466116007284,65.05656972108365,2.575243941865303,0.1531039458018424
FHK_47,1.057346554797716,46.59665127378486,3.626010060906015,0.14503702451371048
FHK_48,2.4546381151944865,67.83440991434111,1.8946656572861422,0.3284626775949837
FHK_51,0.8851877027658224,41.51485897874956,2.747509767490272,0.15496732148536507
FHK_56,1.5424614711789584,57.04407728752591,2.241955700462551,0.45799089547379257
FHK_62,2.4171718366401644,67.52479627062567,1.5628206122633004,0.20632302369088684
FHK_67,3.427246193163855,73.73384022735287,2.4513503343298844,0.5134983043867445
FHK_68,0.9175514470385494,42.53798196739559,3.693763975756232,0.6503848144123845
FHK_70,1.084413107423589,47.31905727337896,1.4290379707055874,0.28329409807536043
FHK_71,1.003916250436301,45.111972910946434,0.5238795028328302,0.4993584987673265
FHK_75,1.3516566829719912,53.504748096793925,1.659946089416328,0.2734502094566471
FHK_79,2.8362285261337727,70.5783231482179,3.659891848010605,0.25896345931670517
FHK_82,4.922782497144247,78.51734016080765,1.8585770756055715,1.4255582716691997
FHK_86,3.4069086465223255,73.64191646110206,1.5461877893095006,0.4877991030237636
FHK_87,1.2074540905456623,50.36882507643824,9.97576103950178,0.7989829990544401
FHK_88,2.6156012376853943,69.07708119794893,8.021892271467433,1.2313965616931446
FHK_92,1.3392493991350756,53.25178424585165,1.8560274309637073,0.9345037024992409
FHK_94,1.0124492292102056,45.35443338549908,2.605859711930096,0.6989623483526577
FHK_98,1.2945518967595988,52.31505966864606,10.074967348127034,0.6269093618722397
FHK_101,-30.757501424747556,-88.13783300409362,1.7374124899179129,1.1675613010205836
FHK_115,2.5531524966825665,68.61108003042233,2.947334144201483,0.25531117142808313
FHK_118,1.2076578274101428,50.373573796377904,2.003860451868282,0.442002638988662
FHK_121,1.3842883045600034,54.155921886318346,13.12175463672297,0.16905787053348398
FHK_123,2.1119810330937723,64.66295508332954,1.1444236525199913,0.7999529273649353
FHK_127,1.5053857486006466,56.40464485483745,6.292557017097761,0.28356559790227953
FHK_130,1.152940615883099,49.06335220352271,2.760585866638568,0.15836274026041997
FHK_132,1.0409069896811303,46.14825618240039,0.6553913457744006,0.6832380653629899
FHK_133,2.1024476166196138,64.56255234664448,2.9148486280022774,0.2594094136032643
FHK_134,1.2874007017038298,52.161406614478395,2.597295797414629,0.5326471679906932
FHK_137,1.519919407315829,56.657897718910135,3.399845762875804,0.34096730407063447
FHK_138,1.965250614773176,63.03114400534058,3.716340141089072,0.6974003696791193
FHK_142,0.9316206848903886,42.97257771058982,1.8946280566497355,0.12104367310475883
FHK_146,3.007694327776066,71.60903489165898,3.3181252929560574,0.373262691283486
FHK_148,1.0445858111390787,46.24923785312072,1.1934650157510398,0.4580058504370945
FHK_150,1.1569344491841815,49.16139918572199,2.8354031688917587,0.43101687983995207
FHK_153,1.270285472582634,51.78930784134299,4.135109306669606,0.1723519312482158
FHK_154,1.1203494664192102,48.24858047487199,2.946804158902096,0.14357830842691577
FHK_155,0.8815010769746804,41.39621126840884,2.354388171119459,0.17144653013818623
FHK_158,0.6704878946823716,33.84137433315584,5.381807405789416,0.1234963806547924
FHK_159,1.0311790466821205,45.87943379256322,1.1530797181725494,0.29625352535037
FHK_161,1.069819679517125,46.93198313037717,1.1049504755142863,0.7248198325365953
FHK_163,3.5538171222491566,74.28405750729323,1.080574752566483,0.6887493803862128
FHK_164,2.131628829786513,64.86756055336687,2.2644894457776275,0.5797402435853378
FHK_165,0.6031260811949579,31.095274372545113,5.026211329261051,0.10749743096006537
FHK_170,1.0709139014699607,46.96120191185033,4.779978876110934,1.0221159114925742
FHK_172,2.689125551334748,69.60143805443514,2.448958551091264,0.2862649801417678
FHK_173,1.2290452471345472,50.866829573249774,1.153669012379529,0.6290100599016322
FHK_176,1.1732983230568248,49.55910607412601,2.319440122392653,0.1858680368297727
FHK_179,1.5034582571156736,56.37080253745368,1.5795727376580004,0.8713911453950227
FHK_181,2.3729314463155577,67.1484849823306,1.4720384415980425,0.4501950011539231
FHK_182,1.2480336710373274,51.29618374735656,1.7056533120067638,0.25378508424097923
FHK_183,1.2267518493873328,50.81443087400204,2.3739686850539528,0.24118705114865868
FHK_192,1.7929626660713307,60.85001444414038,2.0565408818343642,0.3724924024821017
FHK_194,0.9627806306581805,43.91365484309432,1.9887224432730164,0.10217460983361315
FHK_195,1.667145431354146,59.04350313343703,1.775827308839421,1.0995002320851217
FHK_196,1.4621668002479489,55.63113152936038,5.140681913914383,0.7740597352630898
FHK_200,1.2802673132064304,52.007071807228826,2.323764195261395,0.19446704815510252
FHK_201,1.1353515808246846,48.62690306594145,1.4099823723159284,0.7257444158323652
FHK_203,1.3727532850367414,53.92804629812214,1.3912303233857786,0.6725244491539177
FHK_210,5.055378443723388,78.81081797003428,2.674194834636801,0.9988003757958115
FHK_213,1.4665188827474698,55.710435723925194,1.5895359759849135,0.8250382470818405
FHK_216,3.6399274344479395,74.63809190614049,0.879361662616319,0.2840919994087665
FHK_217,1.1211304339177768,48.268414247820004,1.186088263097008,0.4624247079799444
FHK_226,2.6089838272250074,69.02862176180646,2.8190815512036256,0.46124980843918095
FHK_227,1.1576641541523431,49.17927131464594,8.552410779474267,0.3483467915311431
FHK_234,1.1758640109029956,49.62088141541083,4.187499169860464,0.6359393411333549
FHK_240,1.042575840527213,46.19411124051731,0.8896402047409243,0.6725454045704562
FHK_244,1.1554941256323168,49.12608450031022,1.6535639676102598,0.3107864411388901
FHK_251,1.5360154538538209,56.934459502410675,1.6432327319660318,0.24620105428744932
FHK_253,0.8407887387194611,40.056744877399666,3.5414883401064308,0.09994585126527467
FHK_255,1.847259759607732,61.57143860750391,2.390030707710173,0.7553757791005777
FHK_261,2.14595776947127,65.01483884406869,3.75274766537714,0.7591501785975163
FHK_272,1.1067461752402585,47.90062440245575,0.8576260651115644,0.4776458435188071
FHK_273,0.9608813284535471,43.85712741520899,0.676228103945172,0.7139695673970445
FHK_278,3.172742922252111,72.505946350492,2.8507995853568264,0.16847777730894276
FHK_281,1.9097334233429246,62.36194855057267,2.9950607108406575,0.3119817109989418
FHK_282,1.4554337122007655,55.507804732366836,1.7803163845891037,0.2325896134478147
FHK_284,1.0725291184025205,47.00427446330613,2.083464071948968,0.8311637669103122
FHK_285,3.452723780802276,73.84758746378759,1.2102014763568152,0.9227762624638327
FHK_286,1.1139646810126358,48.08585118913222,1.5104761335418961,0.5896967851409554
FHK_289,1.2684333439835813,51.7486689819035,1.9312497859529454,0.659698149196517
FHK_300,1.2063200969141152,50.342376458165134,1.5786424491855071,0.5569771305190896
FHK_315,3.6739814328194584,74.77384249595558,56.34605967421189,0.10189581993618191
FHK_317,1.214423549542047,50.530731453688695,3.461840099483542,1.1200670199109735
FHK_323,1.2261118676915064,50.79978779392852,1.3009310454616303,0.3231153442172672
FHK_324,1.017330066345633,45.492192751285394,1.2837075863893073,0.5551783822751863
FHK_327,1.7918927893795193,60.83546367903802,2.798032571525927,0.9933621428720008
FHK_337,0.9191453754276907,42.5875247532698,63.12179342478452,0.1773204440818148
FHK_344,2.588789641429118,68.87940554547731,2.1315338605391125,0.9480128255628459
FHK_348,0.8335256259281247,39.812072640468216,1.2238706833675645,0.1782283972105403
FHK_352,0.9601589984962724,43.83560110672593,1.2030414466272634,0.24754601310841862
FHK_361,1.4168085549924767,54.785110460142356,1.4843983834550754,0.6726985042347868
FHK_362,1.741980153852296,60.14161822695414,2.8595434374811104,0.7031575642826722
FHK_370,0.9927630528555612,44.79192473260506,1.4842379939687258,0.2026883343938497
FHK_371,1.4810460768653795,55.972839823868846,2.5269399008667874,0.180604475936057
FHK_372,2.095018603214178,64.48379617974065,2.615503548079799,0.3279065576460187
FHK_373,0.940529308540189,43.244626637042984,0.8867748274089379,0.17599182394822233
FHK_375,1.0217173698252884,45.61544991102787,1.6704348102501883,0.48476478843071624
FHK_380,1.1315321361564998,48.531118446470906,1.835154676694008,0.5696493930978415
FHK_384,0.5775973946647964,30.010618298683617,2.414094591600441,0.07532735094253007
FHK_386,1.07219100078957,46.995263715448445,0.6233842032824675,0.5417632055757786
FHK_387,1.001351008453316,45.03867740859882,0.9929322440648717,0.43535010751973946
FHK_388,1.2698640409576258,51.78006734265975,2.0372577101073266,0.1935758961358327
FHK_390,0.9182165857977885,42.55866550357477,1.3872202777496783,0.4367766475757442
FHK_392,0.9636778352743163,43.940320346807475,0.9266641708811734,0.2597526633638054
FHK_397,0.9652211237585274,43.98613198778303,8.518961726931325,0.532825346663282
FHK_398,0.9766390487053356,44.322880117126516,1.1276307797704546,0.2418519061272586
FHK_400,0.9661936086466134,44.01496338045566,0.9019044315147637,0.3395401621876992
FHK_402,0.8633669499606098,40.80624109525265,1.2348013771623507,0.28341794388170505
FHK_405,2.9818327391520203,71.4603901343237,1.6529731375655154,0.5988334316820136
FHK_406,0.6115573264976858,31.448176453382615,9.581729839019395,0.4686612874282734
FHK_408,4.329889011517434,76.99539754925698,2.236903447250255,0.19160214353299398
FHK_409,11.903727266369463,85.19801126240522,2.2379311849722505,1.1456248602311305
FHK_413,0.9736340911291582,44.234627405584256,0.8200943009793334,0.5732031809123077
FHK_418,3.7247008837663285,74.97173840705197,2.53564993310232,0.23673011933343702
FHK_424,0.975236673497503,44.28172669791564,0.9221548660898157,0.3876443368162743
FHK_426,2.725044563244206,69.84855599957083,2.4634818398008,1.3398578531158933
FHK_427,1.330831098927938,53.07842801403881,3.8974529866088132,0.6422953752712299
FHK_429,1.0135864549914257,45.38659115650453,0.9755785043919106,0.6987804494464567
FHK_430,1.9898740447904866,63.31844218705036,3.0141752983357093,0.291943887225393
FHK_431,0.5989208771026807,30.918272249365682,16.287054393672154,0.17273882168576726
FHK_433,1.3131611005110262,52.70995953745891,1.5269513383517346,0.663469250486282
FHK_434,2.3251223418515448,66.7281901867517,2.9024019933885725,0.3279780863383088
FHK_438,1.2268698393334165,50.81712953705094,1.588287831108706,0.6643361120045239
FHK_442,2.373348182146472,67.15208539716984,0.8605952766657106,1.1094197307409788
FHK_444,13.388197230853352,85.72835813014439,88.83639298539762,1.2428854460502237
FHK_445,1.0025064100004613,45.07171344823047,1.1735500671643437,0.23150514473849215
FHK_447,0.9851391863712201,44.571090026359904,1.0517116456288051,0.694053000880531
FHK_449,0.9744417197676848,44.25837273843548,0.6212064385494946,0.45913435835418737
FHK_451,3.994566432900438,75.94542012146486,2.3504627549563706,0.6217009546479773
FHK_452,0.8046239925775494,38.82099015480831,1.9271880533748933,0.09297365136874758
FHK_455,1.8967738673010706,62.20130975449399,1.8867504581193508,0.22852803269819866
FHK_456,1.3903422797324316,54.27452362080879,10.17832186607465,0.3656824846265585
FHK_459,2.1974379159724315,65.53088453252025,1.7673174203685433,0.3149588706052677
FHK_460,2.0190917264671486,63.65206479826858,4.017228116433305,0.7321524135933846
FHK_461,1.216401947335464,50.57648980036299,18.93381679878804,0.722335648653837
FHK_464,0.9840185964939399,44.53848861603274,0.6367460617592862,0.5245779315148145
FHK_468,0.9708049277472408,44.15129495857554,0.9311961026722161,0.6494082139672317
FHK_471,1.2278568306278437,50.83969176568791,1.5748345027379946,0.8252570703380893
FHK_473,-7.2674320515285915,-82.16528985945091,0.8238863292412212,1.3068635079716753
FHK_474,1.123770839041253,48.33535722027805,3.997973245542307,0.5192153443247913
FHK_479,0.3439796329881622,18.982173588274467,13.838693848744107,0.08684595470774958
FHK_485,0.8914912538600397,41.71672466039316,1.0659634837703165,0.5283874689505144
FHK_486,0.8963727320866591,41.87218355654714,1.0584329894575624,0.6086832763955314
FHK_489,1.3438393969463953,53.345717122770886,2.2847162782986055,0.1853476575507389
FHK_490,1.2711640487023066,51.8085597280212,1.8336181651926893,0.4665878965232948
FHK_493,0.9795486377588478,44.40807968460035,4.790698535133424,0.1631234883421424
FHK_495,0.7051453712065611,35.18940004630289,1.528969692204663,0.10023702846213967
FHK_496,0.8599535943226362,40.694002578663714,4.281439289189127,0.3933648551336879
FHK_500,1.622345346362283,58.35066953426377,7.931585842083112,0.5203810836009906
FHK_506,1.7417306257168046,60.13807417744437,3.758976144032403,0.4698820876902001
FHK_508,1.012099665712913,45.34454129405233,0.7969141072756213,0.3026349659815537
FHK_509,0.9955221182424769,44.87143049285763,1.8934627238504553,0.843737624289775
FHK_510,0.9548754031393736,43.67767025278124,1.434603365980026,0.5876301264810744
FHK_511,1.1067737678010363,47.90133496236773,1.5889941560803562,0.5544880193203063
FHK_512,0.027338083631892596,1.5659667705149893,28.082048739872267,0.19944890151183436
FHK_514,1.0444445044061703,46.24536590989454,1.7766347862201872,0.4697243011082919
FHK_515,1.0258585602062735,45.731297800390585,3.385104480493387,0.7628689101385651
FHK_516,0.9051658546423684,42.15031887349119,1.7785950584665386,0.5571726798958494
FHK_517,1.4269640661068532,54.97767061344354,2.1293859943979525,0.1942371919138921
FHK_518,1.1591926626146198,49.216666158585895,1.4350065347026824,0.5801355185844486
FHK_519,0.9253587292327586,42.77989982565024,1.4309549938595394,0.4511058235591938
FHK_520,0.8834605621657005,41.45932797003445,2.700266213292688,0.494403138332153
FHK_521,0.9432695032798778,43.32782066081817,1.3263528977055408,0.6548300872602058
FHK_522,0.9777776988569882,44.3562519741098,2.090017163081794,0.6217175252131866
FHK_523,1.0449382903996496,46.25889374899661,1.8562143086842084,0.7217580519512046
FHK_524,2.061464326476888,64.12234421164264,4.53240206769946,0.8909557282066025
FHK_529,1.2365643647010918,51.037800890575106,2.541115997464353,0.8957481600583788
FHK_530,1.5736136378240604,57.5648576669132,2.668832276718342,0.30371669687955816
FHK_531,1.2054081607663036,50.32108559071006,1.9938808458204804,0.32529496916752976
FHK_532,1.2227453090688656,50.72260799852343,1.7308001444464165,0.5152489280891803
FHK_535,0.968197726292975,44.07429142587093,0.7158160225254466,0.6581355902446386
FHK_536,0.9837840013004244,44.53165889414839,3.296879458497305,0.9507126786531042
FHK_537,1.0141665016574481,45.402979282387555,1.5472083758806645,0.6346010096306229
FHK_538,1.0132297708530513,45.37650899757367,0.6132981495871896,0.7455070605179213
FHK_541,1.1972701710779874,50.13024125356712,1.8563811673871369,0.5605691965001154
FHK_543,1.8097275448450132,61.07630489460567,2.005938911742547,0.17981978048843494
FHK_549,0.8437473570449778,40.15591116816277,37.12653570413854,0.08074654729809083
FHK_551,1.7217640823077438,59.851994584157886,3.435890812886898,0.7488862707728656
FHK_555,3.2480688177610153,72.88769622571613,5.110664718456303,0.7873418262647993
FHK_560,1.0303464139259284,45.85630312765503,0.8469201788117809,0.5901564511190163
FHK_561,1.007128074811688,45.203478238838244,1.4441234273004844,0.5176759839805745
FHK_562,0.8647396386449253,40.85127133072888,1.5201726381967093,0.09323894386562981
FHK_566,1.311732756820523,52.67989982625428,1.543707726850728,0.34922566053272863
FHK_567,2.013644251138234,63.590451353762454,4.941178463041104,0.3588721073787955
FHK_569,1.021987005615866,45.623007454171315,12.581371011237511,0.20763849253754962
FHK_571,1.2398145676553718,51.1113163604597,1.590116030740055,0.46782821174916567
FHK_573,1.1176152443276715,48.17901964597082,1.6364529742431602,0.1999377790623713
FHK_574,1.029703929895996,45.83844166044742,1.5089834654980545,0.7489606848129631
FHK_575,1.1317708585222863,48.537115803962195,1.1844472516394953,0.4989633937926037
FHK_576,1.1489209131726958,48.964277934002524,1.8548379455375121,0.5614898231393721
FHK_577,6.542171109183648,81.30935238656285,1.8245085899210531,1.346308891583627
FHK_578,1.1932576879693533,50.035580448387435,2.2169724007931144,0.8010997010623933
FHK_579,4.1424926830509525,76.4284158356331,4.891111225972665,0.12850437347939359
FHK_580,0.9858823205608473,44.59268995251078,1.618770596276767,0.4703138389147994
